
[000001 ms] Restaurante inicializado
CLIENTES {}
MOZOS {1=INICIALIZANDO, 2=INICIALIZANDO}
COCINEROS {1=INICIALIZANDO, 2=INICIALIZANDO}
CAJEROS {1=INICIALIZANDO}
MESAS {1=LIBRE, 2=LIBRE, 3=LIBRE}

[000010 ms] RESTAURANTE ABIERTO
CLIENTES {}
MOZOS {1=INICIALIZANDO, 2=INICIALIZANDO}
COCINEROS {1=INICIALIZANDO, 2=INICIALIZANDO}
CAJEROS {1=INICIALIZANDO}
MESAS {1=LIBRE, 2=LIBRE, 3=LIBRE}

[000011 ms] Mozo 2: esperando tareas
CLIENTES {}
MOZOS {1=INICIALIZANDO, 2=esperando tareas}
COCINEROS {1=INICIALIZANDO, 2=INICIALIZANDO}
CAJEROS {1=INICIALIZANDO}
MESAS {1=LIBRE, 2=LIBRE, 3=LIBRE}

[000011 ms] Mozo 1: esperando tareas
CLIENTES {}
MOZOS {1=esperando tareas, 2=esperando tareas}
COCINEROS {1=INICIALIZANDO, 2=INICIALIZANDO}
CAJEROS {1=INICIALIZANDO}
MESAS {1=LIBRE, 2=LIBRE, 3=LIBRE}

[000011 ms] Cocinero 1: esperando pedidos
CLIENTES {}
MOZOS {1=esperando tareas, 2=esperando tareas}
COCINEROS {1=esperando pedidos, 2=INICIALIZANDO}
CAJEROS {1=INICIALIZANDO}
MESAS {1=LIBRE, 2=LIBRE, 3=LIBRE}

[000011 ms] Cajero 1: esperando clientes
CLIENTES {}
MOZOS {1=esperando tareas, 2=esperando tareas}
COCINEROS {1=esperando pedidos, 2=INICIALIZANDO}
CAJEROS {1=esperando clientes}
MESAS {1=LIBRE, 2=LIBRE, 3=LIBRE}

[000011 ms] Cocinero 2: esperando pedidos
CLIENTES {}
MOZOS {1=esperando tareas, 2=esperando tareas}
COCINEROS {1=esperando pedidos, 2=esperando pedidos}
CAJEROS {1=esperando clientes}
MESAS {1=LIBRE, 2=LIBRE, 3=LIBRE}

[000476 ms] Cliente 1: llegó al restaurante
CLIENTES {1=llegó al restaurante}
MOZOS {1=esperando tareas, 2=esperando tareas}
COCINEROS {1=esperando pedidos, 2=esperando pedidos}
CAJEROS {1=esperando clientes}
MESAS {1=LIBRE, 2=LIBRE, 3=LIBRE}

[000478 ms] Cliente 1: esperando afuera
CLIENTES {1=esperando afuera}
MOZOS {1=esperando tareas, 2=esperando tareas}
COCINEROS {1=esperando pedidos, 2=esperando pedidos}
CAJEROS {1=esperando clientes}
MESAS {1=LIBRE, 2=LIBRE, 3=LIBRE}

[000951 ms] Cliente 2: llegó al restaurante
CLIENTES {1=esperando afuera, 2=llegó al restaurante}
MOZOS {1=esperando tareas, 2=esperando tareas}
COCINEROS {1=esperando pedidos, 2=esperando pedidos}
CAJEROS {1=esperando clientes}
MESAS {1=LIBRE, 2=LIBRE, 3=LIBRE}

[000952 ms] Cliente 2: esperando afuera
CLIENTES {1=esperando afuera, 2=esperando afuera}
MOZOS {1=esperando tareas, 2=esperando tareas}
COCINEROS {1=esperando pedidos, 2=esperando pedidos}
CAJEROS {1=esperando clientes}
MESAS {1=LIBRE, 2=LIBRE, 3=LIBRE}

[000958 ms] Mesa 1: OCUPADA - clientes eligiendo
CLIENTES {1=esperando afuera, 2=esperando afuera}
MOZOS {1=esperando tareas, 2=esperando tareas}
COCINEROS {1=esperando pedidos, 2=esperando pedidos}
CAJEROS {1=esperando clientes}
MESAS {1=OCUPADA - clientes eligiendo, 2=LIBRE, 3=LIBRE}

[000960 ms] Cliente 1: sentado en mesa 1 - eligiendo menú
CLIENTES {1=sentado en mesa 1 - eligiendo menú, 2=esperando afuera}
MOZOS {1=esperando tareas, 2=esperando tareas}
COCINEROS {1=esperando pedidos, 2=esperando pedidos}
CAJEROS {1=esperando clientes}
MESAS {1=OCUPADA - clientes eligiendo, 2=LIBRE, 3=LIBRE}

[000960 ms] Cliente 2: sentado en mesa 1 - eligiendo menú
CLIENTES {1=sentado en mesa 1 - eligiendo menú, 2=sentado en mesa 1 - eligiendo menú}
MOZOS {1=esperando tareas, 2=esperando tareas}
COCINEROS {1=esperando pedidos, 2=esperando pedidos}
CAJEROS {1=esperando clientes}
MESAS {1=OCUPADA - clientes eligiendo, 2=LIBRE, 3=LIBRE}

[001462 ms] Cliente 3: llegó al restaurante
CLIENTES {1=sentado en mesa 1 - eligiendo menú, 2=sentado en mesa 1 - eligiendo menú, 3=llegó al restaurante}
MOZOS {1=esperando tareas, 2=esperando tareas}
COCINEROS {1=esperando pedidos, 2=esperando pedidos}
CAJEROS {1=esperando clientes}
MESAS {1=OCUPADA - clientes eligiendo, 2=LIBRE, 3=LIBRE}

[001463 ms] Cliente 3: esperando afuera
CLIENTES {1=sentado en mesa 1 - eligiendo menú, 2=sentado en mesa 1 - eligiendo menú, 3=esperando afuera}
MOZOS {1=esperando tareas, 2=esperando tareas}
COCINEROS {1=esperando pedidos, 2=esperando pedidos}
CAJEROS {1=esperando clientes}
MESAS {1=OCUPADA - clientes eligiendo, 2=LIBRE, 3=LIBRE}

[001550 ms] Cliente 2: eligió Milanesa - esperando mozo
CLIENTES {1=sentado en mesa 1 - eligiendo menú, 2=eligió Milanesa - esperando mozo, 3=esperando afuera}
MOZOS {1=esperando tareas, 2=esperando tareas}
COCINEROS {1=esperando pedidos, 2=esperando pedidos}
CAJEROS {1=esperando clientes}
MESAS {1=OCUPADA - clientes eligiendo, 2=LIBRE, 3=LIBRE}

[001755 ms] Cliente 1: eligió Milanesa - esperando mozo
CLIENTES {1=eligió Milanesa - esperando mozo, 2=eligió Milanesa - esperando mozo, 3=esperando afuera}
MOZOS {1=esperando tareas, 2=esperando tareas}
COCINEROS {1=esperando pedidos, 2=esperando pedidos}
CAJEROS {1=esperando clientes}
MESAS {1=OCUPADA - clientes eligiendo, 2=LIBRE, 3=LIBRE}

[001758 ms] Mozo 1: tomando pedido mesa 1
CLIENTES {1=eligió Milanesa - esperando mozo, 2=eligió Milanesa - esperando mozo, 3=esperando afuera}
MOZOS {1=tomando pedido mesa 1, 2=esperando tareas}
COCINEROS {1=esperando pedidos, 2=esperando pedidos}
CAJEROS {1=esperando clientes}
MESAS {1=OCUPADA - clientes eligiendo, 2=LIBRE, 3=LIBRE}

[001891 ms] Cliente 4: llegó al restaurante
CLIENTES {1=eligió Milanesa - esperando mozo, 2=eligió Milanesa - esperando mozo, 3=esperando afuera, 4=llegó al restaurante}
MOZOS {1=tomando pedido mesa 1, 2=esperando tareas}
COCINEROS {1=esperando pedidos, 2=esperando pedidos}
CAJEROS {1=esperando clientes}
MESAS {1=OCUPADA - clientes eligiendo, 2=LIBRE, 3=LIBRE}

[001892 ms] Cliente 4: esperando afuera
CLIENTES {1=eligió Milanesa - esperando mozo, 2=eligió Milanesa - esperando mozo, 3=esperando afuera, 4=esperando afuera}
MOZOS {1=tomando pedido mesa 1, 2=esperando tareas}
COCINEROS {1=esperando pedidos, 2=esperando pedidos}
CAJEROS {1=esperando clientes}
MESAS {1=OCUPADA - clientes eligiendo, 2=LIBRE, 3=LIBRE}

[001894 ms] Mesa 2: OCUPADA - clientes eligiendo
CLIENTES {1=eligió Milanesa - esperando mozo, 2=eligió Milanesa - esperando mozo, 3=esperando afuera, 4=esperando afuera}
MOZOS {1=tomando pedido mesa 1, 2=esperando tareas}
COCINEROS {1=esperando pedidos, 2=esperando pedidos}
CAJEROS {1=esperando clientes}
MESAS {1=OCUPADA - clientes eligiendo, 2=OCUPADA - clientes eligiendo, 3=LIBRE}

[001894 ms] Cliente 3: sentado en mesa 2 - eligiendo menú
CLIENTES {1=eligió Milanesa - esperando mozo, 2=eligió Milanesa - esperando mozo, 3=sentado en mesa 2 - eligiendo menú, 4=esperando afuera}
MOZOS {1=tomando pedido mesa 1, 2=esperando tareas}
COCINEROS {1=esperando pedidos, 2=esperando pedidos}
CAJEROS {1=esperando clientes}
MESAS {1=OCUPADA - clientes eligiendo, 2=OCUPADA - clientes eligiendo, 3=LIBRE}

[001894 ms] Cliente 4: sentado en mesa 2 - eligiendo menú
CLIENTES {1=eligió Milanesa - esperando mozo, 2=eligió Milanesa - esperando mozo, 3=sentado en mesa 2 - eligiendo menú, 4=sentado en mesa 2 - eligiendo menú}
MOZOS {1=tomando pedido mesa 1, 2=esperando tareas}
COCINEROS {1=esperando pedidos, 2=esperando pedidos}
CAJEROS {1=esperando clientes}
MESAS {1=OCUPADA - clientes eligiendo, 2=OCUPADA - clientes eligiendo, 3=LIBRE}

[002292 ms] Cliente 2: pedido realizado - esperando comida
CLIENTES {1=eligió Milanesa - esperando mozo, 2=pedido realizado - esperando comida, 3=sentado en mesa 2 - eligiendo menú, 4=sentado en mesa 2 - eligiendo menú}
MOZOS {1=tomando pedido mesa 1, 2=esperando tareas}
COCINEROS {1=esperando pedidos, 2=esperando pedidos}
CAJEROS {1=esperando clientes}
MESAS {1=OCUPADA - clientes eligiendo, 2=OCUPADA - clientes eligiendo, 3=LIBRE}

[002292 ms] Cliente 1: pedido realizado - esperando comida
CLIENTES {1=pedido realizado - esperando comida, 2=pedido realizado - esperando comida, 3=sentado en mesa 2 - eligiendo menú, 4=sentado en mesa 2 - eligiendo menú}
MOZOS {1=tomando pedido mesa 1, 2=esperando tareas}
COCINEROS {1=esperando pedidos, 2=esperando pedidos}
CAJEROS {1=esperando clientes}
MESAS {1=OCUPADA - clientes eligiendo, 2=OCUPADA - clientes eligiendo, 3=LIBRE}

[002295 ms] Mesa 1: PEDIDO EN COCINA
CLIENTES {1=pedido realizado - esperando comida, 2=pedido realizado - esperando comida, 3=sentado en mesa 2 - eligiendo menú, 4=sentado en mesa 2 - eligiendo menú}
MOZOS {1=tomando pedido mesa 1, 2=esperando tareas}
COCINEROS {1=esperando pedidos, 2=esperando pedidos}
CAJEROS {1=esperando clientes}
MESAS {1=PEDIDO EN COCINA, 2=OCUPADA - clientes eligiendo, 3=LIBRE}

[002299 ms] Cocinero 2: cocinando Milanesa para mesa 1
CLIENTES {1=pedido realizado - esperando comida, 2=pedido realizado - esperando comida, 3=sentado en mesa 2 - eligiendo menú, 4=sentado en mesa 2 - eligiendo menú}
MOZOS {1=tomando pedido mesa 1, 2=esperando tareas}
COCINEROS {1=esperando pedidos, 2=cocinando Milanesa para mesa 1}
CAJEROS {1=esperando clientes}
MESAS {1=PEDIDO EN COCINA, 2=OCUPADA - clientes eligiendo, 3=LIBRE}

[002299 ms] Cocinero 1: cocinando Milanesa para mesa 1
CLIENTES {1=pedido realizado - esperando comida, 2=pedido realizado - esperando comida, 3=sentado en mesa 2 - eligiendo menú, 4=sentado en mesa 2 - eligiendo menú}
MOZOS {1=tomando pedido mesa 1, 2=esperando tareas}
COCINEROS {1=cocinando Milanesa para mesa 1, 2=cocinando Milanesa para mesa 1}
CAJEROS {1=esperando clientes}
MESAS {1=PEDIDO EN COCINA, 2=OCUPADA - clientes eligiendo, 3=LIBRE}

[002300 ms] Mozo 1: esperando tareas
CLIENTES {1=pedido realizado - esperando comida, 2=pedido realizado - esperando comida, 3=sentado en mesa 2 - eligiendo menú, 4=sentado en mesa 2 - eligiendo menú}
MOZOS {1=esperando tareas, 2=esperando tareas}
COCINEROS {1=cocinando Milanesa para mesa 1, 2=cocinando Milanesa para mesa 1}
CAJEROS {1=esperando clientes}
MESAS {1=PEDIDO EN COCINA, 2=OCUPADA - clientes eligiendo, 3=LIBRE}

[002442 ms] Cliente 5: llegó al restaurante
CLIENTES {1=pedido realizado - esperando comida, 2=pedido realizado - esperando comida, 3=sentado en mesa 2 - eligiendo menú, 4=sentado en mesa 2 - eligiendo menú, 5=llegó al restaurante}
MOZOS {1=esperando tareas, 2=esperando tareas}
COCINEROS {1=cocinando Milanesa para mesa 1, 2=cocinando Milanesa para mesa 1}
CAJEROS {1=esperando clientes}
MESAS {1=PEDIDO EN COCINA, 2=OCUPADA - clientes eligiendo, 3=LIBRE}

[002443 ms] Cliente 5: esperando afuera
CLIENTES {1=pedido realizado - esperando comida, 2=pedido realizado - esperando comida, 3=sentado en mesa 2 - eligiendo menú, 4=sentado en mesa 2 - eligiendo menú, 5=esperando afuera}
MOZOS {1=esperando tareas, 2=esperando tareas}
COCINEROS {1=cocinando Milanesa para mesa 1, 2=cocinando Milanesa para mesa 1}
CAJEROS {1=esperando clientes}
MESAS {1=PEDIDO EN COCINA, 2=OCUPADA - clientes eligiendo, 3=LIBRE}

[002446 ms] Cliente 3: eligió Ensalada - esperando mozo
CLIENTES {1=pedido realizado - esperando comida, 2=pedido realizado - esperando comida, 3=eligió Ensalada - esperando mozo, 4=sentado en mesa 2 - eligiendo menú, 5=esperando afuera}
MOZOS {1=esperando tareas, 2=esperando tareas}
COCINEROS {1=cocinando Milanesa para mesa 1, 2=cocinando Milanesa para mesa 1}
CAJEROS {1=esperando clientes}
MESAS {1=PEDIDO EN COCINA, 2=OCUPADA - clientes eligiendo, 3=LIBRE}

[002932 ms] Cliente 4: eligió Milanesa - esperando mozo
CLIENTES {1=pedido realizado - esperando comida, 2=pedido realizado - esperando comida, 3=eligió Ensalada - esperando mozo, 4=eligió Milanesa - esperando mozo, 5=esperando afuera}
MOZOS {1=esperando tareas, 2=esperando tareas}
COCINEROS {1=cocinando Milanesa para mesa 1, 2=cocinando Milanesa para mesa 1}
CAJEROS {1=esperando clientes}
MESAS {1=PEDIDO EN COCINA, 2=OCUPADA - clientes eligiendo, 3=LIBRE}

[002932 ms] Mozo 2: tomando pedido mesa 2
CLIENTES {1=pedido realizado - esperando comida, 2=pedido realizado - esperando comida, 3=eligió Ensalada - esperando mozo, 4=eligió Milanesa - esperando mozo, 5=esperando afuera}
MOZOS {1=esperando tareas, 2=tomando pedido mesa 2}
COCINEROS {1=cocinando Milanesa para mesa 1, 2=cocinando Milanesa para mesa 1}
CAJEROS {1=esperando clientes}
MESAS {1=PEDIDO EN COCINA, 2=OCUPADA - clientes eligiendo, 3=LIBRE}

[003000 ms] Cocinero 1: plato Milanesa pronto para mesa 1
CLIENTES {1=pedido realizado - esperando comida, 2=pedido realizado - esperando comida, 3=eligió Ensalada - esperando mozo, 4=eligió Milanesa - esperando mozo, 5=esperando afuera}
MOZOS {1=esperando tareas, 2=tomando pedido mesa 2}
COCINEROS {1=plato Milanesa pronto para mesa 1, 2=cocinando Milanesa para mesa 1}
CAJEROS {1=esperando clientes}
MESAS {1=PEDIDO EN COCINA, 2=OCUPADA - clientes eligiendo, 3=LIBRE}

[003064 ms] Cliente 6: llegó al restaurante
CLIENTES {1=pedido realizado - esperando comida, 2=pedido realizado - esperando comida, 3=eligió Ensalada - esperando mozo, 4=eligió Milanesa - esperando mozo, 5=esperando afuera, 6=llegó al restaurante}
MOZOS {1=esperando tareas, 2=tomando pedido mesa 2}
COCINEROS {1=plato Milanesa pronto para mesa 1, 2=cocinando Milanesa para mesa 1}
CAJEROS {1=esperando clientes}
MESAS {1=PEDIDO EN COCINA, 2=OCUPADA - clientes eligiendo, 3=LIBRE}

[003065 ms] Cliente 6: esperando afuera
CLIENTES {1=pedido realizado - esperando comida, 2=pedido realizado - esperando comida, 3=eligió Ensalada - esperando mozo, 4=eligió Milanesa - esperando mozo, 5=esperando afuera, 6=esperando afuera}
MOZOS {1=esperando tareas, 2=tomando pedido mesa 2}
COCINEROS {1=plato Milanesa pronto para mesa 1, 2=cocinando Milanesa para mesa 1}
CAJEROS {1=esperando clientes}
MESAS {1=PEDIDO EN COCINA, 2=OCUPADA - clientes eligiendo, 3=LIBRE}

[003065 ms] Mesa 3: OCUPADA - clientes eligiendo
CLIENTES {1=pedido realizado - esperando comida, 2=pedido realizado - esperando comida, 3=eligió Ensalada - esperando mozo, 4=eligió Milanesa - esperando mozo, 5=esperando afuera, 6=esperando afuera}
MOZOS {1=esperando tareas, 2=tomando pedido mesa 2}
COCINEROS {1=plato Milanesa pronto para mesa 1, 2=cocinando Milanesa para mesa 1}
CAJEROS {1=esperando clientes}
MESAS {1=PEDIDO EN COCINA, 2=OCUPADA - clientes eligiendo, 3=OCUPADA - clientes eligiendo}

[003065 ms] Cliente 6: sentado en mesa 3 - eligiendo menú
CLIENTES {1=pedido realizado - esperando comida, 2=pedido realizado - esperando comida, 3=eligió Ensalada - esperando mozo, 4=eligió Milanesa - esperando mozo, 5=esperando afuera, 6=sentado en mesa 3 - eligiendo menú}
MOZOS {1=esperando tareas, 2=tomando pedido mesa 2}
COCINEROS {1=plato Milanesa pronto para mesa 1, 2=cocinando Milanesa para mesa 1}
CAJEROS {1=esperando clientes}
MESAS {1=PEDIDO EN COCINA, 2=OCUPADA - clientes eligiendo, 3=OCUPADA - clientes eligiendo}

[003065 ms] Cliente 5: sentado en mesa 3 - eligiendo menú
CLIENTES {1=pedido realizado - esperando comida, 2=pedido realizado - esperando comida, 3=eligió Ensalada - esperando mozo, 4=eligió Milanesa - esperando mozo, 5=sentado en mesa 3 - eligiendo menú, 6=sentado en mesa 3 - eligiendo menú}
MOZOS {1=esperando tareas, 2=tomando pedido mesa 2}
COCINEROS {1=plato Milanesa pronto para mesa 1, 2=cocinando Milanesa para mesa 1}
CAJEROS {1=esperando clientes}
MESAS {1=PEDIDO EN COCINA, 2=OCUPADA - clientes eligiendo, 3=OCUPADA - clientes eligiendo}

[003371 ms] Cliente 7: llegó al restaurante
CLIENTES {1=pedido realizado - esperando comida, 2=pedido realizado - esperando comida, 3=eligió Ensalada - esperando mozo, 4=eligió Milanesa - esperando mozo, 5=sentado en mesa 3 - eligiendo menú, 6=sentado en mesa 3 - eligiendo menú, 7=llegó al restaurante}
MOZOS {1=esperando tareas, 2=tomando pedido mesa 2}
COCINEROS {1=plato Milanesa pronto para mesa 1, 2=cocinando Milanesa para mesa 1}
CAJEROS {1=esperando clientes}
MESAS {1=PEDIDO EN COCINA, 2=OCUPADA - clientes eligiendo, 3=OCUPADA - clientes eligiendo}

[003372 ms] Cliente 7: esperando afuera
CLIENTES {1=pedido realizado - esperando comida, 2=pedido realizado - esperando comida, 3=eligió Ensalada - esperando mozo, 4=eligió Milanesa - esperando mozo, 5=sentado en mesa 3 - eligiendo menú, 6=sentado en mesa 3 - eligiendo menú, 7=esperando afuera}
MOZOS {1=esperando tareas, 2=tomando pedido mesa 2}
COCINEROS {1=plato Milanesa pronto para mesa 1, 2=cocinando Milanesa para mesa 1}
CAJEROS {1=esperando clientes}
MESAS {1=PEDIDO EN COCINA, 2=OCUPADA - clientes eligiendo, 3=OCUPADA - clientes eligiendo}

[003448 ms] Cocinero 2: plato Milanesa pronto para mesa 1
CLIENTES {1=pedido realizado - esperando comida, 2=pedido realizado - esperando comida, 3=eligió Ensalada - esperando mozo, 4=eligió Milanesa - esperando mozo, 5=sentado en mesa 3 - eligiendo menú, 6=sentado en mesa 3 - eligiendo menú, 7=esperando afuera}
MOZOS {1=esperando tareas, 2=tomando pedido mesa 2}
COCINEROS {1=plato Milanesa pronto para mesa 1, 2=plato Milanesa pronto para mesa 1}
CAJEROS {1=esperando clientes}
MESAS {1=PEDIDO EN COCINA, 2=OCUPADA - clientes eligiendo, 3=OCUPADA - clientes eligiendo}

[003448 ms] Mesa 1: PLATOS PRONTOS - esperando mozo
CLIENTES {1=pedido realizado - esperando comida, 2=pedido realizado - esperando comida, 3=eligió Ensalada - esperando mozo, 4=eligió Milanesa - esperando mozo, 5=sentado en mesa 3 - eligiendo menú, 6=sentado en mesa 3 - eligiendo menú, 7=esperando afuera}
MOZOS {1=esperando tareas, 2=tomando pedido mesa 2}
COCINEROS {1=plato Milanesa pronto para mesa 1, 2=plato Milanesa pronto para mesa 1}
CAJEROS {1=esperando clientes}
MESAS {1=PLATOS PRONTOS - esperando mozo, 2=OCUPADA - clientes eligiendo, 3=OCUPADA - clientes eligiendo}

[003449 ms] Mozo 1: sirviendo mesa 1
CLIENTES {1=pedido realizado - esperando comida, 2=pedido realizado - esperando comida, 3=eligió Ensalada - esperando mozo, 4=eligió Milanesa - esperando mozo, 5=sentado en mesa 3 - eligiendo menú, 6=sentado en mesa 3 - eligiendo menú, 7=esperando afuera}
MOZOS {1=sirviendo mesa 1, 2=tomando pedido mesa 2}
COCINEROS {1=plato Milanesa pronto para mesa 1, 2=plato Milanesa pronto para mesa 1}
CAJEROS {1=esperando clientes}
MESAS {1=PLATOS PRONTOS - esperando mozo, 2=OCUPADA - clientes eligiendo, 3=OCUPADA - clientes eligiendo}

[003614 ms] Cliente 4: pedido realizado - esperando comida
CLIENTES {1=pedido realizado - esperando comida, 2=pedido realizado - esperando comida, 3=eligió Ensalada - esperando mozo, 4=pedido realizado - esperando comida, 5=sentado en mesa 3 - eligiendo menú, 6=sentado en mesa 3 - eligiendo menú, 7=esperando afuera}
MOZOS {1=sirviendo mesa 1, 2=tomando pedido mesa 2}
COCINEROS {1=plato Milanesa pronto para mesa 1, 2=plato Milanesa pronto para mesa 1}
CAJEROS {1=esperando clientes}
MESAS {1=PLATOS PRONTOS - esperando mozo, 2=OCUPADA - clientes eligiendo, 3=OCUPADA - clientes eligiendo}

[003614 ms] Mesa 2: PEDIDO EN COCINA
CLIENTES {1=pedido realizado - esperando comida, 2=pedido realizado - esperando comida, 3=eligió Ensalada - esperando mozo, 4=pedido realizado - esperando comida, 5=sentado en mesa 3 - eligiendo menú, 6=sentado en mesa 3 - eligiendo menú, 7=esperando afuera}
MOZOS {1=sirviendo mesa 1, 2=tomando pedido mesa 2}
COCINEROS {1=plato Milanesa pronto para mesa 1, 2=plato Milanesa pronto para mesa 1}
CAJEROS {1=esperando clientes}
MESAS {1=PLATOS PRONTOS - esperando mozo, 2=PEDIDO EN COCINA, 3=OCUPADA - clientes eligiendo}

[003614 ms] Cliente 3: pedido realizado - esperando comida
CLIENTES {1=pedido realizado - esperando comida, 2=pedido realizado - esperando comida, 3=pedido realizado - esperando comida, 4=pedido realizado - esperando comida, 5=sentado en mesa 3 - eligiendo menú, 6=sentado en mesa 3 - eligiendo menú, 7=esperando afuera}
MOZOS {1=sirviendo mesa 1, 2=tomando pedido mesa 2}
COCINEROS {1=plato Milanesa pronto para mesa 1, 2=plato Milanesa pronto para mesa 1}
CAJEROS {1=esperando clientes}
MESAS {1=PLATOS PRONTOS - esperando mozo, 2=PEDIDO EN COCINA, 3=OCUPADA - clientes eligiendo}

[003614 ms] Cocinero 1: cocinando Milanesa para mesa 2
CLIENTES {1=pedido realizado - esperando comida, 2=pedido realizado - esperando comida, 3=pedido realizado - esperando comida, 4=pedido realizado - esperando comida, 5=sentado en mesa 3 - eligiendo menú, 6=sentado en mesa 3 - eligiendo menú, 7=esperando afuera}
MOZOS {1=sirviendo mesa 1, 2=tomando pedido mesa 2}
COCINEROS {1=cocinando Milanesa para mesa 2, 2=plato Milanesa pronto para mesa 1}
CAJEROS {1=esperando clientes}
MESAS {1=PLATOS PRONTOS - esperando mozo, 2=PEDIDO EN COCINA, 3=OCUPADA - clientes eligiendo}

[003615 ms] Cocinero 2: cocinando Ensalada para mesa 2
CLIENTES {1=pedido realizado - esperando comida, 2=pedido realizado - esperando comida, 3=pedido realizado - esperando comida, 4=pedido realizado - esperando comida, 5=sentado en mesa 3 - eligiendo menú, 6=sentado en mesa 3 - eligiendo menú, 7=esperando afuera}
MOZOS {1=sirviendo mesa 1, 2=tomando pedido mesa 2}
COCINEROS {1=cocinando Milanesa para mesa 2, 2=cocinando Ensalada para mesa 2}
CAJEROS {1=esperando clientes}
MESAS {1=PLATOS PRONTOS - esperando mozo, 2=PEDIDO EN COCINA, 3=OCUPADA - clientes eligiendo}

[003615 ms] Mozo 2: esperando tareas
CLIENTES {1=pedido realizado - esperando comida, 2=pedido realizado - esperando comida, 3=pedido realizado - esperando comida, 4=pedido realizado - esperando comida, 5=sentado en mesa 3 - eligiendo menú, 6=sentado en mesa 3 - eligiendo menú, 7=esperando afuera}
MOZOS {1=sirviendo mesa 1, 2=esperando tareas}
COCINEROS {1=cocinando Milanesa para mesa 2, 2=cocinando Ensalada para mesa 2}
CAJEROS {1=esperando clientes}
MESAS {1=PLATOS PRONTOS - esperando mozo, 2=PEDIDO EN COCINA, 3=OCUPADA - clientes eligiendo}

[003968 ms] Cocinero 2: plato Ensalada pronto para mesa 2
CLIENTES {1=pedido realizado - esperando comida, 2=pedido realizado - esperando comida, 3=pedido realizado - esperando comida, 4=pedido realizado - esperando comida, 5=sentado en mesa 3 - eligiendo menú, 6=sentado en mesa 3 - eligiendo menú, 7=esperando afuera}
MOZOS {1=sirviendo mesa 1, 2=esperando tareas}
COCINEROS {1=cocinando Milanesa para mesa 2, 2=plato Ensalada pronto para mesa 2}
CAJEROS {1=esperando clientes}
MESAS {1=PLATOS PRONTOS - esperando mozo, 2=PEDIDO EN COCINA, 3=OCUPADA - clientes eligiendo}

[004040 ms] Mesa 1: SERVIDA - clientes comiendo
CLIENTES {1=pedido realizado - esperando comida, 2=pedido realizado - esperando comida, 3=pedido realizado - esperando comida, 4=pedido realizado - esperando comida, 5=sentado en mesa 3 - eligiendo menú, 6=sentado en mesa 3 - eligiendo menú, 7=esperando afuera}
MOZOS {1=sirviendo mesa 1, 2=esperando tareas}
COCINEROS {1=cocinando Milanesa para mesa 2, 2=plato Ensalada pronto para mesa 2}
CAJEROS {1=esperando clientes}
MESAS {1=SERVIDA - clientes comiendo, 2=PEDIDO EN COCINA, 3=OCUPADA - clientes eligiendo}

[004040 ms] Cliente 2: comiendo en mesa 1
CLIENTES {1=pedido realizado - esperando comida, 2=comiendo en mesa 1, 3=pedido realizado - esperando comida, 4=pedido realizado - esperando comida, 5=sentado en mesa 3 - eligiendo menú, 6=sentado en mesa 3 - eligiendo menú, 7=esperando afuera}
MOZOS {1=sirviendo mesa 1, 2=esperando tareas}
COCINEROS {1=cocinando Milanesa para mesa 2, 2=plato Ensalada pronto para mesa 2}
CAJEROS {1=esperando clientes}
MESAS {1=SERVIDA - clientes comiendo, 2=PEDIDO EN COCINA, 3=OCUPADA - clientes eligiendo}

[004041 ms] Cliente 1: comiendo en mesa 1
CLIENTES {1=comiendo en mesa 1, 2=comiendo en mesa 1, 3=pedido realizado - esperando comida, 4=pedido realizado - esperando comida, 5=sentado en mesa 3 - eligiendo menú, 6=sentado en mesa 3 - eligiendo menú, 7=esperando afuera}
MOZOS {1=sirviendo mesa 1, 2=esperando tareas}
COCINEROS {1=cocinando Milanesa para mesa 2, 2=plato Ensalada pronto para mesa 2}
CAJEROS {1=esperando clientes}
MESAS {1=SERVIDA - clientes comiendo, 2=PEDIDO EN COCINA, 3=OCUPADA - clientes eligiendo}

[004041 ms] Mozo 1: esperando tareas
CLIENTES {1=comiendo en mesa 1, 2=comiendo en mesa 1, 3=pedido realizado - esperando comida, 4=pedido realizado - esperando comida, 5=sentado en mesa 3 - eligiendo menú, 6=sentado en mesa 3 - eligiendo menú, 7=esperando afuera}
MOZOS {1=esperando tareas, 2=esperando tareas}
COCINEROS {1=cocinando Milanesa para mesa 2, 2=plato Ensalada pronto para mesa 2}
CAJEROS {1=esperando clientes}
MESAS {1=SERVIDA - clientes comiendo, 2=PEDIDO EN COCINA, 3=OCUPADA - clientes eligiendo}

[004048 ms] Cliente 8: llegó al restaurante
CLIENTES {1=comiendo en mesa 1, 2=comiendo en mesa 1, 3=pedido realizado - esperando comida, 4=pedido realizado - esperando comida, 5=sentado en mesa 3 - eligiendo menú, 6=sentado en mesa 3 - eligiendo menú, 7=esperando afuera, 8=llegó al restaurante}
MOZOS {1=esperando tareas, 2=esperando tareas}
COCINEROS {1=cocinando Milanesa para mesa 2, 2=plato Ensalada pronto para mesa 2}
CAJEROS {1=esperando clientes}
MESAS {1=SERVIDA - clientes comiendo, 2=PEDIDO EN COCINA, 3=OCUPADA - clientes eligiendo}

[004049 ms] Cliente 8: esperando afuera
CLIENTES {1=comiendo en mesa 1, 2=comiendo en mesa 1, 3=pedido realizado - esperando comida, 4=pedido realizado - esperando comida, 5=sentado en mesa 3 - eligiendo menú, 6=sentado en mesa 3 - eligiendo menú, 7=esperando afuera, 8=esperando afuera}
MOZOS {1=esperando tareas, 2=esperando tareas}
COCINEROS {1=cocinando Milanesa para mesa 2, 2=plato Ensalada pronto para mesa 2}
CAJEROS {1=esperando clientes}
MESAS {1=SERVIDA - clientes comiendo, 2=PEDIDO EN COCINA, 3=OCUPADA - clientes eligiendo}

[004088 ms] Cliente 5: eligió Pasta - esperando mozo
CLIENTES {1=comiendo en mesa 1, 2=comiendo en mesa 1, 3=pedido realizado - esperando comida, 4=pedido realizado - esperando comida, 5=eligió Pasta - esperando mozo, 6=sentado en mesa 3 - eligiendo menú, 7=esperando afuera, 8=esperando afuera}
MOZOS {1=esperando tareas, 2=esperando tareas}
COCINEROS {1=cocinando Milanesa para mesa 2, 2=plato Ensalada pronto para mesa 2}
CAJEROS {1=esperando clientes}
MESAS {1=SERVIDA - clientes comiendo, 2=PEDIDO EN COCINA, 3=OCUPADA - clientes eligiendo}

[004283 ms] Cliente 6: eligió Ensalada - esperando mozo
CLIENTES {1=comiendo en mesa 1, 2=comiendo en mesa 1, 3=pedido realizado - esperando comida, 4=pedido realizado - esperando comida, 5=eligió Pasta - esperando mozo, 6=eligió Ensalada - esperando mozo, 7=esperando afuera, 8=esperando afuera}
MOZOS {1=esperando tareas, 2=esperando tareas}
COCINEROS {1=cocinando Milanesa para mesa 2, 2=plato Ensalada pronto para mesa 2}
CAJEROS {1=esperando clientes}
MESAS {1=SERVIDA - clientes comiendo, 2=PEDIDO EN COCINA, 3=OCUPADA - clientes eligiendo}

[004283 ms] Mozo 1: tomando pedido mesa 3
CLIENTES {1=comiendo en mesa 1, 2=comiendo en mesa 1, 3=pedido realizado - esperando comida, 4=pedido realizado - esperando comida, 5=eligió Pasta - esperando mozo, 6=eligió Ensalada - esperando mozo, 7=esperando afuera, 8=esperando afuera}
MOZOS {1=tomando pedido mesa 3, 2=esperando tareas}
COCINEROS {1=cocinando Milanesa para mesa 2, 2=plato Ensalada pronto para mesa 2}
CAJEROS {1=esperando clientes}
MESAS {1=SERVIDA - clientes comiendo, 2=PEDIDO EN COCINA, 3=OCUPADA - clientes eligiendo}

[004638 ms] Cliente 9: llegó al restaurante
CLIENTES {1=comiendo en mesa 1, 2=comiendo en mesa 1, 3=pedido realizado - esperando comida, 4=pedido realizado - esperando comida, 5=eligió Pasta - esperando mozo, 6=eligió Ensalada - esperando mozo, 7=esperando afuera, 8=esperando afuera, 9=llegó al restaurante}
MOZOS {1=tomando pedido mesa 3, 2=esperando tareas}
COCINEROS {1=cocinando Milanesa para mesa 2, 2=plato Ensalada pronto para mesa 2}
CAJEROS {1=esperando clientes}
MESAS {1=SERVIDA - clientes comiendo, 2=PEDIDO EN COCINA, 3=OCUPADA - clientes eligiendo}

[004638 ms] Cliente 9: esperando afuera
CLIENTES {1=comiendo en mesa 1, 2=comiendo en mesa 1, 3=pedido realizado - esperando comida, 4=pedido realizado - esperando comida, 5=eligió Pasta - esperando mozo, 6=eligió Ensalada - esperando mozo, 7=esperando afuera, 8=esperando afuera, 9=esperando afuera}
MOZOS {1=tomando pedido mesa 3, 2=esperando tareas}
COCINEROS {1=cocinando Milanesa para mesa 2, 2=plato Ensalada pronto para mesa 2}
CAJEROS {1=esperando clientes}
MESAS {1=SERVIDA - clientes comiendo, 2=PEDIDO EN COCINA, 3=OCUPADA - clientes eligiendo}

[004754 ms] Mesa 2: PLATOS PRONTOS - esperando mozo
CLIENTES {1=comiendo en mesa 1, 2=comiendo en mesa 1, 3=pedido realizado - esperando comida, 4=pedido realizado - esperando comida, 5=eligió Pasta - esperando mozo, 6=eligió Ensalada - esperando mozo, 7=esperando afuera, 8=esperando afuera, 9=esperando afuera}
MOZOS {1=tomando pedido mesa 3, 2=esperando tareas}
COCINEROS {1=cocinando Milanesa para mesa 2, 2=plato Ensalada pronto para mesa 2}
CAJEROS {1=esperando clientes}
MESAS {1=SERVIDA - clientes comiendo, 2=PLATOS PRONTOS - esperando mozo, 3=OCUPADA - clientes eligiendo}

[004754 ms] Mozo 2: sirviendo mesa 2
CLIENTES {1=comiendo en mesa 1, 2=comiendo en mesa 1, 3=pedido realizado - esperando comida, 4=pedido realizado - esperando comida, 5=eligió Pasta - esperando mozo, 6=eligió Ensalada - esperando mozo, 7=esperando afuera, 8=esperando afuera, 9=esperando afuera}
MOZOS {1=tomando pedido mesa 3, 2=sirviendo mesa 2}
COCINEROS {1=cocinando Milanesa para mesa 2, 2=plato Ensalada pronto para mesa 2}
CAJEROS {1=esperando clientes}
MESAS {1=SERVIDA - clientes comiendo, 2=PLATOS PRONTOS - esperando mozo, 3=OCUPADA - clientes eligiendo}

[004754 ms] Cocinero 1: plato Milanesa pronto para mesa 2
CLIENTES {1=comiendo en mesa 1, 2=comiendo en mesa 1, 3=pedido realizado - esperando comida, 4=pedido realizado - esperando comida, 5=eligió Pasta - esperando mozo, 6=eligió Ensalada - esperando mozo, 7=esperando afuera, 8=esperando afuera, 9=esperando afuera}
MOZOS {1=tomando pedido mesa 3, 2=sirviendo mesa 2}
COCINEROS {1=plato Milanesa pronto para mesa 2, 2=plato Ensalada pronto para mesa 2}
CAJEROS {1=esperando clientes}
MESAS {1=SERVIDA - clientes comiendo, 2=PLATOS PRONTOS - esperando mozo, 3=OCUPADA - clientes eligiendo}

[004888 ms] Mesa 3: PEDIDO EN COCINA
CLIENTES {1=comiendo en mesa 1, 2=comiendo en mesa 1, 3=pedido realizado - esperando comida, 4=pedido realizado - esperando comida, 5=eligió Pasta - esperando mozo, 6=eligió Ensalada - esperando mozo, 7=esperando afuera, 8=esperando afuera, 9=esperando afuera}
MOZOS {1=tomando pedido mesa 3, 2=sirviendo mesa 2}
COCINEROS {1=plato Milanesa pronto para mesa 2, 2=plato Ensalada pronto para mesa 2}
CAJEROS {1=esperando clientes}
MESAS {1=SERVIDA - clientes comiendo, 2=PLATOS PRONTOS - esperando mozo, 3=PEDIDO EN COCINA}

[004888 ms] Cliente 6: pedido realizado - esperando comida
CLIENTES {1=comiendo en mesa 1, 2=comiendo en mesa 1, 3=pedido realizado - esperando comida, 4=pedido realizado - esperando comida, 5=eligió Pasta - esperando mozo, 6=pedido realizado - esperando comida, 7=esperando afuera, 8=esperando afuera, 9=esperando afuera}
MOZOS {1=tomando pedido mesa 3, 2=sirviendo mesa 2}
COCINEROS {1=plato Milanesa pronto para mesa 2, 2=plato Ensalada pronto para mesa 2}
CAJEROS {1=esperando clientes}
MESAS {1=SERVIDA - clientes comiendo, 2=PLATOS PRONTOS - esperando mozo, 3=PEDIDO EN COCINA}

[004888 ms] Cliente 5: pedido realizado - esperando comida
CLIENTES {1=comiendo en mesa 1, 2=comiendo en mesa 1, 3=pedido realizado - esperando comida, 4=pedido realizado - esperando comida, 5=pedido realizado - esperando comida, 6=pedido realizado - esperando comida, 7=esperando afuera, 8=esperando afuera, 9=esperando afuera}
MOZOS {1=tomando pedido mesa 3, 2=sirviendo mesa 2}
COCINEROS {1=plato Milanesa pronto para mesa 2, 2=plato Ensalada pronto para mesa 2}
CAJEROS {1=esperando clientes}
MESAS {1=SERVIDA - clientes comiendo, 2=PLATOS PRONTOS - esperando mozo, 3=PEDIDO EN COCINA}

[004888 ms] Mozo 1: esperando tareas
CLIENTES {1=comiendo en mesa 1, 2=comiendo en mesa 1, 3=pedido realizado - esperando comida, 4=pedido realizado - esperando comida, 5=pedido realizado - esperando comida, 6=pedido realizado - esperando comida, 7=esperando afuera, 8=esperando afuera, 9=esperando afuera}
MOZOS {1=esperando tareas, 2=sirviendo mesa 2}
COCINEROS {1=plato Milanesa pronto para mesa 2, 2=plato Ensalada pronto para mesa 2}
CAJEROS {1=esperando clientes}
MESAS {1=SERVIDA - clientes comiendo, 2=PLATOS PRONTOS - esperando mozo, 3=PEDIDO EN COCINA}

[004888 ms] Cocinero 1: cocinando Pasta para mesa 3
CLIENTES {1=comiendo en mesa 1, 2=comiendo en mesa 1, 3=pedido realizado - esperando comida, 4=pedido realizado - esperando comida, 5=pedido realizado - esperando comida, 6=pedido realizado - esperando comida, 7=esperando afuera, 8=esperando afuera, 9=esperando afuera}
MOZOS {1=esperando tareas, 2=sirviendo mesa 2}
COCINEROS {1=cocinando Pasta para mesa 3, 2=plato Ensalada pronto para mesa 2}
CAJEROS {1=esperando clientes}
MESAS {1=SERVIDA - clientes comiendo, 2=PLATOS PRONTOS - esperando mozo, 3=PEDIDO EN COCINA}

[004888 ms] Cocinero 2: cocinando Ensalada para mesa 3
CLIENTES {1=comiendo en mesa 1, 2=comiendo en mesa 1, 3=pedido realizado - esperando comida, 4=pedido realizado - esperando comida, 5=pedido realizado - esperando comida, 6=pedido realizado - esperando comida, 7=esperando afuera, 8=esperando afuera, 9=esperando afuera}
MOZOS {1=esperando tareas, 2=sirviendo mesa 2}
COCINEROS {1=cocinando Pasta para mesa 3, 2=cocinando Ensalada para mesa 3}
CAJEROS {1=esperando clientes}
MESAS {1=SERVIDA - clientes comiendo, 2=PLATOS PRONTOS - esperando mozo, 3=PEDIDO EN COCINA}

[005178 ms] Mesa 2: SERVIDA - clientes comiendo
CLIENTES {1=comiendo en mesa 1, 2=comiendo en mesa 1, 3=pedido realizado - esperando comida, 4=pedido realizado - esperando comida, 5=pedido realizado - esperando comida, 6=pedido realizado - esperando comida, 7=esperando afuera, 8=esperando afuera, 9=esperando afuera}
MOZOS {1=esperando tareas, 2=sirviendo mesa 2}
COCINEROS {1=cocinando Pasta para mesa 3, 2=cocinando Ensalada para mesa 3}
CAJEROS {1=esperando clientes}
MESAS {1=SERVIDA - clientes comiendo, 2=SERVIDA - clientes comiendo, 3=PEDIDO EN COCINA}

[005178 ms] Mozo 2: esperando tareas
CLIENTES {1=comiendo en mesa 1, 2=comiendo en mesa 1, 3=pedido realizado - esperando comida, 4=pedido realizado - esperando comida, 5=pedido realizado - esperando comida, 6=pedido realizado - esperando comida, 7=esperando afuera, 8=esperando afuera, 9=esperando afuera}
MOZOS {1=esperando tareas, 2=esperando tareas}
COCINEROS {1=cocinando Pasta para mesa 3, 2=cocinando Ensalada para mesa 3}
CAJEROS {1=esperando clientes}
MESAS {1=SERVIDA - clientes comiendo, 2=SERVIDA - clientes comiendo, 3=PEDIDO EN COCINA}

[005178 ms] Cliente 3: comiendo en mesa 2
CLIENTES {1=comiendo en mesa 1, 2=comiendo en mesa 1, 3=comiendo en mesa 2, 4=pedido realizado - esperando comida, 5=pedido realizado - esperando comida, 6=pedido realizado - esperando comida, 7=esperando afuera, 8=esperando afuera, 9=esperando afuera}
MOZOS {1=esperando tareas, 2=esperando tareas}
COCINEROS {1=cocinando Pasta para mesa 3, 2=cocinando Ensalada para mesa 3}
CAJEROS {1=esperando clientes}
MESAS {1=SERVIDA - clientes comiendo, 2=SERVIDA - clientes comiendo, 3=PEDIDO EN COCINA}

[005178 ms] Cliente 4: comiendo en mesa 2
CLIENTES {1=comiendo en mesa 1, 2=comiendo en mesa 1, 3=comiendo en mesa 2, 4=comiendo en mesa 2, 5=pedido realizado - esperando comida, 6=pedido realizado - esperando comida, 7=esperando afuera, 8=esperando afuera, 9=esperando afuera}
MOZOS {1=esperando tareas, 2=esperando tareas}
COCINEROS {1=cocinando Pasta para mesa 3, 2=cocinando Ensalada para mesa 3}
CAJEROS {1=esperando clientes}
MESAS {1=SERVIDA - clientes comiendo, 2=SERVIDA - clientes comiendo, 3=PEDIDO EN COCINA}

[005203 ms] Cliente 2: en cola de caja
CLIENTES {1=comiendo en mesa 1, 2=en cola de caja, 3=comiendo en mesa 2, 4=comiendo en mesa 2, 5=pedido realizado - esperando comida, 6=pedido realizado - esperando comida, 7=esperando afuera, 8=esperando afuera, 9=esperando afuera}
MOZOS {1=esperando tareas, 2=esperando tareas}
COCINEROS {1=cocinando Pasta para mesa 3, 2=cocinando Ensalada para mesa 3}
CAJEROS {1=esperando clientes}
MESAS {1=SERVIDA - clientes comiendo, 2=SERVIDA - clientes comiendo, 3=PEDIDO EN COCINA}

[005209 ms] Cajero 1: cobrando cliente 2 de mesa 1
CLIENTES {1=comiendo en mesa 1, 2=en cola de caja, 3=comiendo en mesa 2, 4=comiendo en mesa 2, 5=pedido realizado - esperando comida, 6=pedido realizado - esperando comida, 7=esperando afuera, 8=esperando afuera, 9=esperando afuera}
MOZOS {1=esperando tareas, 2=esperando tareas}
COCINEROS {1=cocinando Pasta para mesa 3, 2=cocinando Ensalada para mesa 3}
CAJEROS {1=cobrando cliente 2 de mesa 1}
MESAS {1=SERVIDA - clientes comiendo, 2=SERVIDA - clientes comiendo, 3=PEDIDO EN COCINA}

[005344 ms] Cliente 10: llegó al restaurante
CLIENTES {1=comiendo en mesa 1, 2=en cola de caja, 3=comiendo en mesa 2, 4=comiendo en mesa 2, 5=pedido realizado - esperando comida, 6=pedido realizado - esperando comida, 7=esperando afuera, 8=esperando afuera, 9=esperando afuera, 10=llegó al restaurante}
MOZOS {1=esperando tareas, 2=esperando tareas}
COCINEROS {1=cocinando Pasta para mesa 3, 2=cocinando Ensalada para mesa 3}
CAJEROS {1=cobrando cliente 2 de mesa 1}
MESAS {1=SERVIDA - clientes comiendo, 2=SERVIDA - clientes comiendo, 3=PEDIDO EN COCINA}

[005344 ms] Cliente 10: esperando afuera
CLIENTES {1=comiendo en mesa 1, 2=en cola de caja, 3=comiendo en mesa 2, 4=comiendo en mesa 2, 5=pedido realizado - esperando comida, 6=pedido realizado - esperando comida, 7=esperando afuera, 8=esperando afuera, 9=esperando afuera, 10=esperando afuera}
MOZOS {1=esperando tareas, 2=esperando tareas}
COCINEROS {1=cocinando Pasta para mesa 3, 2=cocinando Ensalada para mesa 3}
CAJEROS {1=cobrando cliente 2 de mesa 1}
MESAS {1=SERVIDA - clientes comiendo, 2=SERVIDA - clientes comiendo, 3=PEDIDO EN COCINA}

[005488 ms] Cocinero 2: plato Ensalada pronto para mesa 3
CLIENTES {1=comiendo en mesa 1, 2=en cola de caja, 3=comiendo en mesa 2, 4=comiendo en mesa 2, 5=pedido realizado - esperando comida, 6=pedido realizado - esperando comida, 7=esperando afuera, 8=esperando afuera, 9=esperando afuera, 10=esperando afuera}
MOZOS {1=esperando tareas, 2=esperando tareas}
COCINEROS {1=cocinando Pasta para mesa 3, 2=plato Ensalada pronto para mesa 3}
CAJEROS {1=cobrando cliente 2 de mesa 1}
MESAS {1=SERVIDA - clientes comiendo, 2=SERVIDA - clientes comiendo, 3=PEDIDO EN COCINA}

[005527 ms] Cliente 1: en cola de caja
CLIENTES {1=en cola de caja, 2=en cola de caja, 3=comiendo en mesa 2, 4=comiendo en mesa 2, 5=pedido realizado - esperando comida, 6=pedido realizado - esperando comida, 7=esperando afuera, 8=esperando afuera, 9=esperando afuera, 10=esperando afuera}
MOZOS {1=esperando tareas, 2=esperando tareas}
COCINEROS {1=cocinando Pasta para mesa 3, 2=plato Ensalada pronto para mesa 3}
CAJEROS {1=cobrando cliente 2 de mesa 1}
MESAS {1=SERVIDA - clientes comiendo, 2=SERVIDA - clientes comiendo, 3=PEDIDO EN COCINA}

[005778 ms] Cocinero 1: plato Pasta pronto para mesa 3
CLIENTES {1=en cola de caja, 2=en cola de caja, 3=comiendo en mesa 2, 4=comiendo en mesa 2, 5=pedido realizado - esperando comida, 6=pedido realizado - esperando comida, 7=esperando afuera, 8=esperando afuera, 9=esperando afuera, 10=esperando afuera}
MOZOS {1=esperando tareas, 2=esperando tareas}
COCINEROS {1=plato Pasta pronto para mesa 3, 2=plato Ensalada pronto para mesa 3}
CAJEROS {1=cobrando cliente 2 de mesa 1}
MESAS {1=SERVIDA - clientes comiendo, 2=SERVIDA - clientes comiendo, 3=PEDIDO EN COCINA}

[005778 ms] Mesa 3: PLATOS PRONTOS - esperando mozo
CLIENTES {1=en cola de caja, 2=en cola de caja, 3=comiendo en mesa 2, 4=comiendo en mesa 2, 5=pedido realizado - esperando comida, 6=pedido realizado - esperando comida, 7=esperando afuera, 8=esperando afuera, 9=esperando afuera, 10=esperando afuera}
MOZOS {1=esperando tareas, 2=esperando tareas}
COCINEROS {1=plato Pasta pronto para mesa 3, 2=plato Ensalada pronto para mesa 3}
CAJEROS {1=cobrando cliente 2 de mesa 1}
MESAS {1=SERVIDA - clientes comiendo, 2=SERVIDA - clientes comiendo, 3=PLATOS PRONTOS - esperando mozo}

[005778 ms] Mozo 2: sirviendo mesa 3
CLIENTES {1=en cola de caja, 2=en cola de caja, 3=comiendo en mesa 2, 4=comiendo en mesa 2, 5=pedido realizado - esperando comida, 6=pedido realizado - esperando comida, 7=esperando afuera, 8=esperando afuera, 9=esperando afuera, 10=esperando afuera}
MOZOS {1=esperando tareas, 2=sirviendo mesa 3}
COCINEROS {1=plato Pasta pronto para mesa 3, 2=plato Ensalada pronto para mesa 3}
CAJEROS {1=cobrando cliente 2 de mesa 1}
MESAS {1=SERVIDA - clientes comiendo, 2=SERVIDA - clientes comiendo, 3=PLATOS PRONTOS - esperando mozo}

[005780 ms] Cliente 11: llegó al restaurante
CLIENTES {1=en cola de caja, 2=en cola de caja, 3=comiendo en mesa 2, 4=comiendo en mesa 2, 5=pedido realizado - esperando comida, 6=pedido realizado - esperando comida, 7=esperando afuera, 8=esperando afuera, 9=esperando afuera, 10=esperando afuera, 11=llegó al restaurante}
MOZOS {1=esperando tareas, 2=sirviendo mesa 3}
COCINEROS {1=plato Pasta pronto para mesa 3, 2=plato Ensalada pronto para mesa 3}
CAJEROS {1=cobrando cliente 2 de mesa 1}
MESAS {1=SERVIDA - clientes comiendo, 2=SERVIDA - clientes comiendo, 3=PLATOS PRONTOS - esperando mozo}

[005781 ms] Cliente 11: esperando afuera
CLIENTES {1=en cola de caja, 2=en cola de caja, 3=comiendo en mesa 2, 4=comiendo en mesa 2, 5=pedido realizado - esperando comida, 6=pedido realizado - esperando comida, 7=esperando afuera, 8=esperando afuera, 9=esperando afuera, 10=esperando afuera, 11=esperando afuera}
MOZOS {1=esperando tareas, 2=sirviendo mesa 3}
COCINEROS {1=plato Pasta pronto para mesa 3, 2=plato Ensalada pronto para mesa 3}
CAJEROS {1=cobrando cliente 2 de mesa 1}
MESAS {1=SERVIDA - clientes comiendo, 2=SERVIDA - clientes comiendo, 3=PLATOS PRONTOS - esperando mozo}

[005830 ms] Cajero 1: esperando clientes
CLIENTES {1=en cola de caja, 2=en cola de caja, 3=comiendo en mesa 2, 4=comiendo en mesa 2, 5=pedido realizado - esperando comida, 6=pedido realizado - esperando comida, 7=esperando afuera, 8=esperando afuera, 9=esperando afuera, 10=esperando afuera, 11=esperando afuera}
MOZOS {1=esperando tareas, 2=sirviendo mesa 3}
COCINEROS {1=plato Pasta pronto para mesa 3, 2=plato Ensalada pronto para mesa 3}
CAJEROS {1=esperando clientes}
MESAS {1=SERVIDA - clientes comiendo, 2=SERVIDA - clientes comiendo, 3=PLATOS PRONTOS - esperando mozo}

[005830 ms] Cajero 1: cobrando cliente 1 de mesa 1
CLIENTES {1=en cola de caja, 2=en cola de caja, 3=comiendo en mesa 2, 4=comiendo en mesa 2, 5=pedido realizado - esperando comida, 6=pedido realizado - esperando comida, 7=esperando afuera, 8=esperando afuera, 9=esperando afuera, 10=esperando afuera, 11=esperando afuera}
MOZOS {1=esperando tareas, 2=sirviendo mesa 3}
COCINEROS {1=plato Pasta pronto para mesa 3, 2=plato Ensalada pronto para mesa 3}
CAJEROS {1=cobrando cliente 1 de mesa 1}
MESAS {1=SERVIDA - clientes comiendo, 2=SERVIDA - clientes comiendo, 3=PLATOS PRONTOS - esperando mozo}

[005830 ms] Cliente 2: pagó y se retiró
CLIENTES {1=en cola de caja, 2=pagó y se retiró, 3=comiendo en mesa 2, 4=comiendo en mesa 2, 5=pedido realizado - esperando comida, 6=pedido realizado - esperando comida, 7=esperando afuera, 8=esperando afuera, 9=esperando afuera, 10=esperando afuera, 11=esperando afuera}
MOZOS {1=esperando tareas, 2=sirviendo mesa 3}
COCINEROS {1=plato Pasta pronto para mesa 3, 2=plato Ensalada pronto para mesa 3}
CAJEROS {1=cobrando cliente 1 de mesa 1}
MESAS {1=SERVIDA - clientes comiendo, 2=SERVIDA - clientes comiendo, 3=PLATOS PRONTOS - esperando mozo}

[006231 ms] Cajero 1: esperando clientes
CLIENTES {1=en cola de caja, 2=pagó y se retiró, 3=comiendo en mesa 2, 4=comiendo en mesa 2, 5=pedido realizado - esperando comida, 6=pedido realizado - esperando comida, 7=esperando afuera, 8=esperando afuera, 9=esperando afuera, 10=esperando afuera, 11=esperando afuera}
MOZOS {1=esperando tareas, 2=sirviendo mesa 3}
COCINEROS {1=plato Pasta pronto para mesa 3, 2=plato Ensalada pronto para mesa 3}
CAJEROS {1=esperando clientes}
MESAS {1=SERVIDA - clientes comiendo, 2=SERVIDA - clientes comiendo, 3=PLATOS PRONTOS - esperando mozo}

[006231 ms] Cliente 1: pagó y se retiró
CLIENTES {1=pagó y se retiró, 2=pagó y se retiró, 3=comiendo en mesa 2, 4=comiendo en mesa 2, 5=pedido realizado - esperando comida, 6=pedido realizado - esperando comida, 7=esperando afuera, 8=esperando afuera, 9=esperando afuera, 10=esperando afuera, 11=esperando afuera}
MOZOS {1=esperando tareas, 2=sirviendo mesa 3}
COCINEROS {1=plato Pasta pronto para mesa 3, 2=plato Ensalada pronto para mesa 3}
CAJEROS {1=esperando clientes}
MESAS {1=SERVIDA - clientes comiendo, 2=SERVIDA - clientes comiendo, 3=PLATOS PRONTOS - esperando mozo}

[006231 ms] Mesa 1: VACIA - esperando limpieza
CLIENTES {1=pagó y se retiró, 2=pagó y se retiró, 3=comiendo en mesa 2, 4=comiendo en mesa 2, 5=pedido realizado - esperando comida, 6=pedido realizado - esperando comida, 7=esperando afuera, 8=esperando afuera, 9=esperando afuera, 10=esperando afuera, 11=esperando afuera}
MOZOS {1=esperando tareas, 2=sirviendo mesa 3}
COCINEROS {1=plato Pasta pronto para mesa 3, 2=plato Ensalada pronto para mesa 3}
CAJEROS {1=esperando clientes}
MESAS {1=VACIA - esperando limpieza, 2=SERVIDA - clientes comiendo, 3=PLATOS PRONTOS - esperando mozo}

[006232 ms] Mozo 1: limpiando mesa 1
CLIENTES {1=pagó y se retiró, 2=pagó y se retiró, 3=comiendo en mesa 2, 4=comiendo en mesa 2, 5=pedido realizado - esperando comida, 6=pedido realizado - esperando comida, 7=esperando afuera, 8=esperando afuera, 9=esperando afuera, 10=esperando afuera, 11=esperando afuera}
MOZOS {1=limpiando mesa 1, 2=sirviendo mesa 3}
COCINEROS {1=plato Pasta pronto para mesa 3, 2=plato Ensalada pronto para mesa 3}
CAJEROS {1=esperando clientes}
MESAS {1=VACIA - esperando limpieza, 2=SERVIDA - clientes comiendo, 3=PLATOS PRONTOS - esperando mozo}

[006257 ms] Cliente 12: llegó al restaurante
CLIENTES {1=pagó y se retiró, 2=pagó y se retiró, 3=comiendo en mesa 2, 4=comiendo en mesa 2, 5=pedido realizado - esperando comida, 6=pedido realizado - esperando comida, 7=esperando afuera, 8=esperando afuera, 9=esperando afuera, 10=esperando afuera, 11=esperando afuera, 12=llegó al restaurante}
MOZOS {1=limpiando mesa 1, 2=sirviendo mesa 3}
COCINEROS {1=plato Pasta pronto para mesa 3, 2=plato Ensalada pronto para mesa 3}
CAJEROS {1=esperando clientes}
MESAS {1=VACIA - esperando limpieza, 2=SERVIDA - clientes comiendo, 3=PLATOS PRONTOS - esperando mozo}

[006257 ms] Cliente 12: esperando afuera
CLIENTES {1=pagó y se retiró, 2=pagó y se retiró, 3=comiendo en mesa 2, 4=comiendo en mesa 2, 5=pedido realizado - esperando comida, 6=pedido realizado - esperando comida, 7=esperando afuera, 8=esperando afuera, 9=esperando afuera, 10=esperando afuera, 11=esperando afuera, 12=esperando afuera}
MOZOS {1=limpiando mesa 1, 2=sirviendo mesa 3}
COCINEROS {1=plato Pasta pronto para mesa 3, 2=plato Ensalada pronto para mesa 3}
CAJEROS {1=esperando clientes}
MESAS {1=VACIA - esperando limpieza, 2=SERVIDA - clientes comiendo, 3=PLATOS PRONTOS - esperando mozo}

[006319 ms] Mesa 3: SERVIDA - clientes comiendo
CLIENTES {1=pagó y se retiró, 2=pagó y se retiró, 3=comiendo en mesa 2, 4=comiendo en mesa 2, 5=pedido realizado - esperando comida, 6=pedido realizado - esperando comida, 7=esperando afuera, 8=esperando afuera, 9=esperando afuera, 10=esperando afuera, 11=esperando afuera, 12=esperando afuera}
MOZOS {1=limpiando mesa 1, 2=sirviendo mesa 3}
COCINEROS {1=plato Pasta pronto para mesa 3, 2=plato Ensalada pronto para mesa 3}
CAJEROS {1=esperando clientes}
MESAS {1=VACIA - esperando limpieza, 2=SERVIDA - clientes comiendo, 3=SERVIDA - clientes comiendo}

[006319 ms] Mozo 2: esperando tareas
CLIENTES {1=pagó y se retiró, 2=pagó y se retiró, 3=comiendo en mesa 2, 4=comiendo en mesa 2, 5=pedido realizado - esperando comida, 6=pedido realizado - esperando comida, 7=esperando afuera, 8=esperando afuera, 9=esperando afuera, 10=esperando afuera, 11=esperando afuera, 12=esperando afuera}
MOZOS {1=limpiando mesa 1, 2=esperando tareas}
COCINEROS {1=plato Pasta pronto para mesa 3, 2=plato Ensalada pronto para mesa 3}
CAJEROS {1=esperando clientes}
MESAS {1=VACIA - esperando limpieza, 2=SERVIDA - clientes comiendo, 3=SERVIDA - clientes comiendo}

[006319 ms] Cliente 5: comiendo en mesa 3
CLIENTES {1=pagó y se retiró, 2=pagó y se retiró, 3=comiendo en mesa 2, 4=comiendo en mesa 2, 5=comiendo en mesa 3, 6=pedido realizado - esperando comida, 7=esperando afuera, 8=esperando afuera, 9=esperando afuera, 10=esperando afuera, 11=esperando afuera, 12=esperando afuera}
MOZOS {1=limpiando mesa 1, 2=esperando tareas}
COCINEROS {1=plato Pasta pronto para mesa 3, 2=plato Ensalada pronto para mesa 3}
CAJEROS {1=esperando clientes}
MESAS {1=VACIA - esperando limpieza, 2=SERVIDA - clientes comiendo, 3=SERVIDA - clientes comiendo}

[006319 ms] Cliente 6: comiendo en mesa 3
CLIENTES {1=pagó y se retiró, 2=pagó y se retiró, 3=comiendo en mesa 2, 4=comiendo en mesa 2, 5=comiendo en mesa 3, 6=comiendo en mesa 3, 7=esperando afuera, 8=esperando afuera, 9=esperando afuera, 10=esperando afuera, 11=esperando afuera, 12=esperando afuera}
MOZOS {1=limpiando mesa 1, 2=esperando tareas}
COCINEROS {1=plato Pasta pronto para mesa 3, 2=plato Ensalada pronto para mesa 3}
CAJEROS {1=esperando clientes}
MESAS {1=VACIA - esperando limpieza, 2=SERVIDA - clientes comiendo, 3=SERVIDA - clientes comiendo}

[006485 ms] Cliente 3: en cola de caja
CLIENTES {1=pagó y se retiró, 2=pagó y se retiró, 3=en cola de caja, 4=comiendo en mesa 2, 5=comiendo en mesa 3, 6=comiendo en mesa 3, 7=esperando afuera, 8=esperando afuera, 9=esperando afuera, 10=esperando afuera, 11=esperando afuera, 12=esperando afuera}
MOZOS {1=limpiando mesa 1, 2=esperando tareas}
COCINEROS {1=plato Pasta pronto para mesa 3, 2=plato Ensalada pronto para mesa 3}
CAJEROS {1=esperando clientes}
MESAS {1=VACIA - esperando limpieza, 2=SERVIDA - clientes comiendo, 3=SERVIDA - clientes comiendo}

[006485 ms] Cajero 1: cobrando cliente 3 de mesa 2
CLIENTES {1=pagó y se retiró, 2=pagó y se retiró, 3=en cola de caja, 4=comiendo en mesa 2, 5=comiendo en mesa 3, 6=comiendo en mesa 3, 7=esperando afuera, 8=esperando afuera, 9=esperando afuera, 10=esperando afuera, 11=esperando afuera, 12=esperando afuera}
MOZOS {1=limpiando mesa 1, 2=esperando tareas}
COCINEROS {1=plato Pasta pronto para mesa 3, 2=plato Ensalada pronto para mesa 3}
CAJEROS {1=cobrando cliente 3 de mesa 2}
MESAS {1=VACIA - esperando limpieza, 2=SERVIDA - clientes comiendo, 3=SERVIDA - clientes comiendo}

[006593 ms] Cliente 13: llegó al restaurante
CLIENTES {1=pagó y se retiró, 2=pagó y se retiró, 3=en cola de caja, 4=comiendo en mesa 2, 5=comiendo en mesa 3, 6=comiendo en mesa 3, 7=esperando afuera, 8=esperando afuera, 9=esperando afuera, 10=esperando afuera, 11=esperando afuera, 12=esperando afuera, 13=llegó al restaurante}
MOZOS {1=limpiando mesa 1, 2=esperando tareas}
COCINEROS {1=plato Pasta pronto para mesa 3, 2=plato Ensalada pronto para mesa 3}
CAJEROS {1=cobrando cliente 3 de mesa 2}
MESAS {1=VACIA - esperando limpieza, 2=SERVIDA - clientes comiendo, 3=SERVIDA - clientes comiendo}

[006593 ms] Cliente 13: esperando afuera
CLIENTES {1=pagó y se retiró, 2=pagó y se retiró, 3=en cola de caja, 4=comiendo en mesa 2, 5=comiendo en mesa 3, 6=comiendo en mesa 3, 7=esperando afuera, 8=esperando afuera, 9=esperando afuera, 10=esperando afuera, 11=esperando afuera, 12=esperando afuera, 13=esperando afuera}
MOZOS {1=limpiando mesa 1, 2=esperando tareas}
COCINEROS {1=plato Pasta pronto para mesa 3, 2=plato Ensalada pronto para mesa 3}
CAJEROS {1=cobrando cliente 3 de mesa 2}
MESAS {1=VACIA - esperando limpieza, 2=SERVIDA - clientes comiendo, 3=SERVIDA - clientes comiendo}

[006689 ms] Mesa 1: LIBRE
CLIENTES {1=pagó y se retiró, 2=pagó y se retiró, 3=en cola de caja, 4=comiendo en mesa 2, 5=comiendo en mesa 3, 6=comiendo en mesa 3, 7=esperando afuera, 8=esperando afuera, 9=esperando afuera, 10=esperando afuera, 11=esperando afuera, 12=esperando afuera, 13=esperando afuera}
MOZOS {1=limpiando mesa 1, 2=esperando tareas}
COCINEROS {1=plato Pasta pronto para mesa 3, 2=plato Ensalada pronto para mesa 3}
CAJEROS {1=cobrando cliente 3 de mesa 2}
MESAS {1=LIBRE, 2=SERVIDA - clientes comiendo, 3=SERVIDA - clientes comiendo}

[006689 ms] Mesa 1: OCUPADA - clientes eligiendo
CLIENTES {1=pagó y se retiró, 2=pagó y se retiró, 3=en cola de caja, 4=comiendo en mesa 2, 5=comiendo en mesa 3, 6=comiendo en mesa 3, 7=esperando afuera, 8=esperando afuera, 9=esperando afuera, 10=esperando afuera, 11=esperando afuera, 12=esperando afuera, 13=esperando afuera}
MOZOS {1=limpiando mesa 1, 2=esperando tareas}
COCINEROS {1=plato Pasta pronto para mesa 3, 2=plato Ensalada pronto para mesa 3}
CAJEROS {1=cobrando cliente 3 de mesa 2}
MESAS {1=OCUPADA - clientes eligiendo, 2=SERVIDA - clientes comiendo, 3=SERVIDA - clientes comiendo}

[006689 ms] Mozo 1: esperando tareas
CLIENTES {1=pagó y se retiró, 2=pagó y se retiró, 3=en cola de caja, 4=comiendo en mesa 2, 5=comiendo en mesa 3, 6=comiendo en mesa 3, 7=esperando afuera, 8=esperando afuera, 9=esperando afuera, 10=esperando afuera, 11=esperando afuera, 12=esperando afuera, 13=esperando afuera}
MOZOS {1=esperando tareas, 2=esperando tareas}
COCINEROS {1=plato Pasta pronto para mesa 3, 2=plato Ensalada pronto para mesa 3}
CAJEROS {1=cobrando cliente 3 de mesa 2}
MESAS {1=OCUPADA - clientes eligiendo, 2=SERVIDA - clientes comiendo, 3=SERVIDA - clientes comiendo}

[006689 ms] Cliente 7: sentado en mesa 1 - eligiendo menú
CLIENTES {1=pagó y se retiró, 2=pagó y se retiró, 3=en cola de caja, 4=comiendo en mesa 2, 5=comiendo en mesa 3, 6=comiendo en mesa 3, 7=sentado en mesa 1 - eligiendo menú, 8=esperando afuera, 9=esperando afuera, 10=esperando afuera, 11=esperando afuera, 12=esperando afuera, 13=esperando afuera}
MOZOS {1=esperando tareas, 2=esperando tareas}
COCINEROS {1=plato Pasta pronto para mesa 3, 2=plato Ensalada pronto para mesa 3}
CAJEROS {1=cobrando cliente 3 de mesa 2}
MESAS {1=OCUPADA - clientes eligiendo, 2=SERVIDA - clientes comiendo, 3=SERVIDA - clientes comiendo}

[006689 ms] Cliente 8: sentado en mesa 1 - eligiendo menú
CLIENTES {1=pagó y se retiró, 2=pagó y se retiró, 3=en cola de caja, 4=comiendo en mesa 2, 5=comiendo en mesa 3, 6=comiendo en mesa 3, 7=sentado en mesa 1 - eligiendo menú, 8=sentado en mesa 1 - eligiendo menú, 9=esperando afuera, 10=esperando afuera, 11=esperando afuera, 12=esperando afuera, 13=esperando afuera}
MOZOS {1=esperando tareas, 2=esperando tareas}
COCINEROS {1=plato Pasta pronto para mesa 3, 2=plato Ensalada pronto para mesa 3}
CAJEROS {1=cobrando cliente 3 de mesa 2}
MESAS {1=OCUPADA - clientes eligiendo, 2=SERVIDA - clientes comiendo, 3=SERVIDA - clientes comiendo}

[006708 ms] Cliente 4: en cola de caja
CLIENTES {1=pagó y se retiró, 2=pagó y se retiró, 3=en cola de caja, 4=en cola de caja, 5=comiendo en mesa 3, 6=comiendo en mesa 3, 7=sentado en mesa 1 - eligiendo menú, 8=sentado en mesa 1 - eligiendo menú, 9=esperando afuera, 10=esperando afuera, 11=esperando afuera, 12=esperando afuera, 13=esperando afuera}
MOZOS {1=esperando tareas, 2=esperando tareas}
COCINEROS {1=plato Pasta pronto para mesa 3, 2=plato Ensalada pronto para mesa 3}
CAJEROS {1=cobrando cliente 3 de mesa 2}
MESAS {1=OCUPADA - clientes eligiendo, 2=SERVIDA - clientes comiendo, 3=SERVIDA - clientes comiendo}

[007086 ms] Cajero 1: esperando clientes
CLIENTES {1=pagó y se retiró, 2=pagó y se retiró, 3=en cola de caja, 4=en cola de caja, 5=comiendo en mesa 3, 6=comiendo en mesa 3, 7=sentado en mesa 1 - eligiendo menú, 8=sentado en mesa 1 - eligiendo menú, 9=esperando afuera, 10=esperando afuera, 11=esperando afuera, 12=esperando afuera, 13=esperando afuera}
MOZOS {1=esperando tareas, 2=esperando tareas}
COCINEROS {1=plato Pasta pronto para mesa 3, 2=plato Ensalada pronto para mesa 3}
CAJEROS {1=esperando clientes}
MESAS {1=OCUPADA - clientes eligiendo, 2=SERVIDA - clientes comiendo, 3=SERVIDA - clientes comiendo}

[007086 ms] Cajero 1: cobrando cliente 4 de mesa 2
CLIENTES {1=pagó y se retiró, 2=pagó y se retiró, 3=en cola de caja, 4=en cola de caja, 5=comiendo en mesa 3, 6=comiendo en mesa 3, 7=sentado en mesa 1 - eligiendo menú, 8=sentado en mesa 1 - eligiendo menú, 9=esperando afuera, 10=esperando afuera, 11=esperando afuera, 12=esperando afuera, 13=esperando afuera}
MOZOS {1=esperando tareas, 2=esperando tareas}
COCINEROS {1=plato Pasta pronto para mesa 3, 2=plato Ensalada pronto para mesa 3}
CAJEROS {1=cobrando cliente 4 de mesa 2}
MESAS {1=OCUPADA - clientes eligiendo, 2=SERVIDA - clientes comiendo, 3=SERVIDA - clientes comiendo}

[007086 ms] Cliente 3: pagó y se retiró
CLIENTES {1=pagó y se retiró, 2=pagó y se retiró, 3=pagó y se retiró, 4=en cola de caja, 5=comiendo en mesa 3, 6=comiendo en mesa 3, 7=sentado en mesa 1 - eligiendo menú, 8=sentado en mesa 1 - eligiendo menú, 9=esperando afuera, 10=esperando afuera, 11=esperando afuera, 12=esperando afuera, 13=esperando afuera}
MOZOS {1=esperando tareas, 2=esperando tareas}
COCINEROS {1=plato Pasta pronto para mesa 3, 2=plato Ensalada pronto para mesa 3}
CAJEROS {1=cobrando cliente 4 de mesa 2}
MESAS {1=OCUPADA - clientes eligiendo, 2=SERVIDA - clientes comiendo, 3=SERVIDA - clientes comiendo}

[007248 ms] Cliente 14: llegó al restaurante
CLIENTES {1=pagó y se retiró, 2=pagó y se retiró, 3=pagó y se retiró, 4=en cola de caja, 5=comiendo en mesa 3, 6=comiendo en mesa 3, 7=sentado en mesa 1 - eligiendo menú, 8=sentado en mesa 1 - eligiendo menú, 9=esperando afuera, 10=esperando afuera, 11=esperando afuera, 12=esperando afuera, 13=esperando afuera, 14=llegó al restaurante}
MOZOS {1=esperando tareas, 2=esperando tareas}
COCINEROS {1=plato Pasta pronto para mesa 3, 2=plato Ensalada pronto para mesa 3}
CAJEROS {1=cobrando cliente 4 de mesa 2}
MESAS {1=OCUPADA - clientes eligiendo, 2=SERVIDA - clientes comiendo, 3=SERVIDA - clientes comiendo}

[007248 ms] Cliente 14: esperando afuera
CLIENTES {1=pagó y se retiró, 2=pagó y se retiró, 3=pagó y se retiró, 4=en cola de caja, 5=comiendo en mesa 3, 6=comiendo en mesa 3, 7=sentado en mesa 1 - eligiendo menú, 8=sentado en mesa 1 - eligiendo menú, 9=esperando afuera, 10=esperando afuera, 11=esperando afuera, 12=esperando afuera, 13=esperando afuera, 14=esperando afuera}
MOZOS {1=esperando tareas, 2=esperando tareas}
COCINEROS {1=plato Pasta pronto para mesa 3, 2=plato Ensalada pronto para mesa 3}
CAJEROS {1=cobrando cliente 4 de mesa 2}
MESAS {1=OCUPADA - clientes eligiendo, 2=SERVIDA - clientes comiendo, 3=SERVIDA - clientes comiendo}

[007533 ms] Cajero 1: esperando clientes
CLIENTES {1=pagó y se retiró, 2=pagó y se retiró, 3=pagó y se retiró, 4=en cola de caja, 5=comiendo en mesa 3, 6=comiendo en mesa 3, 7=sentado en mesa 1 - eligiendo menú, 8=sentado en mesa 1 - eligiendo menú, 9=esperando afuera, 10=esperando afuera, 11=esperando afuera, 12=esperando afuera, 13=esperando afuera, 14=esperando afuera}
MOZOS {1=esperando tareas, 2=esperando tareas}
COCINEROS {1=plato Pasta pronto para mesa 3, 2=plato Ensalada pronto para mesa 3}
CAJEROS {1=esperando clientes}
MESAS {1=OCUPADA - clientes eligiendo, 2=SERVIDA - clientes comiendo, 3=SERVIDA - clientes comiendo}

[007533 ms] Cliente 4: pagó y se retiró
CLIENTES {1=pagó y se retiró, 2=pagó y se retiró, 3=pagó y se retiró, 4=pagó y se retiró, 5=comiendo en mesa 3, 6=comiendo en mesa 3, 7=sentado en mesa 1 - eligiendo menú, 8=sentado en mesa 1 - eligiendo menú, 9=esperando afuera, 10=esperando afuera, 11=esperando afuera, 12=esperando afuera, 13=esperando afuera, 14=esperando afuera}
MOZOS {1=esperando tareas, 2=esperando tareas}
COCINEROS {1=plato Pasta pronto para mesa 3, 2=plato Ensalada pronto para mesa 3}
CAJEROS {1=esperando clientes}
MESAS {1=OCUPADA - clientes eligiendo, 2=SERVIDA - clientes comiendo, 3=SERVIDA - clientes comiendo}

[007533 ms] Mesa 2: VACIA - esperando limpieza
CLIENTES {1=pagó y se retiró, 2=pagó y se retiró, 3=pagó y se retiró, 4=pagó y se retiró, 5=comiendo en mesa 3, 6=comiendo en mesa 3, 7=sentado en mesa 1 - eligiendo menú, 8=sentado en mesa 1 - eligiendo menú, 9=esperando afuera, 10=esperando afuera, 11=esperando afuera, 12=esperando afuera, 13=esperando afuera, 14=esperando afuera}
MOZOS {1=esperando tareas, 2=esperando tareas}
COCINEROS {1=plato Pasta pronto para mesa 3, 2=plato Ensalada pronto para mesa 3}
CAJEROS {1=esperando clientes}
MESAS {1=OCUPADA - clientes eligiendo, 2=VACIA - esperando limpieza, 3=SERVIDA - clientes comiendo}

[007533 ms] Mozo 1: limpiando mesa 2
CLIENTES {1=pagó y se retiró, 2=pagó y se retiró, 3=pagó y se retiró, 4=pagó y se retiró, 5=comiendo en mesa 3, 6=comiendo en mesa 3, 7=sentado en mesa 1 - eligiendo menú, 8=sentado en mesa 1 - eligiendo menú, 9=esperando afuera, 10=esperando afuera, 11=esperando afuera, 12=esperando afuera, 13=esperando afuera, 14=esperando afuera}
MOZOS {1=limpiando mesa 2, 2=esperando tareas}
COCINEROS {1=plato Pasta pronto para mesa 3, 2=plato Ensalada pronto para mesa 3}
CAJEROS {1=esperando clientes}
MESAS {1=OCUPADA - clientes eligiendo, 2=VACIA - esperando limpieza, 3=SERVIDA - clientes comiendo}

[007579 ms] Cliente 8: eligió Ensalada - esperando mozo
CLIENTES {1=pagó y se retiró, 2=pagó y se retiró, 3=pagó y se retiró, 4=pagó y se retiró, 5=comiendo en mesa 3, 6=comiendo en mesa 3, 7=sentado en mesa 1 - eligiendo menú, 8=eligió Ensalada - esperando mozo, 9=esperando afuera, 10=esperando afuera, 11=esperando afuera, 12=esperando afuera, 13=esperando afuera, 14=esperando afuera}
MOZOS {1=limpiando mesa 2, 2=esperando tareas}
COCINEROS {1=plato Pasta pronto para mesa 3, 2=plato Ensalada pronto para mesa 3}
CAJEROS {1=esperando clientes}
MESAS {1=OCUPADA - clientes eligiendo, 2=VACIA - esperando limpieza, 3=SERVIDA - clientes comiendo}

[007668 ms] Cliente 6: en cola de caja
CLIENTES {1=pagó y se retiró, 2=pagó y se retiró, 3=pagó y se retiró, 4=pagó y se retiró, 5=comiendo en mesa 3, 6=en cola de caja, 7=sentado en mesa 1 - eligiendo menú, 8=eligió Ensalada - esperando mozo, 9=esperando afuera, 10=esperando afuera, 11=esperando afuera, 12=esperando afuera, 13=esperando afuera, 14=esperando afuera}
MOZOS {1=limpiando mesa 2, 2=esperando tareas}
COCINEROS {1=plato Pasta pronto para mesa 3, 2=plato Ensalada pronto para mesa 3}
CAJEROS {1=esperando clientes}
MESAS {1=OCUPADA - clientes eligiendo, 2=VACIA - esperando limpieza, 3=SERVIDA - clientes comiendo}

[007668 ms] Cajero 1: cobrando cliente 6 de mesa 3
CLIENTES {1=pagó y se retiró, 2=pagó y se retiró, 3=pagó y se retiró, 4=pagó y se retiró, 5=comiendo en mesa 3, 6=en cola de caja, 7=sentado en mesa 1 - eligiendo menú, 8=eligió Ensalada - esperando mozo, 9=esperando afuera, 10=esperando afuera, 11=esperando afuera, 12=esperando afuera, 13=esperando afuera, 14=esperando afuera}
MOZOS {1=limpiando mesa 2, 2=esperando tareas}
COCINEROS {1=plato Pasta pronto para mesa 3, 2=plato Ensalada pronto para mesa 3}
CAJEROS {1=cobrando cliente 6 de mesa 3}
MESAS {1=OCUPADA - clientes eligiendo, 2=VACIA - esperando limpieza, 3=SERVIDA - clientes comiendo}

[007749 ms] Cliente 15: llegó al restaurante
CLIENTES {1=pagó y se retiró, 2=pagó y se retiró, 3=pagó y se retiró, 4=pagó y se retiró, 5=comiendo en mesa 3, 6=en cola de caja, 7=sentado en mesa 1 - eligiendo menú, 8=eligió Ensalada - esperando mozo, 9=esperando afuera, 10=esperando afuera, 11=esperando afuera, 12=esperando afuera, 13=esperando afuera, 14=esperando afuera, 15=llegó al restaurante}
MOZOS {1=limpiando mesa 2, 2=esperando tareas}
COCINEROS {1=plato Pasta pronto para mesa 3, 2=plato Ensalada pronto para mesa 3}
CAJEROS {1=cobrando cliente 6 de mesa 3}
MESAS {1=OCUPADA - clientes eligiendo, 2=VACIA - esperando limpieza, 3=SERVIDA - clientes comiendo}

[007749 ms] Cliente 15: esperando afuera
CLIENTES {1=pagó y se retiró, 2=pagó y se retiró, 3=pagó y se retiró, 4=pagó y se retiró, 5=comiendo en mesa 3, 6=en cola de caja, 7=sentado en mesa 1 - eligiendo menú, 8=eligió Ensalada - esperando mozo, 9=esperando afuera, 10=esperando afuera, 11=esperando afuera, 12=esperando afuera, 13=esperando afuera, 14=esperando afuera, 15=esperando afuera}
MOZOS {1=limpiando mesa 2, 2=esperando tareas}
COCINEROS {1=plato Pasta pronto para mesa 3, 2=plato Ensalada pronto para mesa 3}
CAJEROS {1=cobrando cliente 6 de mesa 3}
MESAS {1=OCUPADA - clientes eligiendo, 2=VACIA - esperando limpieza, 3=SERVIDA - clientes comiendo}

[007936 ms] Cliente 5: en cola de caja
CLIENTES {1=pagó y se retiró, 2=pagó y se retiró, 3=pagó y se retiró, 4=pagó y se retiró, 5=en cola de caja, 6=en cola de caja, 7=sentado en mesa 1 - eligiendo menú, 8=eligió Ensalada - esperando mozo, 9=esperando afuera, 10=esperando afuera, 11=esperando afuera, 12=esperando afuera, 13=esperando afuera, 14=esperando afuera, 15=esperando afuera}
MOZOS {1=limpiando mesa 2, 2=esperando tareas}
COCINEROS {1=plato Pasta pronto para mesa 3, 2=plato Ensalada pronto para mesa 3}
CAJEROS {1=cobrando cliente 6 de mesa 3}
MESAS {1=OCUPADA - clientes eligiendo, 2=VACIA - esperando limpieza, 3=SERVIDA - clientes comiendo}

[007988 ms] Mesa 2: LIBRE
CLIENTES {1=pagó y se retiró, 2=pagó y se retiró, 3=pagó y se retiró, 4=pagó y se retiró, 5=en cola de caja, 6=en cola de caja, 7=sentado en mesa 1 - eligiendo menú, 8=eligió Ensalada - esperando mozo, 9=esperando afuera, 10=esperando afuera, 11=esperando afuera, 12=esperando afuera, 13=esperando afuera, 14=esperando afuera, 15=esperando afuera}
MOZOS {1=limpiando mesa 2, 2=esperando tareas}
COCINEROS {1=plato Pasta pronto para mesa 3, 2=plato Ensalada pronto para mesa 3}
CAJEROS {1=cobrando cliente 6 de mesa 3}
MESAS {1=OCUPADA - clientes eligiendo, 2=LIBRE, 3=SERVIDA - clientes comiendo}

[007988 ms] Mesa 2: OCUPADA - clientes eligiendo
CLIENTES {1=pagó y se retiró, 2=pagó y se retiró, 3=pagó y se retiró, 4=pagó y se retiró, 5=en cola de caja, 6=en cola de caja, 7=sentado en mesa 1 - eligiendo menú, 8=eligió Ensalada - esperando mozo, 9=esperando afuera, 10=esperando afuera, 11=esperando afuera, 12=esperando afuera, 13=esperando afuera, 14=esperando afuera, 15=esperando afuera}
MOZOS {1=limpiando mesa 2, 2=esperando tareas}
COCINEROS {1=plato Pasta pronto para mesa 3, 2=plato Ensalada pronto para mesa 3}
CAJEROS {1=cobrando cliente 6 de mesa 3}
MESAS {1=OCUPADA - clientes eligiendo, 2=OCUPADA - clientes eligiendo, 3=SERVIDA - clientes comiendo}

[007988 ms] Cliente 9: sentado en mesa 2 - eligiendo menú
CLIENTES {1=pagó y se retiró, 2=pagó y se retiró, 3=pagó y se retiró, 4=pagó y se retiró, 5=en cola de caja, 6=en cola de caja, 7=sentado en mesa 1 - eligiendo menú, 8=eligió Ensalada - esperando mozo, 9=sentado en mesa 2 - eligiendo menú, 10=esperando afuera, 11=esperando afuera, 12=esperando afuera, 13=esperando afuera, 14=esperando afuera, 15=esperando afuera}
MOZOS {1=limpiando mesa 2, 2=esperando tareas}
COCINEROS {1=plato Pasta pronto para mesa 3, 2=plato Ensalada pronto para mesa 3}
CAJEROS {1=cobrando cliente 6 de mesa 3}
MESAS {1=OCUPADA - clientes eligiendo, 2=OCUPADA - clientes eligiendo, 3=SERVIDA - clientes comiendo}

[007989 ms] Cliente 10: sentado en mesa 2 - eligiendo menú
CLIENTES {1=pagó y se retiró, 2=pagó y se retiró, 3=pagó y se retiró, 4=pagó y se retiró, 5=en cola de caja, 6=en cola de caja, 7=sentado en mesa 1 - eligiendo menú, 8=eligió Ensalada - esperando mozo, 9=sentado en mesa 2 - eligiendo menú, 10=sentado en mesa 2 - eligiendo menú, 11=esperando afuera, 12=esperando afuera, 13=esperando afuera, 14=esperando afuera, 15=esperando afuera}
MOZOS {1=limpiando mesa 2, 2=esperando tareas}
COCINEROS {1=plato Pasta pronto para mesa 3, 2=plato Ensalada pronto para mesa 3}
CAJEROS {1=cobrando cliente 6 de mesa 3}
MESAS {1=OCUPADA - clientes eligiendo, 2=OCUPADA - clientes eligiendo, 3=SERVIDA - clientes comiendo}

[007989 ms] Mozo 1: esperando tareas
CLIENTES {1=pagó y se retiró, 2=pagó y se retiró, 3=pagó y se retiró, 4=pagó y se retiró, 5=en cola de caja, 6=en cola de caja, 7=sentado en mesa 1 - eligiendo menú, 8=eligió Ensalada - esperando mozo, 9=sentado en mesa 2 - eligiendo menú, 10=sentado en mesa 2 - eligiendo menú, 11=esperando afuera, 12=esperando afuera, 13=esperando afuera, 14=esperando afuera, 15=esperando afuera}
MOZOS {1=esperando tareas, 2=esperando tareas}
COCINEROS {1=plato Pasta pronto para mesa 3, 2=plato Ensalada pronto para mesa 3}
CAJEROS {1=cobrando cliente 6 de mesa 3}
MESAS {1=OCUPADA - clientes eligiendo, 2=OCUPADA - clientes eligiendo, 3=SERVIDA - clientes comiendo}

[008159 ms] Cliente 7: eligió Pasta - esperando mozo
CLIENTES {1=pagó y se retiró, 2=pagó y se retiró, 3=pagó y se retiró, 4=pagó y se retiró, 5=en cola de caja, 6=en cola de caja, 7=eligió Pasta - esperando mozo, 8=eligió Ensalada - esperando mozo, 9=sentado en mesa 2 - eligiendo menú, 10=sentado en mesa 2 - eligiendo menú, 11=esperando afuera, 12=esperando afuera, 13=esperando afuera, 14=esperando afuera, 15=esperando afuera}
MOZOS {1=esperando tareas, 2=esperando tareas}
COCINEROS {1=plato Pasta pronto para mesa 3, 2=plato Ensalada pronto para mesa 3}
CAJEROS {1=cobrando cliente 6 de mesa 3}
MESAS {1=OCUPADA - clientes eligiendo, 2=OCUPADA - clientes eligiendo, 3=SERVIDA - clientes comiendo}

[008159 ms] Mozo 1: tomando pedido mesa 1
CLIENTES {1=pagó y se retiró, 2=pagó y se retiró, 3=pagó y se retiró, 4=pagó y se retiró, 5=en cola de caja, 6=en cola de caja, 7=eligió Pasta - esperando mozo, 8=eligió Ensalada - esperando mozo, 9=sentado en mesa 2 - eligiendo menú, 10=sentado en mesa 2 - eligiendo menú, 11=esperando afuera, 12=esperando afuera, 13=esperando afuera, 14=esperando afuera, 15=esperando afuera}
MOZOS {1=tomando pedido mesa 1, 2=esperando tareas}
COCINEROS {1=plato Pasta pronto para mesa 3, 2=plato Ensalada pronto para mesa 3}
CAJEROS {1=cobrando cliente 6 de mesa 3}
MESAS {1=OCUPADA - clientes eligiendo, 2=OCUPADA - clientes eligiendo, 3=SERVIDA - clientes comiendo}

[008268 ms] Cajero 1: esperando clientes
CLIENTES {1=pagó y se retiró, 2=pagó y se retiró, 3=pagó y se retiró, 4=pagó y se retiró, 5=en cola de caja, 6=en cola de caja, 7=eligió Pasta - esperando mozo, 8=eligió Ensalada - esperando mozo, 9=sentado en mesa 2 - eligiendo menú, 10=sentado en mesa 2 - eligiendo menú, 11=esperando afuera, 12=esperando afuera, 13=esperando afuera, 14=esperando afuera, 15=esperando afuera}
MOZOS {1=tomando pedido mesa 1, 2=esperando tareas}
COCINEROS {1=plato Pasta pronto para mesa 3, 2=plato Ensalada pronto para mesa 3}
CAJEROS {1=esperando clientes}
MESAS {1=OCUPADA - clientes eligiendo, 2=OCUPADA - clientes eligiendo, 3=SERVIDA - clientes comiendo}

[008268 ms] Cajero 1: cobrando cliente 5 de mesa 3
CLIENTES {1=pagó y se retiró, 2=pagó y se retiró, 3=pagó y se retiró, 4=pagó y se retiró, 5=en cola de caja, 6=en cola de caja, 7=eligió Pasta - esperando mozo, 8=eligió Ensalada - esperando mozo, 9=sentado en mesa 2 - eligiendo menú, 10=sentado en mesa 2 - eligiendo menú, 11=esperando afuera, 12=esperando afuera, 13=esperando afuera, 14=esperando afuera, 15=esperando afuera}
MOZOS {1=tomando pedido mesa 1, 2=esperando tareas}
COCINEROS {1=plato Pasta pronto para mesa 3, 2=plato Ensalada pronto para mesa 3}
CAJEROS {1=cobrando cliente 5 de mesa 3}
MESAS {1=OCUPADA - clientes eligiendo, 2=OCUPADA - clientes eligiendo, 3=SERVIDA - clientes comiendo}

[008268 ms] Cliente 6: pagó y se retiró
CLIENTES {1=pagó y se retiró, 2=pagó y se retiró, 3=pagó y se retiró, 4=pagó y se retiró, 5=en cola de caja, 6=pagó y se retiró, 7=eligió Pasta - esperando mozo, 8=eligió Ensalada - esperando mozo, 9=sentado en mesa 2 - eligiendo menú, 10=sentado en mesa 2 - eligiendo menú, 11=esperando afuera, 12=esperando afuera, 13=esperando afuera, 14=esperando afuera, 15=esperando afuera}
MOZOS {1=tomando pedido mesa 1, 2=esperando tareas}
COCINEROS {1=plato Pasta pronto para mesa 3, 2=plato Ensalada pronto para mesa 3}
CAJEROS {1=cobrando cliente 5 de mesa 3}
MESAS {1=OCUPADA - clientes eligiendo, 2=OCUPADA - clientes eligiendo, 3=SERVIDA - clientes comiendo}

[008370 ms] Cliente 16: llegó al restaurante
CLIENTES {1=pagó y se retiró, 2=pagó y se retiró, 3=pagó y se retiró, 4=pagó y se retiró, 5=en cola de caja, 6=pagó y se retiró, 7=eligió Pasta - esperando mozo, 8=eligió Ensalada - esperando mozo, 9=sentado en mesa 2 - eligiendo menú, 10=sentado en mesa 2 - eligiendo menú, 11=esperando afuera, 12=esperando afuera, 13=esperando afuera, 14=esperando afuera, 15=esperando afuera, 16=llegó al restaurante}
MOZOS {1=tomando pedido mesa 1, 2=esperando tareas}
COCINEROS {1=plato Pasta pronto para mesa 3, 2=plato Ensalada pronto para mesa 3}
CAJEROS {1=cobrando cliente 5 de mesa 3}
MESAS {1=OCUPADA - clientes eligiendo, 2=OCUPADA - clientes eligiendo, 3=SERVIDA - clientes comiendo}

[008370 ms] Cliente 16: esperando afuera
CLIENTES {1=pagó y se retiró, 2=pagó y se retiró, 3=pagó y se retiró, 4=pagó y se retiró, 5=en cola de caja, 6=pagó y se retiró, 7=eligió Pasta - esperando mozo, 8=eligió Ensalada - esperando mozo, 9=sentado en mesa 2 - eligiendo menú, 10=sentado en mesa 2 - eligiendo menú, 11=esperando afuera, 12=esperando afuera, 13=esperando afuera, 14=esperando afuera, 15=esperando afuera, 16=esperando afuera}
MOZOS {1=tomando pedido mesa 1, 2=esperando tareas}
COCINEROS {1=plato Pasta pronto para mesa 3, 2=plato Ensalada pronto para mesa 3}
CAJEROS {1=cobrando cliente 5 de mesa 3}
MESAS {1=OCUPADA - clientes eligiendo, 2=OCUPADA - clientes eligiendo, 3=SERVIDA - clientes comiendo}

[008466 ms] Mesa 1: PEDIDO EN COCINA
CLIENTES {1=pagó y se retiró, 2=pagó y se retiró, 3=pagó y se retiró, 4=pagó y se retiró, 5=en cola de caja, 6=pagó y se retiró, 7=eligió Pasta - esperando mozo, 8=eligió Ensalada - esperando mozo, 9=sentado en mesa 2 - eligiendo menú, 10=sentado en mesa 2 - eligiendo menú, 11=esperando afuera, 12=esperando afuera, 13=esperando afuera, 14=esperando afuera, 15=esperando afuera, 16=esperando afuera}
MOZOS {1=tomando pedido mesa 1, 2=esperando tareas}
COCINEROS {1=plato Pasta pronto para mesa 3, 2=plato Ensalada pronto para mesa 3}
CAJEROS {1=cobrando cliente 5 de mesa 3}
MESAS {1=PEDIDO EN COCINA, 2=OCUPADA - clientes eligiendo, 3=SERVIDA - clientes comiendo}

[008466 ms] Cliente 8: pedido realizado - esperando comida
CLIENTES {1=pagó y se retiró, 2=pagó y se retiró, 3=pagó y se retiró, 4=pagó y se retiró, 5=en cola de caja, 6=pagó y se retiró, 7=eligió Pasta - esperando mozo, 8=pedido realizado - esperando comida, 9=sentado en mesa 2 - eligiendo menú, 10=sentado en mesa 2 - eligiendo menú, 11=esperando afuera, 12=esperando afuera, 13=esperando afuera, 14=esperando afuera, 15=esperando afuera, 16=esperando afuera}
MOZOS {1=tomando pedido mesa 1, 2=esperando tareas}
COCINEROS {1=plato Pasta pronto para mesa 3, 2=plato Ensalada pronto para mesa 3}
CAJEROS {1=cobrando cliente 5 de mesa 3}
MESAS {1=PEDIDO EN COCINA, 2=OCUPADA - clientes eligiendo, 3=SERVIDA - clientes comiendo}

[008466 ms] Cocinero 2: cocinando Ensalada para mesa 1
CLIENTES {1=pagó y se retiró, 2=pagó y se retiró, 3=pagó y se retiró, 4=pagó y se retiró, 5=en cola de caja, 6=pagó y se retiró, 7=eligió Pasta - esperando mozo, 8=pedido realizado - esperando comida, 9=sentado en mesa 2 - eligiendo menú, 10=sentado en mesa 2 - eligiendo menú, 11=esperando afuera, 12=esperando afuera, 13=esperando afuera, 14=esperando afuera, 15=esperando afuera, 16=esperando afuera}
MOZOS {1=tomando pedido mesa 1, 2=esperando tareas}
COCINEROS {1=plato Pasta pronto para mesa 3, 2=cocinando Ensalada para mesa 1}
CAJEROS {1=cobrando cliente 5 de mesa 3}
MESAS {1=PEDIDO EN COCINA, 2=OCUPADA - clientes eligiendo, 3=SERVIDA - clientes comiendo}

[008466 ms] Cliente 7: pedido realizado - esperando comida
CLIENTES {1=pagó y se retiró, 2=pagó y se retiró, 3=pagó y se retiró, 4=pagó y se retiró, 5=en cola de caja, 6=pagó y se retiró, 7=pedido realizado - esperando comida, 8=pedido realizado - esperando comida, 9=sentado en mesa 2 - eligiendo menú, 10=sentado en mesa 2 - eligiendo menú, 11=esperando afuera, 12=esperando afuera, 13=esperando afuera, 14=esperando afuera, 15=esperando afuera, 16=esperando afuera}
MOZOS {1=tomando pedido mesa 1, 2=esperando tareas}
COCINEROS {1=plato Pasta pronto para mesa 3, 2=cocinando Ensalada para mesa 1}
CAJEROS {1=cobrando cliente 5 de mesa 3}
MESAS {1=PEDIDO EN COCINA, 2=OCUPADA - clientes eligiendo, 3=SERVIDA - clientes comiendo}

[008466 ms] Cocinero 1: cocinando Pasta para mesa 1
CLIENTES {1=pagó y se retiró, 2=pagó y se retiró, 3=pagó y se retiró, 4=pagó y se retiró, 5=en cola de caja, 6=pagó y se retiró, 7=pedido realizado - esperando comida, 8=pedido realizado - esperando comida, 9=sentado en mesa 2 - eligiendo menú, 10=sentado en mesa 2 - eligiendo menú, 11=esperando afuera, 12=esperando afuera, 13=esperando afuera, 14=esperando afuera, 15=esperando afuera, 16=esperando afuera}
MOZOS {1=tomando pedido mesa 1, 2=esperando tareas}
COCINEROS {1=cocinando Pasta para mesa 1, 2=cocinando Ensalada para mesa 1}
CAJEROS {1=cobrando cliente 5 de mesa 3}
MESAS {1=PEDIDO EN COCINA, 2=OCUPADA - clientes eligiendo, 3=SERVIDA - clientes comiendo}

[008466 ms] Mozo 1: esperando tareas
CLIENTES {1=pagó y se retiró, 2=pagó y se retiró, 3=pagó y se retiró, 4=pagó y se retiró, 5=en cola de caja, 6=pagó y se retiró, 7=pedido realizado - esperando comida, 8=pedido realizado - esperando comida, 9=sentado en mesa 2 - eligiendo menú, 10=sentado en mesa 2 - eligiendo menú, 11=esperando afuera, 12=esperando afuera, 13=esperando afuera, 14=esperando afuera, 15=esperando afuera, 16=esperando afuera}
MOZOS {1=esperando tareas, 2=esperando tareas}
COCINEROS {1=cocinando Pasta para mesa 1, 2=cocinando Ensalada para mesa 1}
CAJEROS {1=cobrando cliente 5 de mesa 3}
MESAS {1=PEDIDO EN COCINA, 2=OCUPADA - clientes eligiendo, 3=SERVIDA - clientes comiendo}

[008689 ms] Cliente 17: llegó al restaurante
CLIENTES {1=pagó y se retiró, 2=pagó y se retiró, 3=pagó y se retiró, 4=pagó y se retiró, 5=en cola de caja, 6=pagó y se retiró, 7=pedido realizado - esperando comida, 8=pedido realizado - esperando comida, 9=sentado en mesa 2 - eligiendo menú, 10=sentado en mesa 2 - eligiendo menú, 11=esperando afuera, 12=esperando afuera, 13=esperando afuera, 14=esperando afuera, 15=esperando afuera, 16=esperando afuera, 17=llegó al restaurante}
MOZOS {1=esperando tareas, 2=esperando tareas}
COCINEROS {1=cocinando Pasta para mesa 1, 2=cocinando Ensalada para mesa 1}
CAJEROS {1=cobrando cliente 5 de mesa 3}
MESAS {1=PEDIDO EN COCINA, 2=OCUPADA - clientes eligiendo, 3=SERVIDA - clientes comiendo}

[008690 ms] Cliente 17: esperando afuera
CLIENTES {1=pagó y se retiró, 2=pagó y se retiró, 3=pagó y se retiró, 4=pagó y se retiró, 5=en cola de caja, 6=pagó y se retiró, 7=pedido realizado - esperando comida, 8=pedido realizado - esperando comida, 9=sentado en mesa 2 - eligiendo menú, 10=sentado en mesa 2 - eligiendo menú, 11=esperando afuera, 12=esperando afuera, 13=esperando afuera, 14=esperando afuera, 15=esperando afuera, 16=esperando afuera, 17=esperando afuera}
MOZOS {1=esperando tareas, 2=esperando tareas}
COCINEROS {1=cocinando Pasta para mesa 1, 2=cocinando Ensalada para mesa 1}
CAJEROS {1=cobrando cliente 5 de mesa 3}
MESAS {1=PEDIDO EN COCINA, 2=OCUPADA - clientes eligiendo, 3=SERVIDA - clientes comiendo}

[008774 ms] Cliente 9: eligió Pasta - esperando mozo
CLIENTES {1=pagó y se retiró, 2=pagó y se retiró, 3=pagó y se retiró, 4=pagó y se retiró, 5=en cola de caja, 6=pagó y se retiró, 7=pedido realizado - esperando comida, 8=pedido realizado - esperando comida, 9=eligió Pasta - esperando mozo, 10=sentado en mesa 2 - eligiendo menú, 11=esperando afuera, 12=esperando afuera, 13=esperando afuera, 14=esperando afuera, 15=esperando afuera, 16=esperando afuera, 17=esperando afuera}
MOZOS {1=esperando tareas, 2=esperando tareas}
COCINEROS {1=cocinando Pasta para mesa 1, 2=cocinando Ensalada para mesa 1}
CAJEROS {1=cobrando cliente 5 de mesa 3}
MESAS {1=PEDIDO EN COCINA, 2=OCUPADA - clientes eligiendo, 3=SERVIDA - clientes comiendo}

[008814 ms] Cliente 10: eligió Ensalada - esperando mozo
CLIENTES {1=pagó y se retiró, 2=pagó y se retiró, 3=pagó y se retiró, 4=pagó y se retiró, 5=en cola de caja, 6=pagó y se retiró, 7=pedido realizado - esperando comida, 8=pedido realizado - esperando comida, 9=eligió Pasta - esperando mozo, 10=eligió Ensalada - esperando mozo, 11=esperando afuera, 12=esperando afuera, 13=esperando afuera, 14=esperando afuera, 15=esperando afuera, 16=esperando afuera, 17=esperando afuera}
MOZOS {1=esperando tareas, 2=esperando tareas}
COCINEROS {1=cocinando Pasta para mesa 1, 2=cocinando Ensalada para mesa 1}
CAJEROS {1=cobrando cliente 5 de mesa 3}
MESAS {1=PEDIDO EN COCINA, 2=OCUPADA - clientes eligiendo, 3=SERVIDA - clientes comiendo}

[008814 ms] Mozo 2: tomando pedido mesa 2
CLIENTES {1=pagó y se retiró, 2=pagó y se retiró, 3=pagó y se retiró, 4=pagó y se retiró, 5=en cola de caja, 6=pagó y se retiró, 7=pedido realizado - esperando comida, 8=pedido realizado - esperando comida, 9=eligió Pasta - esperando mozo, 10=eligió Ensalada - esperando mozo, 11=esperando afuera, 12=esperando afuera, 13=esperando afuera, 14=esperando afuera, 15=esperando afuera, 16=esperando afuera, 17=esperando afuera}
MOZOS {1=esperando tareas, 2=tomando pedido mesa 2}
COCINEROS {1=cocinando Pasta para mesa 1, 2=cocinando Ensalada para mesa 1}
CAJEROS {1=cobrando cliente 5 de mesa 3}
MESAS {1=PEDIDO EN COCINA, 2=OCUPADA - clientes eligiendo, 3=SERVIDA - clientes comiendo}

[008834 ms] Cajero 1: esperando clientes
CLIENTES {1=pagó y se retiró, 2=pagó y se retiró, 3=pagó y se retiró, 4=pagó y se retiró, 5=en cola de caja, 6=pagó y se retiró, 7=pedido realizado - esperando comida, 8=pedido realizado - esperando comida, 9=eligió Pasta - esperando mozo, 10=eligió Ensalada - esperando mozo, 11=esperando afuera, 12=esperando afuera, 13=esperando afuera, 14=esperando afuera, 15=esperando afuera, 16=esperando afuera, 17=esperando afuera}
MOZOS {1=esperando tareas, 2=tomando pedido mesa 2}
COCINEROS {1=cocinando Pasta para mesa 1, 2=cocinando Ensalada para mesa 1}
CAJEROS {1=esperando clientes}
MESAS {1=PEDIDO EN COCINA, 2=OCUPADA - clientes eligiendo, 3=SERVIDA - clientes comiendo}

[008834 ms] Cliente 5: pagó y se retiró
CLIENTES {1=pagó y se retiró, 2=pagó y se retiró, 3=pagó y se retiró, 4=pagó y se retiró, 5=pagó y se retiró, 6=pagó y se retiró, 7=pedido realizado - esperando comida, 8=pedido realizado - esperando comida, 9=eligió Pasta - esperando mozo, 10=eligió Ensalada - esperando mozo, 11=esperando afuera, 12=esperando afuera, 13=esperando afuera, 14=esperando afuera, 15=esperando afuera, 16=esperando afuera, 17=esperando afuera}
MOZOS {1=esperando tareas, 2=tomando pedido mesa 2}
COCINEROS {1=cocinando Pasta para mesa 1, 2=cocinando Ensalada para mesa 1}
CAJEROS {1=esperando clientes}
MESAS {1=PEDIDO EN COCINA, 2=OCUPADA - clientes eligiendo, 3=SERVIDA - clientes comiendo}

[008834 ms] Mesa 3: VACIA - esperando limpieza
CLIENTES {1=pagó y se retiró, 2=pagó y se retiró, 3=pagó y se retiró, 4=pagó y se retiró, 5=pagó y se retiró, 6=pagó y se retiró, 7=pedido realizado - esperando comida, 8=pedido realizado - esperando comida, 9=eligió Pasta - esperando mozo, 10=eligió Ensalada - esperando mozo, 11=esperando afuera, 12=esperando afuera, 13=esperando afuera, 14=esperando afuera, 15=esperando afuera, 16=esperando afuera, 17=esperando afuera}
MOZOS {1=esperando tareas, 2=tomando pedido mesa 2}
COCINEROS {1=cocinando Pasta para mesa 1, 2=cocinando Ensalada para mesa 1}
CAJEROS {1=esperando clientes}
MESAS {1=PEDIDO EN COCINA, 2=OCUPADA - clientes eligiendo, 3=VACIA - esperando limpieza}

[008834 ms] Mozo 1: limpiando mesa 3
CLIENTES {1=pagó y se retiró, 2=pagó y se retiró, 3=pagó y se retiró, 4=pagó y se retiró, 5=pagó y se retiró, 6=pagó y se retiró, 7=pedido realizado - esperando comida, 8=pedido realizado - esperando comida, 9=eligió Pasta - esperando mozo, 10=eligió Ensalada - esperando mozo, 11=esperando afuera, 12=esperando afuera, 13=esperando afuera, 14=esperando afuera, 15=esperando afuera, 16=esperando afuera, 17=esperando afuera}
MOZOS {1=limpiando mesa 3, 2=tomando pedido mesa 2}
COCINEROS {1=cocinando Pasta para mesa 1, 2=cocinando Ensalada para mesa 1}
CAJEROS {1=esperando clientes}
MESAS {1=PEDIDO EN COCINA, 2=OCUPADA - clientes eligiendo, 3=VACIA - esperando limpieza}

[008840 ms] Cocinero 2: plato Ensalada pronto para mesa 1
CLIENTES {1=pagó y se retiró, 2=pagó y se retiró, 3=pagó y se retiró, 4=pagó y se retiró, 5=pagó y se retiró, 6=pagó y se retiró, 7=pedido realizado - esperando comida, 8=pedido realizado - esperando comida, 9=eligió Pasta - esperando mozo, 10=eligió Ensalada - esperando mozo, 11=esperando afuera, 12=esperando afuera, 13=esperando afuera, 14=esperando afuera, 15=esperando afuera, 16=esperando afuera, 17=esperando afuera}
MOZOS {1=limpiando mesa 3, 2=tomando pedido mesa 2}
COCINEROS {1=cocinando Pasta para mesa 1, 2=plato Ensalada pronto para mesa 1}
CAJEROS {1=esperando clientes}
MESAS {1=PEDIDO EN COCINA, 2=OCUPADA - clientes eligiendo, 3=VACIA - esperando limpieza}

[009048 ms] Mesa 3: LIBRE
CLIENTES {1=pagó y se retiró, 2=pagó y se retiró, 3=pagó y se retiró, 4=pagó y se retiró, 5=pagó y se retiró, 6=pagó y se retiró, 7=pedido realizado - esperando comida, 8=pedido realizado - esperando comida, 9=eligió Pasta - esperando mozo, 10=eligió Ensalada - esperando mozo, 11=esperando afuera, 12=esperando afuera, 13=esperando afuera, 14=esperando afuera, 15=esperando afuera, 16=esperando afuera, 17=esperando afuera}
MOZOS {1=limpiando mesa 3, 2=tomando pedido mesa 2}
COCINEROS {1=cocinando Pasta para mesa 1, 2=plato Ensalada pronto para mesa 1}
CAJEROS {1=esperando clientes}
MESAS {1=PEDIDO EN COCINA, 2=OCUPADA - clientes eligiendo, 3=LIBRE}

[009048 ms] Mesa 3: OCUPADA - clientes eligiendo
CLIENTES {1=pagó y se retiró, 2=pagó y se retiró, 3=pagó y se retiró, 4=pagó y se retiró, 5=pagó y se retiró, 6=pagó y se retiró, 7=pedido realizado - esperando comida, 8=pedido realizado - esperando comida, 9=eligió Pasta - esperando mozo, 10=eligió Ensalada - esperando mozo, 11=esperando afuera, 12=esperando afuera, 13=esperando afuera, 14=esperando afuera, 15=esperando afuera, 16=esperando afuera, 17=esperando afuera}
MOZOS {1=limpiando mesa 3, 2=tomando pedido mesa 2}
COCINEROS {1=cocinando Pasta para mesa 1, 2=plato Ensalada pronto para mesa 1}
CAJEROS {1=esperando clientes}
MESAS {1=PEDIDO EN COCINA, 2=OCUPADA - clientes eligiendo, 3=OCUPADA - clientes eligiendo}

[009048 ms] Mozo 1: esperando tareas
CLIENTES {1=pagó y se retiró, 2=pagó y se retiró, 3=pagó y se retiró, 4=pagó y se retiró, 5=pagó y se retiró, 6=pagó y se retiró, 7=pedido realizado - esperando comida, 8=pedido realizado - esperando comida, 9=eligió Pasta - esperando mozo, 10=eligió Ensalada - esperando mozo, 11=esperando afuera, 12=esperando afuera, 13=esperando afuera, 14=esperando afuera, 15=esperando afuera, 16=esperando afuera, 17=esperando afuera}
MOZOS {1=esperando tareas, 2=tomando pedido mesa 2}
COCINEROS {1=cocinando Pasta para mesa 1, 2=plato Ensalada pronto para mesa 1}
CAJEROS {1=esperando clientes}
MESAS {1=PEDIDO EN COCINA, 2=OCUPADA - clientes eligiendo, 3=OCUPADA - clientes eligiendo}

[009048 ms] Cliente 11: sentado en mesa 3 - eligiendo menú
CLIENTES {1=pagó y se retiró, 2=pagó y se retiró, 3=pagó y se retiró, 4=pagó y se retiró, 5=pagó y se retiró, 6=pagó y se retiró, 7=pedido realizado - esperando comida, 8=pedido realizado - esperando comida, 9=eligió Pasta - esperando mozo, 10=eligió Ensalada - esperando mozo, 11=sentado en mesa 3 - eligiendo menú, 12=esperando afuera, 13=esperando afuera, 14=esperando afuera, 15=esperando afuera, 16=esperando afuera, 17=esperando afuera}
MOZOS {1=esperando tareas, 2=tomando pedido mesa 2}
COCINEROS {1=cocinando Pasta para mesa 1, 2=plato Ensalada pronto para mesa 1}
CAJEROS {1=esperando clientes}
MESAS {1=PEDIDO EN COCINA, 2=OCUPADA - clientes eligiendo, 3=OCUPADA - clientes eligiendo}

[009048 ms] Cliente 12: sentado en mesa 3 - eligiendo menú
CLIENTES {1=pagó y se retiró, 2=pagó y se retiró, 3=pagó y se retiró, 4=pagó y se retiró, 5=pagó y se retiró, 6=pagó y se retiró, 7=pedido realizado - esperando comida, 8=pedido realizado - esperando comida, 9=eligió Pasta - esperando mozo, 10=eligió Ensalada - esperando mozo, 11=sentado en mesa 3 - eligiendo menú, 12=sentado en mesa 3 - eligiendo menú, 13=esperando afuera, 14=esperando afuera, 15=esperando afuera, 16=esperando afuera, 17=esperando afuera}
MOZOS {1=esperando tareas, 2=tomando pedido mesa 2}
COCINEROS {1=cocinando Pasta para mesa 1, 2=plato Ensalada pronto para mesa 1}
CAJEROS {1=esperando clientes}
MESAS {1=PEDIDO EN COCINA, 2=OCUPADA - clientes eligiendo, 3=OCUPADA - clientes eligiendo}

[009246 ms] Mesa 2: PEDIDO EN COCINA
CLIENTES {1=pagó y se retiró, 2=pagó y se retiró, 3=pagó y se retiró, 4=pagó y se retiró, 5=pagó y se retiró, 6=pagó y se retiró, 7=pedido realizado - esperando comida, 8=pedido realizado - esperando comida, 9=eligió Pasta - esperando mozo, 10=eligió Ensalada - esperando mozo, 11=sentado en mesa 3 - eligiendo menú, 12=sentado en mesa 3 - eligiendo menú, 13=esperando afuera, 14=esperando afuera, 15=esperando afuera, 16=esperando afuera, 17=esperando afuera}
MOZOS {1=esperando tareas, 2=tomando pedido mesa 2}
COCINEROS {1=cocinando Pasta para mesa 1, 2=plato Ensalada pronto para mesa 1}
CAJEROS {1=esperando clientes}
MESAS {1=PEDIDO EN COCINA, 2=PEDIDO EN COCINA, 3=OCUPADA - clientes eligiendo}

[009246 ms] Cliente 10: pedido realizado - esperando comida
CLIENTES {1=pagó y se retiró, 2=pagó y se retiró, 3=pagó y se retiró, 4=pagó y se retiró, 5=pagó y se retiró, 6=pagó y se retiró, 7=pedido realizado - esperando comida, 8=pedido realizado - esperando comida, 9=eligió Pasta - esperando mozo, 10=pedido realizado - esperando comida, 11=sentado en mesa 3 - eligiendo menú, 12=sentado en mesa 3 - eligiendo menú, 13=esperando afuera, 14=esperando afuera, 15=esperando afuera, 16=esperando afuera, 17=esperando afuera}
MOZOS {1=esperando tareas, 2=tomando pedido mesa 2}
COCINEROS {1=cocinando Pasta para mesa 1, 2=plato Ensalada pronto para mesa 1}
CAJEROS {1=esperando clientes}
MESAS {1=PEDIDO EN COCINA, 2=PEDIDO EN COCINA, 3=OCUPADA - clientes eligiendo}

[009246 ms] Cocinero 2: cocinando Pasta para mesa 2
CLIENTES {1=pagó y se retiró, 2=pagó y se retiró, 3=pagó y se retiró, 4=pagó y se retiró, 5=pagó y se retiró, 6=pagó y se retiró, 7=pedido realizado - esperando comida, 8=pedido realizado - esperando comida, 9=eligió Pasta - esperando mozo, 10=pedido realizado - esperando comida, 11=sentado en mesa 3 - eligiendo menú, 12=sentado en mesa 3 - eligiendo menú, 13=esperando afuera, 14=esperando afuera, 15=esperando afuera, 16=esperando afuera, 17=esperando afuera}
MOZOS {1=esperando tareas, 2=tomando pedido mesa 2}
COCINEROS {1=cocinando Pasta para mesa 1, 2=cocinando Pasta para mesa 2}
CAJEROS {1=esperando clientes}
MESAS {1=PEDIDO EN COCINA, 2=PEDIDO EN COCINA, 3=OCUPADA - clientes eligiendo}

[009246 ms] Cliente 9: pedido realizado - esperando comida
CLIENTES {1=pagó y se retiró, 2=pagó y se retiró, 3=pagó y se retiró, 4=pagó y se retiró, 5=pagó y se retiró, 6=pagó y se retiró, 7=pedido realizado - esperando comida, 8=pedido realizado - esperando comida, 9=pedido realizado - esperando comida, 10=pedido realizado - esperando comida, 11=sentado en mesa 3 - eligiendo menú, 12=sentado en mesa 3 - eligiendo menú, 13=esperando afuera, 14=esperando afuera, 15=esperando afuera, 16=esperando afuera, 17=esperando afuera}
MOZOS {1=esperando tareas, 2=tomando pedido mesa 2}
COCINEROS {1=cocinando Pasta para mesa 1, 2=cocinando Pasta para mesa 2}
CAJEROS {1=esperando clientes}
MESAS {1=PEDIDO EN COCINA, 2=PEDIDO EN COCINA, 3=OCUPADA - clientes eligiendo}

[009246 ms] Mozo 2: esperando tareas
CLIENTES {1=pagó y se retiró, 2=pagó y se retiró, 3=pagó y se retiró, 4=pagó y se retiró, 5=pagó y se retiró, 6=pagó y se retiró, 7=pedido realizado - esperando comida, 8=pedido realizado - esperando comida, 9=pedido realizado - esperando comida, 10=pedido realizado - esperando comida, 11=sentado en mesa 3 - eligiendo menú, 12=sentado en mesa 3 - eligiendo menú, 13=esperando afuera, 14=esperando afuera, 15=esperando afuera, 16=esperando afuera, 17=esperando afuera}
MOZOS {1=esperando tareas, 2=esperando tareas}
COCINEROS {1=cocinando Pasta para mesa 1, 2=cocinando Pasta para mesa 2}
CAJEROS {1=esperando clientes}
MESAS {1=PEDIDO EN COCINA, 2=PEDIDO EN COCINA, 3=OCUPADA - clientes eligiendo}

[009305 ms] Cliente 18: llegó al restaurante
CLIENTES {1=pagó y se retiró, 2=pagó y se retiró, 3=pagó y se retiró, 4=pagó y se retiró, 5=pagó y se retiró, 6=pagó y se retiró, 7=pedido realizado - esperando comida, 8=pedido realizado - esperando comida, 9=pedido realizado - esperando comida, 10=pedido realizado - esperando comida, 11=sentado en mesa 3 - eligiendo menú, 12=sentado en mesa 3 - eligiendo menú, 13=esperando afuera, 14=esperando afuera, 15=esperando afuera, 16=esperando afuera, 17=esperando afuera, 18=llegó al restaurante}
MOZOS {1=esperando tareas, 2=esperando tareas}
COCINEROS {1=cocinando Pasta para mesa 1, 2=cocinando Pasta para mesa 2}
CAJEROS {1=esperando clientes}
MESAS {1=PEDIDO EN COCINA, 2=PEDIDO EN COCINA, 3=OCUPADA - clientes eligiendo}

[009305 ms] Cliente 18: esperando afuera
CLIENTES {1=pagó y se retiró, 2=pagó y se retiró, 3=pagó y se retiró, 4=pagó y se retiró, 5=pagó y se retiró, 6=pagó y se retiró, 7=pedido realizado - esperando comida, 8=pedido realizado - esperando comida, 9=pedido realizado - esperando comida, 10=pedido realizado - esperando comida, 11=sentado en mesa 3 - eligiendo menú, 12=sentado en mesa 3 - eligiendo menú, 13=esperando afuera, 14=esperando afuera, 15=esperando afuera, 16=esperando afuera, 17=esperando afuera, 18=esperando afuera}
MOZOS {1=esperando tareas, 2=esperando tareas}
COCINEROS {1=cocinando Pasta para mesa 1, 2=cocinando Pasta para mesa 2}
CAJEROS {1=esperando clientes}
MESAS {1=PEDIDO EN COCINA, 2=PEDIDO EN COCINA, 3=OCUPADA - clientes eligiendo}

[009329 ms] Cocinero 1: plato Pasta pronto para mesa 1
CLIENTES {1=pagó y se retiró, 2=pagó y se retiró, 3=pagó y se retiró, 4=pagó y se retiró, 5=pagó y se retiró, 6=pagó y se retiró, 7=pedido realizado - esperando comida, 8=pedido realizado - esperando comida, 9=pedido realizado - esperando comida, 10=pedido realizado - esperando comida, 11=sentado en mesa 3 - eligiendo menú, 12=sentado en mesa 3 - eligiendo menú, 13=esperando afuera, 14=esperando afuera, 15=esperando afuera, 16=esperando afuera, 17=esperando afuera, 18=esperando afuera}
MOZOS {1=esperando tareas, 2=esperando tareas}
COCINEROS {1=plato Pasta pronto para mesa 1, 2=cocinando Pasta para mesa 2}
CAJEROS {1=esperando clientes}
MESAS {1=PEDIDO EN COCINA, 2=PEDIDO EN COCINA, 3=OCUPADA - clientes eligiendo}

[009329 ms] Cocinero 1: cocinando Ensalada para mesa 2
CLIENTES {1=pagó y se retiró, 2=pagó y se retiró, 3=pagó y se retiró, 4=pagó y se retiró, 5=pagó y se retiró, 6=pagó y se retiró, 7=pedido realizado - esperando comida, 8=pedido realizado - esperando comida, 9=pedido realizado - esperando comida, 10=pedido realizado - esperando comida, 11=sentado en mesa 3 - eligiendo menú, 12=sentado en mesa 3 - eligiendo menú, 13=esperando afuera, 14=esperando afuera, 15=esperando afuera, 16=esperando afuera, 17=esperando afuera, 18=esperando afuera}
MOZOS {1=esperando tareas, 2=esperando tareas}
COCINEROS {1=cocinando Ensalada para mesa 2, 2=cocinando Pasta para mesa 2}
CAJEROS {1=esperando clientes}
MESAS {1=PEDIDO EN COCINA, 2=PEDIDO EN COCINA, 3=OCUPADA - clientes eligiendo}

[009329 ms] Mesa 1: PLATOS PRONTOS - esperando mozo
CLIENTES {1=pagó y se retiró, 2=pagó y se retiró, 3=pagó y se retiró, 4=pagó y se retiró, 5=pagó y se retiró, 6=pagó y se retiró, 7=pedido realizado - esperando comida, 8=pedido realizado - esperando comida, 9=pedido realizado - esperando comida, 10=pedido realizado - esperando comida, 11=sentado en mesa 3 - eligiendo menú, 12=sentado en mesa 3 - eligiendo menú, 13=esperando afuera, 14=esperando afuera, 15=esperando afuera, 16=esperando afuera, 17=esperando afuera, 18=esperando afuera}
MOZOS {1=esperando tareas, 2=esperando tareas}
COCINEROS {1=cocinando Ensalada para mesa 2, 2=cocinando Pasta para mesa 2}
CAJEROS {1=esperando clientes}
MESAS {1=PLATOS PRONTOS - esperando mozo, 2=PEDIDO EN COCINA, 3=OCUPADA - clientes eligiendo}

[009329 ms] Mozo 1: sirviendo mesa 1
CLIENTES {1=pagó y se retiró, 2=pagó y se retiró, 3=pagó y se retiró, 4=pagó y se retiró, 5=pagó y se retiró, 6=pagó y se retiró, 7=pedido realizado - esperando comida, 8=pedido realizado - esperando comida, 9=pedido realizado - esperando comida, 10=pedido realizado - esperando comida, 11=sentado en mesa 3 - eligiendo menú, 12=sentado en mesa 3 - eligiendo menú, 13=esperando afuera, 14=esperando afuera, 15=esperando afuera, 16=esperando afuera, 17=esperando afuera, 18=esperando afuera}
MOZOS {1=sirviendo mesa 1, 2=esperando tareas}
COCINEROS {1=cocinando Ensalada para mesa 2, 2=cocinando Pasta para mesa 2}
CAJEROS {1=esperando clientes}
MESAS {1=PLATOS PRONTOS - esperando mozo, 2=PEDIDO EN COCINA, 3=OCUPADA - clientes eligiendo}

[009650 ms] Mesa 1: SERVIDA - clientes comiendo
CLIENTES {1=pagó y se retiró, 2=pagó y se retiró, 3=pagó y se retiró, 4=pagó y se retiró, 5=pagó y se retiró, 6=pagó y se retiró, 7=pedido realizado - esperando comida, 8=pedido realizado - esperando comida, 9=pedido realizado - esperando comida, 10=pedido realizado - esperando comida, 11=sentado en mesa 3 - eligiendo menú, 12=sentado en mesa 3 - eligiendo menú, 13=esperando afuera, 14=esperando afuera, 15=esperando afuera, 16=esperando afuera, 17=esperando afuera, 18=esperando afuera}
MOZOS {1=sirviendo mesa 1, 2=esperando tareas}
COCINEROS {1=cocinando Ensalada para mesa 2, 2=cocinando Pasta para mesa 2}
CAJEROS {1=esperando clientes}
MESAS {1=SERVIDA - clientes comiendo, 2=PEDIDO EN COCINA, 3=OCUPADA - clientes eligiendo}

[009650 ms] Mozo 1: esperando tareas
CLIENTES {1=pagó y se retiró, 2=pagó y se retiró, 3=pagó y se retiró, 4=pagó y se retiró, 5=pagó y se retiró, 6=pagó y se retiró, 7=pedido realizado - esperando comida, 8=pedido realizado - esperando comida, 9=pedido realizado - esperando comida, 10=pedido realizado - esperando comida, 11=sentado en mesa 3 - eligiendo menú, 12=sentado en mesa 3 - eligiendo menú, 13=esperando afuera, 14=esperando afuera, 15=esperando afuera, 16=esperando afuera, 17=esperando afuera, 18=esperando afuera}
MOZOS {1=esperando tareas, 2=esperando tareas}
COCINEROS {1=cocinando Ensalada para mesa 2, 2=cocinando Pasta para mesa 2}
CAJEROS {1=esperando clientes}
MESAS {1=SERVIDA - clientes comiendo, 2=PEDIDO EN COCINA, 3=OCUPADA - clientes eligiendo}

[009650 ms] Cliente 7: comiendo en mesa 1
CLIENTES {1=pagó y se retiró, 2=pagó y se retiró, 3=pagó y se retiró, 4=pagó y se retiró, 5=pagó y se retiró, 6=pagó y se retiró, 7=comiendo en mesa 1, 8=pedido realizado - esperando comida, 9=pedido realizado - esperando comida, 10=pedido realizado - esperando comida, 11=sentado en mesa 3 - eligiendo menú, 12=sentado en mesa 3 - eligiendo menú, 13=esperando afuera, 14=esperando afuera, 15=esperando afuera, 16=esperando afuera, 17=esperando afuera, 18=esperando afuera}
MOZOS {1=esperando tareas, 2=esperando tareas}
COCINEROS {1=cocinando Ensalada para mesa 2, 2=cocinando Pasta para mesa 2}
CAJEROS {1=esperando clientes}
MESAS {1=SERVIDA - clientes comiendo, 2=PEDIDO EN COCINA, 3=OCUPADA - clientes eligiendo}

[009650 ms] Cliente 8: comiendo en mesa 1
CLIENTES {1=pagó y se retiró, 2=pagó y se retiró, 3=pagó y se retiró, 4=pagó y se retiró, 5=pagó y se retiró, 6=pagó y se retiró, 7=comiendo en mesa 1, 8=comiendo en mesa 1, 9=pedido realizado - esperando comida, 10=pedido realizado - esperando comida, 11=sentado en mesa 3 - eligiendo menú, 12=sentado en mesa 3 - eligiendo menú, 13=esperando afuera, 14=esperando afuera, 15=esperando afuera, 16=esperando afuera, 17=esperando afuera, 18=esperando afuera}
MOZOS {1=esperando tareas, 2=esperando tareas}
COCINEROS {1=cocinando Ensalada para mesa 2, 2=cocinando Pasta para mesa 2}
CAJEROS {1=esperando clientes}
MESAS {1=SERVIDA - clientes comiendo, 2=PEDIDO EN COCINA, 3=OCUPADA - clientes eligiendo}

[009677 ms] Cocinero 1: plato Ensalada pronto para mesa 2
CLIENTES {1=pagó y se retiró, 2=pagó y se retiró, 3=pagó y se retiró, 4=pagó y se retiró, 5=pagó y se retiró, 6=pagó y se retiró, 7=comiendo en mesa 1, 8=comiendo en mesa 1, 9=pedido realizado - esperando comida, 10=pedido realizado - esperando comida, 11=sentado en mesa 3 - eligiendo menú, 12=sentado en mesa 3 - eligiendo menú, 13=esperando afuera, 14=esperando afuera, 15=esperando afuera, 16=esperando afuera, 17=esperando afuera, 18=esperando afuera}
MOZOS {1=esperando tareas, 2=esperando tareas}
COCINEROS {1=plato Ensalada pronto para mesa 2, 2=cocinando Pasta para mesa 2}
CAJEROS {1=esperando clientes}
MESAS {1=SERVIDA - clientes comiendo, 2=PEDIDO EN COCINA, 3=OCUPADA - clientes eligiendo}

[009786 ms] Cliente 12: eligió Pasta - esperando mozo
CLIENTES {1=pagó y se retiró, 2=pagó y se retiró, 3=pagó y se retiró, 4=pagó y se retiró, 5=pagó y se retiró, 6=pagó y se retiró, 7=comiendo en mesa 1, 8=comiendo en mesa 1, 9=pedido realizado - esperando comida, 10=pedido realizado - esperando comida, 11=sentado en mesa 3 - eligiendo menú, 12=eligió Pasta - esperando mozo, 13=esperando afuera, 14=esperando afuera, 15=esperando afuera, 16=esperando afuera, 17=esperando afuera, 18=esperando afuera}
MOZOS {1=esperando tareas, 2=esperando tareas}
COCINEROS {1=plato Ensalada pronto para mesa 2, 2=cocinando Pasta para mesa 2}
CAJEROS {1=esperando clientes}
MESAS {1=SERVIDA - clientes comiendo, 2=PEDIDO EN COCINA, 3=OCUPADA - clientes eligiendo}

[009796 ms] Mesa 2: PLATOS PRONTOS - esperando mozo
CLIENTES {1=pagó y se retiró, 2=pagó y se retiró, 3=pagó y se retiró, 4=pagó y se retiró, 5=pagó y se retiró, 6=pagó y se retiró, 7=comiendo en mesa 1, 8=comiendo en mesa 1, 9=pedido realizado - esperando comida, 10=pedido realizado - esperando comida, 11=sentado en mesa 3 - eligiendo menú, 12=eligió Pasta - esperando mozo, 13=esperando afuera, 14=esperando afuera, 15=esperando afuera, 16=esperando afuera, 17=esperando afuera, 18=esperando afuera}
MOZOS {1=esperando tareas, 2=esperando tareas}
COCINEROS {1=plato Ensalada pronto para mesa 2, 2=cocinando Pasta para mesa 2}
CAJEROS {1=esperando clientes}
MESAS {1=SERVIDA - clientes comiendo, 2=PLATOS PRONTOS - esperando mozo, 3=OCUPADA - clientes eligiendo}

[009796 ms] Mozo 2: sirviendo mesa 2
CLIENTES {1=pagó y se retiró, 2=pagó y se retiró, 3=pagó y se retiró, 4=pagó y se retiró, 5=pagó y se retiró, 6=pagó y se retiró, 7=comiendo en mesa 1, 8=comiendo en mesa 1, 9=pedido realizado - esperando comida, 10=pedido realizado - esperando comida, 11=sentado en mesa 3 - eligiendo menú, 12=eligió Pasta - esperando mozo, 13=esperando afuera, 14=esperando afuera, 15=esperando afuera, 16=esperando afuera, 17=esperando afuera, 18=esperando afuera}
MOZOS {1=esperando tareas, 2=sirviendo mesa 2}
COCINEROS {1=plato Ensalada pronto para mesa 2, 2=cocinando Pasta para mesa 2}
CAJEROS {1=esperando clientes}
MESAS {1=SERVIDA - clientes comiendo, 2=PLATOS PRONTOS - esperando mozo, 3=OCUPADA - clientes eligiendo}

[009796 ms] Cocinero 2: plato Pasta pronto para mesa 2
CLIENTES {1=pagó y se retiró, 2=pagó y se retiró, 3=pagó y se retiró, 4=pagó y se retiró, 5=pagó y se retiró, 6=pagó y se retiró, 7=comiendo en mesa 1, 8=comiendo en mesa 1, 9=pedido realizado - esperando comida, 10=pedido realizado - esperando comida, 11=sentado en mesa 3 - eligiendo menú, 12=eligió Pasta - esperando mozo, 13=esperando afuera, 14=esperando afuera, 15=esperando afuera, 16=esperando afuera, 17=esperando afuera, 18=esperando afuera}
MOZOS {1=esperando tareas, 2=sirviendo mesa 2}
COCINEROS {1=plato Ensalada pronto para mesa 2, 2=plato Pasta pronto para mesa 2}
CAJEROS {1=esperando clientes}
MESAS {1=SERVIDA - clientes comiendo, 2=PLATOS PRONTOS - esperando mozo, 3=OCUPADA - clientes eligiendo}

[010051 ms] Cliente 19: llegó al restaurante
CLIENTES {1=pagó y se retiró, 2=pagó y se retiró, 3=pagó y se retiró, 4=pagó y se retiró, 5=pagó y se retiró, 6=pagó y se retiró, 7=comiendo en mesa 1, 8=comiendo en mesa 1, 9=pedido realizado - esperando comida, 10=pedido realizado - esperando comida, 11=sentado en mesa 3 - eligiendo menú, 12=eligió Pasta - esperando mozo, 13=esperando afuera, 14=esperando afuera, 15=esperando afuera, 16=esperando afuera, 17=esperando afuera, 18=esperando afuera, 19=llegó al restaurante}
MOZOS {1=esperando tareas, 2=sirviendo mesa 2}
COCINEROS {1=plato Ensalada pronto para mesa 2, 2=plato Pasta pronto para mesa 2}
CAJEROS {1=esperando clientes}
MESAS {1=SERVIDA - clientes comiendo, 2=PLATOS PRONTOS - esperando mozo, 3=OCUPADA - clientes eligiendo}

[010052 ms] Cliente 19: esperando afuera
CLIENTES {1=pagó y se retiró, 2=pagó y se retiró, 3=pagó y se retiró, 4=pagó y se retiró, 5=pagó y se retiró, 6=pagó y se retiró, 7=comiendo en mesa 1, 8=comiendo en mesa 1, 9=pedido realizado - esperando comida, 10=pedido realizado - esperando comida, 11=sentado en mesa 3 - eligiendo menú, 12=eligió Pasta - esperando mozo, 13=esperando afuera, 14=esperando afuera, 15=esperando afuera, 16=esperando afuera, 17=esperando afuera, 18=esperando afuera, 19=esperando afuera}
MOZOS {1=esperando tareas, 2=sirviendo mesa 2}
COCINEROS {1=plato Ensalada pronto para mesa 2, 2=plato Pasta pronto para mesa 2}
CAJEROS {1=esperando clientes}
MESAS {1=SERVIDA - clientes comiendo, 2=PLATOS PRONTOS - esperando mozo, 3=OCUPADA - clientes eligiendo}

[010361 ms] Mesa 2: SERVIDA - clientes comiendo
CLIENTES {1=pagó y se retiró, 2=pagó y se retiró, 3=pagó y se retiró, 4=pagó y se retiró, 5=pagó y se retiró, 6=pagó y se retiró, 7=comiendo en mesa 1, 8=comiendo en mesa 1, 9=pedido realizado - esperando comida, 10=pedido realizado - esperando comida, 11=sentado en mesa 3 - eligiendo menú, 12=eligió Pasta - esperando mozo, 13=esperando afuera, 14=esperando afuera, 15=esperando afuera, 16=esperando afuera, 17=esperando afuera, 18=esperando afuera, 19=esperando afuera}
MOZOS {1=esperando tareas, 2=sirviendo mesa 2}
COCINEROS {1=plato Ensalada pronto para mesa 2, 2=plato Pasta pronto para mesa 2}
CAJEROS {1=esperando clientes}
MESAS {1=SERVIDA - clientes comiendo, 2=SERVIDA - clientes comiendo, 3=OCUPADA - clientes eligiendo}

[010361 ms] Mozo 2: esperando tareas
CLIENTES {1=pagó y se retiró, 2=pagó y se retiró, 3=pagó y se retiró, 4=pagó y se retiró, 5=pagó y se retiró, 6=pagó y se retiró, 7=comiendo en mesa 1, 8=comiendo en mesa 1, 9=pedido realizado - esperando comida, 10=pedido realizado - esperando comida, 11=sentado en mesa 3 - eligiendo menú, 12=eligió Pasta - esperando mozo, 13=esperando afuera, 14=esperando afuera, 15=esperando afuera, 16=esperando afuera, 17=esperando afuera, 18=esperando afuera, 19=esperando afuera}
MOZOS {1=esperando tareas, 2=esperando tareas}
COCINEROS {1=plato Ensalada pronto para mesa 2, 2=plato Pasta pronto para mesa 2}
CAJEROS {1=esperando clientes}
MESAS {1=SERVIDA - clientes comiendo, 2=SERVIDA - clientes comiendo, 3=OCUPADA - clientes eligiendo}

[010361 ms] Cliente 9: comiendo en mesa 2
CLIENTES {1=pagó y se retiró, 2=pagó y se retiró, 3=pagó y se retiró, 4=pagó y se retiró, 5=pagó y se retiró, 6=pagó y se retiró, 7=comiendo en mesa 1, 8=comiendo en mesa 1, 9=comiendo en mesa 2, 10=pedido realizado - esperando comida, 11=sentado en mesa 3 - eligiendo menú, 12=eligió Pasta - esperando mozo, 13=esperando afuera, 14=esperando afuera, 15=esperando afuera, 16=esperando afuera, 17=esperando afuera, 18=esperando afuera, 19=esperando afuera}
MOZOS {1=esperando tareas, 2=esperando tareas}
COCINEROS {1=plato Ensalada pronto para mesa 2, 2=plato Pasta pronto para mesa 2}
CAJEROS {1=esperando clientes}
MESAS {1=SERVIDA - clientes comiendo, 2=SERVIDA - clientes comiendo, 3=OCUPADA - clientes eligiendo}

[010361 ms] Cliente 10: comiendo en mesa 2
CLIENTES {1=pagó y se retiró, 2=pagó y se retiró, 3=pagó y se retiró, 4=pagó y se retiró, 5=pagó y se retiró, 6=pagó y se retiró, 7=comiendo en mesa 1, 8=comiendo en mesa 1, 9=comiendo en mesa 2, 10=comiendo en mesa 2, 11=sentado en mesa 3 - eligiendo menú, 12=eligió Pasta - esperando mozo, 13=esperando afuera, 14=esperando afuera, 15=esperando afuera, 16=esperando afuera, 17=esperando afuera, 18=esperando afuera, 19=esperando afuera}
MOZOS {1=esperando tareas, 2=esperando tareas}
COCINEROS {1=plato Ensalada pronto para mesa 2, 2=plato Pasta pronto para mesa 2}
CAJEROS {1=esperando clientes}
MESAS {1=SERVIDA - clientes comiendo, 2=SERVIDA - clientes comiendo, 3=OCUPADA - clientes eligiendo}

[010422 ms] Cliente 11: eligió Ensalada - esperando mozo
CLIENTES {1=pagó y se retiró, 2=pagó y se retiró, 3=pagó y se retiró, 4=pagó y se retiró, 5=pagó y se retiró, 6=pagó y se retiró, 7=comiendo en mesa 1, 8=comiendo en mesa 1, 9=comiendo en mesa 2, 10=comiendo en mesa 2, 11=eligió Ensalada - esperando mozo, 12=eligió Pasta - esperando mozo, 13=esperando afuera, 14=esperando afuera, 15=esperando afuera, 16=esperando afuera, 17=esperando afuera, 18=esperando afuera, 19=esperando afuera}
MOZOS {1=esperando tareas, 2=esperando tareas}
COCINEROS {1=plato Ensalada pronto para mesa 2, 2=plato Pasta pronto para mesa 2}
CAJEROS {1=esperando clientes}
MESAS {1=SERVIDA - clientes comiendo, 2=SERVIDA - clientes comiendo, 3=OCUPADA - clientes eligiendo}

[010422 ms] Mozo 1: tomando pedido mesa 3
CLIENTES {1=pagó y se retiró, 2=pagó y se retiró, 3=pagó y se retiró, 4=pagó y se retiró, 5=pagó y se retiró, 6=pagó y se retiró, 7=comiendo en mesa 1, 8=comiendo en mesa 1, 9=comiendo en mesa 2, 10=comiendo en mesa 2, 11=eligió Ensalada - esperando mozo, 12=eligió Pasta - esperando mozo, 13=esperando afuera, 14=esperando afuera, 15=esperando afuera, 16=esperando afuera, 17=esperando afuera, 18=esperando afuera, 19=esperando afuera}
MOZOS {1=tomando pedido mesa 3, 2=esperando tareas}
COCINEROS {1=plato Ensalada pronto para mesa 2, 2=plato Pasta pronto para mesa 2}
CAJEROS {1=esperando clientes}
MESAS {1=SERVIDA - clientes comiendo, 2=SERVIDA - clientes comiendo, 3=OCUPADA - clientes eligiendo}

[010550 ms] Cliente 20: llegó al restaurante
CLIENTES {1=pagó y se retiró, 2=pagó y se retiró, 3=pagó y se retiró, 4=pagó y se retiró, 5=pagó y se retiró, 6=pagó y se retiró, 7=comiendo en mesa 1, 8=comiendo en mesa 1, 9=comiendo en mesa 2, 10=comiendo en mesa 2, 11=eligió Ensalada - esperando mozo, 12=eligió Pasta - esperando mozo, 13=esperando afuera, 14=esperando afuera, 15=esperando afuera, 16=esperando afuera, 17=esperando afuera, 18=esperando afuera, 19=esperando afuera, 20=llegó al restaurante}
MOZOS {1=tomando pedido mesa 3, 2=esperando tareas}
COCINEROS {1=plato Ensalada pronto para mesa 2, 2=plato Pasta pronto para mesa 2}
CAJEROS {1=esperando clientes}
MESAS {1=SERVIDA - clientes comiendo, 2=SERVIDA - clientes comiendo, 3=OCUPADA - clientes eligiendo}

[010551 ms] Cliente 20: esperando afuera
CLIENTES {1=pagó y se retiró, 2=pagó y se retiró, 3=pagó y se retiró, 4=pagó y se retiró, 5=pagó y se retiró, 6=pagó y se retiró, 7=comiendo en mesa 1, 8=comiendo en mesa 1, 9=comiendo en mesa 2, 10=comiendo en mesa 2, 11=eligió Ensalada - esperando mozo, 12=eligió Pasta - esperando mozo, 13=esperando afuera, 14=esperando afuera, 15=esperando afuera, 16=esperando afuera, 17=esperando afuera, 18=esperando afuera, 19=esperando afuera, 20=esperando afuera}
MOZOS {1=tomando pedido mesa 3, 2=esperando tareas}
COCINEROS {1=plato Ensalada pronto para mesa 2, 2=plato Pasta pronto para mesa 2}
CAJEROS {1=esperando clientes}
MESAS {1=SERVIDA - clientes comiendo, 2=SERVIDA - clientes comiendo, 3=OCUPADA - clientes eligiendo}

[010776 ms] Cliente 8: en cola de caja
CLIENTES {1=pagó y se retiró, 2=pagó y se retiró, 3=pagó y se retiró, 4=pagó y se retiró, 5=pagó y se retiró, 6=pagó y se retiró, 7=comiendo en mesa 1, 8=en cola de caja, 9=comiendo en mesa 2, 10=comiendo en mesa 2, 11=eligió Ensalada - esperando mozo, 12=eligió Pasta - esperando mozo, 13=esperando afuera, 14=esperando afuera, 15=esperando afuera, 16=esperando afuera, 17=esperando afuera, 18=esperando afuera, 19=esperando afuera, 20=esperando afuera}
MOZOS {1=tomando pedido mesa 3, 2=esperando tareas}
COCINEROS {1=plato Ensalada pronto para mesa 2, 2=plato Pasta pronto para mesa 2}
CAJEROS {1=esperando clientes}
MESAS {1=SERVIDA - clientes comiendo, 2=SERVIDA - clientes comiendo, 3=OCUPADA - clientes eligiendo}

[010776 ms] Cajero 1: cobrando cliente 8 de mesa 1
CLIENTES {1=pagó y se retiró, 2=pagó y se retiró, 3=pagó y se retiró, 4=pagó y se retiró, 5=pagó y se retiró, 6=pagó y se retiró, 7=comiendo en mesa 1, 8=en cola de caja, 9=comiendo en mesa 2, 10=comiendo en mesa 2, 11=eligió Ensalada - esperando mozo, 12=eligió Pasta - esperando mozo, 13=esperando afuera, 14=esperando afuera, 15=esperando afuera, 16=esperando afuera, 17=esperando afuera, 18=esperando afuera, 19=esperando afuera, 20=esperando afuera}
MOZOS {1=tomando pedido mesa 3, 2=esperando tareas}
COCINEROS {1=plato Ensalada pronto para mesa 2, 2=plato Pasta pronto para mesa 2}
CAJEROS {1=cobrando cliente 8 de mesa 1}
MESAS {1=SERVIDA - clientes comiendo, 2=SERVIDA - clientes comiendo, 3=OCUPADA - clientes eligiendo}

[010955 ms] Mesa 3: PEDIDO EN COCINA
CLIENTES {1=pagó y se retiró, 2=pagó y se retiró, 3=pagó y se retiró, 4=pagó y se retiró, 5=pagó y se retiró, 6=pagó y se retiró, 7=comiendo en mesa 1, 8=en cola de caja, 9=comiendo en mesa 2, 10=comiendo en mesa 2, 11=eligió Ensalada - esperando mozo, 12=eligió Pasta - esperando mozo, 13=esperando afuera, 14=esperando afuera, 15=esperando afuera, 16=esperando afuera, 17=esperando afuera, 18=esperando afuera, 19=esperando afuera, 20=esperando afuera}
MOZOS {1=tomando pedido mesa 3, 2=esperando tareas}
COCINEROS {1=plato Ensalada pronto para mesa 2, 2=plato Pasta pronto para mesa 2}
CAJEROS {1=cobrando cliente 8 de mesa 1}
MESAS {1=SERVIDA - clientes comiendo, 2=SERVIDA - clientes comiendo, 3=PEDIDO EN COCINA}

[010955 ms] Cocinero 2: cocinando Ensalada para mesa 3
CLIENTES {1=pagó y se retiró, 2=pagó y se retiró, 3=pagó y se retiró, 4=pagó y se retiró, 5=pagó y se retiró, 6=pagó y se retiró, 7=comiendo en mesa 1, 8=en cola de caja, 9=comiendo en mesa 2, 10=comiendo en mesa 2, 11=eligió Ensalada - esperando mozo, 12=eligió Pasta - esperando mozo, 13=esperando afuera, 14=esperando afuera, 15=esperando afuera, 16=esperando afuera, 17=esperando afuera, 18=esperando afuera, 19=esperando afuera, 20=esperando afuera}
MOZOS {1=tomando pedido mesa 3, 2=esperando tareas}
COCINEROS {1=plato Ensalada pronto para mesa 2, 2=cocinando Ensalada para mesa 3}
CAJEROS {1=cobrando cliente 8 de mesa 1}
MESAS {1=SERVIDA - clientes comiendo, 2=SERVIDA - clientes comiendo, 3=PEDIDO EN COCINA}

[010955 ms] Cliente 12: pedido realizado - esperando comida
CLIENTES {1=pagó y se retiró, 2=pagó y se retiró, 3=pagó y se retiró, 4=pagó y se retiró, 5=pagó y se retiró, 6=pagó y se retiró, 7=comiendo en mesa 1, 8=en cola de caja, 9=comiendo en mesa 2, 10=comiendo en mesa 2, 11=eligió Ensalada - esperando mozo, 12=pedido realizado - esperando comida, 13=esperando afuera, 14=esperando afuera, 15=esperando afuera, 16=esperando afuera, 17=esperando afuera, 18=esperando afuera, 19=esperando afuera, 20=esperando afuera}
MOZOS {1=tomando pedido mesa 3, 2=esperando tareas}
COCINEROS {1=plato Ensalada pronto para mesa 2, 2=cocinando Ensalada para mesa 3}
CAJEROS {1=cobrando cliente 8 de mesa 1}
MESAS {1=SERVIDA - clientes comiendo, 2=SERVIDA - clientes comiendo, 3=PEDIDO EN COCINA}

[010955 ms] Cliente 11: pedido realizado - esperando comida
CLIENTES {1=pagó y se retiró, 2=pagó y se retiró, 3=pagó y se retiró, 4=pagó y se retiró, 5=pagó y se retiró, 6=pagó y se retiró, 7=comiendo en mesa 1, 8=en cola de caja, 9=comiendo en mesa 2, 10=comiendo en mesa 2, 11=pedido realizado - esperando comida, 12=pedido realizado - esperando comida, 13=esperando afuera, 14=esperando afuera, 15=esperando afuera, 16=esperando afuera, 17=esperando afuera, 18=esperando afuera, 19=esperando afuera, 20=esperando afuera}
MOZOS {1=tomando pedido mesa 3, 2=esperando tareas}
COCINEROS {1=plato Ensalada pronto para mesa 2, 2=cocinando Ensalada para mesa 3}
CAJEROS {1=cobrando cliente 8 de mesa 1}
MESAS {1=SERVIDA - clientes comiendo, 2=SERVIDA - clientes comiendo, 3=PEDIDO EN COCINA}

[010956 ms] Cocinero 1: cocinando Pasta para mesa 3
CLIENTES {1=pagó y se retiró, 2=pagó y se retiró, 3=pagó y se retiró, 4=pagó y se retiró, 5=pagó y se retiró, 6=pagó y se retiró, 7=comiendo en mesa 1, 8=en cola de caja, 9=comiendo en mesa 2, 10=comiendo en mesa 2, 11=pedido realizado - esperando comida, 12=pedido realizado - esperando comida, 13=esperando afuera, 14=esperando afuera, 15=esperando afuera, 16=esperando afuera, 17=esperando afuera, 18=esperando afuera, 19=esperando afuera, 20=esperando afuera}
MOZOS {1=tomando pedido mesa 3, 2=esperando tareas}
COCINEROS {1=cocinando Pasta para mesa 3, 2=cocinando Ensalada para mesa 3}
CAJEROS {1=cobrando cliente 8 de mesa 1}
MESAS {1=SERVIDA - clientes comiendo, 2=SERVIDA - clientes comiendo, 3=PEDIDO EN COCINA}

[010956 ms] Mozo 1: esperando tareas
CLIENTES {1=pagó y se retiró, 2=pagó y se retiró, 3=pagó y se retiró, 4=pagó y se retiró, 5=pagó y se retiró, 6=pagó y se retiró, 7=comiendo en mesa 1, 8=en cola de caja, 9=comiendo en mesa 2, 10=comiendo en mesa 2, 11=pedido realizado - esperando comida, 12=pedido realizado - esperando comida, 13=esperando afuera, 14=esperando afuera, 15=esperando afuera, 16=esperando afuera, 17=esperando afuera, 18=esperando afuera, 19=esperando afuera, 20=esperando afuera}
MOZOS {1=esperando tareas, 2=esperando tareas}
COCINEROS {1=cocinando Pasta para mesa 3, 2=cocinando Ensalada para mesa 3}
CAJEROS {1=cobrando cliente 8 de mesa 1}
MESAS {1=SERVIDA - clientes comiendo, 2=SERVIDA - clientes comiendo, 3=PEDIDO EN COCINA}

[010970 ms] Cliente 21: llegó al restaurante
CLIENTES {1=pagó y se retiró, 2=pagó y se retiró, 3=pagó y se retiró, 4=pagó y se retiró, 5=pagó y se retiró, 6=pagó y se retiró, 7=comiendo en mesa 1, 8=en cola de caja, 9=comiendo en mesa 2, 10=comiendo en mesa 2, 11=pedido realizado - esperando comida, 12=pedido realizado - esperando comida, 13=esperando afuera, 14=esperando afuera, 15=esperando afuera, 16=esperando afuera, 17=esperando afuera, 18=esperando afuera, 19=esperando afuera, 20=esperando afuera, 21=llegó al restaurante}
MOZOS {1=esperando tareas, 2=esperando tareas}
COCINEROS {1=cocinando Pasta para mesa 3, 2=cocinando Ensalada para mesa 3}
CAJEROS {1=cobrando cliente 8 de mesa 1}
MESAS {1=SERVIDA - clientes comiendo, 2=SERVIDA - clientes comiendo, 3=PEDIDO EN COCINA}

[010970 ms] Cliente 21: esperando afuera
CLIENTES {1=pagó y se retiró, 2=pagó y se retiró, 3=pagó y se retiró, 4=pagó y se retiró, 5=pagó y se retiró, 6=pagó y se retiró, 7=comiendo en mesa 1, 8=en cola de caja, 9=comiendo en mesa 2, 10=comiendo en mesa 2, 11=pedido realizado - esperando comida, 12=pedido realizado - esperando comida, 13=esperando afuera, 14=esperando afuera, 15=esperando afuera, 16=esperando afuera, 17=esperando afuera, 18=esperando afuera, 19=esperando afuera, 20=esperando afuera, 21=esperando afuera}
MOZOS {1=esperando tareas, 2=esperando tareas}
COCINEROS {1=cocinando Pasta para mesa 3, 2=cocinando Ensalada para mesa 3}
CAJEROS {1=cobrando cliente 8 de mesa 1}
MESAS {1=SERVIDA - clientes comiendo, 2=SERVIDA - clientes comiendo, 3=PEDIDO EN COCINA}

[011280 ms] Cajero 1: esperando clientes
CLIENTES {1=pagó y se retiró, 2=pagó y se retiró, 3=pagó y se retiró, 4=pagó y se retiró, 5=pagó y se retiró, 6=pagó y se retiró, 7=comiendo en mesa 1, 8=en cola de caja, 9=comiendo en mesa 2, 10=comiendo en mesa 2, 11=pedido realizado - esperando comida, 12=pedido realizado - esperando comida, 13=esperando afuera, 14=esperando afuera, 15=esperando afuera, 16=esperando afuera, 17=esperando afuera, 18=esperando afuera, 19=esperando afuera, 20=esperando afuera, 21=esperando afuera}
MOZOS {1=esperando tareas, 2=esperando tareas}
COCINEROS {1=cocinando Pasta para mesa 3, 2=cocinando Ensalada para mesa 3}
CAJEROS {1=esperando clientes}
MESAS {1=SERVIDA - clientes comiendo, 2=SERVIDA - clientes comiendo, 3=PEDIDO EN COCINA}

[011280 ms] Cliente 8: pagó y se retiró
CLIENTES {1=pagó y se retiró, 2=pagó y se retiró, 3=pagó y se retiró, 4=pagó y se retiró, 5=pagó y se retiró, 6=pagó y se retiró, 7=comiendo en mesa 1, 8=pagó y se retiró, 9=comiendo en mesa 2, 10=comiendo en mesa 2, 11=pedido realizado - esperando comida, 12=pedido realizado - esperando comida, 13=esperando afuera, 14=esperando afuera, 15=esperando afuera, 16=esperando afuera, 17=esperando afuera, 18=esperando afuera, 19=esperando afuera, 20=esperando afuera, 21=esperando afuera}
MOZOS {1=esperando tareas, 2=esperando tareas}
COCINEROS {1=cocinando Pasta para mesa 3, 2=cocinando Ensalada para mesa 3}
CAJEROS {1=esperando clientes}
MESAS {1=SERVIDA - clientes comiendo, 2=SERVIDA - clientes comiendo, 3=PEDIDO EN COCINA}

[011355 ms] Cocinero 2: plato Ensalada pronto para mesa 3
CLIENTES {1=pagó y se retiró, 2=pagó y se retiró, 3=pagó y se retiró, 4=pagó y se retiró, 5=pagó y se retiró, 6=pagó y se retiró, 7=comiendo en mesa 1, 8=pagó y se retiró, 9=comiendo en mesa 2, 10=comiendo en mesa 2, 11=pedido realizado - esperando comida, 12=pedido realizado - esperando comida, 13=esperando afuera, 14=esperando afuera, 15=esperando afuera, 16=esperando afuera, 17=esperando afuera, 18=esperando afuera, 19=esperando afuera, 20=esperando afuera, 21=esperando afuera}
MOZOS {1=esperando tareas, 2=esperando tareas}
COCINEROS {1=cocinando Pasta para mesa 3, 2=plato Ensalada pronto para mesa 3}
CAJEROS {1=esperando clientes}
MESAS {1=SERVIDA - clientes comiendo, 2=SERVIDA - clientes comiendo, 3=PEDIDO EN COCINA}

[011362 ms] Cliente 22: llegó al restaurante
CLIENTES {1=pagó y se retiró, 2=pagó y se retiró, 3=pagó y se retiró, 4=pagó y se retiró, 5=pagó y se retiró, 6=pagó y se retiró, 7=comiendo en mesa 1, 8=pagó y se retiró, 9=comiendo en mesa 2, 10=comiendo en mesa 2, 11=pedido realizado - esperando comida, 12=pedido realizado - esperando comida, 13=esperando afuera, 14=esperando afuera, 15=esperando afuera, 16=esperando afuera, 17=esperando afuera, 18=esperando afuera, 19=esperando afuera, 20=esperando afuera, 21=esperando afuera, 22=llegó al restaurante}
MOZOS {1=esperando tareas, 2=esperando tareas}
COCINEROS {1=cocinando Pasta para mesa 3, 2=plato Ensalada pronto para mesa 3}
CAJEROS {1=esperando clientes}
MESAS {1=SERVIDA - clientes comiendo, 2=SERVIDA - clientes comiendo, 3=PEDIDO EN COCINA}

[011362 ms] Cliente 22: esperando afuera
CLIENTES {1=pagó y se retiró, 2=pagó y se retiró, 3=pagó y se retiró, 4=pagó y se retiró, 5=pagó y se retiró, 6=pagó y se retiró, 7=comiendo en mesa 1, 8=pagó y se retiró, 9=comiendo en mesa 2, 10=comiendo en mesa 2, 11=pedido realizado - esperando comida, 12=pedido realizado - esperando comida, 13=esperando afuera, 14=esperando afuera, 15=esperando afuera, 16=esperando afuera, 17=esperando afuera, 18=esperando afuera, 19=esperando afuera, 20=esperando afuera, 21=esperando afuera, 22=esperando afuera}
MOZOS {1=esperando tareas, 2=esperando tareas}
COCINEROS {1=cocinando Pasta para mesa 3, 2=plato Ensalada pronto para mesa 3}
CAJEROS {1=esperando clientes}
MESAS {1=SERVIDA - clientes comiendo, 2=SERVIDA - clientes comiendo, 3=PEDIDO EN COCINA}

[011445 ms] Cliente 10: en cola de caja
CLIENTES {1=pagó y se retiró, 2=pagó y se retiró, 3=pagó y se retiró, 4=pagó y se retiró, 5=pagó y se retiró, 6=pagó y se retiró, 7=comiendo en mesa 1, 8=pagó y se retiró, 9=comiendo en mesa 2, 10=en cola de caja, 11=pedido realizado - esperando comida, 12=pedido realizado - esperando comida, 13=esperando afuera, 14=esperando afuera, 15=esperando afuera, 16=esperando afuera, 17=esperando afuera, 18=esperando afuera, 19=esperando afuera, 20=esperando afuera, 21=esperando afuera, 22=esperando afuera}
MOZOS {1=esperando tareas, 2=esperando tareas}
COCINEROS {1=cocinando Pasta para mesa 3, 2=plato Ensalada pronto para mesa 3}
CAJEROS {1=esperando clientes}
MESAS {1=SERVIDA - clientes comiendo, 2=SERVIDA - clientes comiendo, 3=PEDIDO EN COCINA}

[011445 ms] Cajero 1: cobrando cliente 10 de mesa 2
CLIENTES {1=pagó y se retiró, 2=pagó y se retiró, 3=pagó y se retiró, 4=pagó y se retiró, 5=pagó y se retiró, 6=pagó y se retiró, 7=comiendo en mesa 1, 8=pagó y se retiró, 9=comiendo en mesa 2, 10=en cola de caja, 11=pedido realizado - esperando comida, 12=pedido realizado - esperando comida, 13=esperando afuera, 14=esperando afuera, 15=esperando afuera, 16=esperando afuera, 17=esperando afuera, 18=esperando afuera, 19=esperando afuera, 20=esperando afuera, 21=esperando afuera, 22=esperando afuera}
MOZOS {1=esperando tareas, 2=esperando tareas}
COCINEROS {1=cocinando Pasta para mesa 3, 2=plato Ensalada pronto para mesa 3}
CAJEROS {1=cobrando cliente 10 de mesa 2}
MESAS {1=SERVIDA - clientes comiendo, 2=SERVIDA - clientes comiendo, 3=PEDIDO EN COCINA}

[011495 ms] Cocinero 1: plato Pasta pronto para mesa 3
CLIENTES {1=pagó y se retiró, 2=pagó y se retiró, 3=pagó y se retiró, 4=pagó y se retiró, 5=pagó y se retiró, 6=pagó y se retiró, 7=comiendo en mesa 1, 8=pagó y se retiró, 9=comiendo en mesa 2, 10=en cola de caja, 11=pedido realizado - esperando comida, 12=pedido realizado - esperando comida, 13=esperando afuera, 14=esperando afuera, 15=esperando afuera, 16=esperando afuera, 17=esperando afuera, 18=esperando afuera, 19=esperando afuera, 20=esperando afuera, 21=esperando afuera, 22=esperando afuera}
MOZOS {1=esperando tareas, 2=esperando tareas}
COCINEROS {1=plato Pasta pronto para mesa 3, 2=plato Ensalada pronto para mesa 3}
CAJEROS {1=cobrando cliente 10 de mesa 2}
MESAS {1=SERVIDA - clientes comiendo, 2=SERVIDA - clientes comiendo, 3=PEDIDO EN COCINA}

[011495 ms] Mesa 3: PLATOS PRONTOS - esperando mozo
CLIENTES {1=pagó y se retiró, 2=pagó y se retiró, 3=pagó y se retiró, 4=pagó y se retiró, 5=pagó y se retiró, 6=pagó y se retiró, 7=comiendo en mesa 1, 8=pagó y se retiró, 9=comiendo en mesa 2, 10=en cola de caja, 11=pedido realizado - esperando comida, 12=pedido realizado - esperando comida, 13=esperando afuera, 14=esperando afuera, 15=esperando afuera, 16=esperando afuera, 17=esperando afuera, 18=esperando afuera, 19=esperando afuera, 20=esperando afuera, 21=esperando afuera, 22=esperando afuera}
MOZOS {1=esperando tareas, 2=esperando tareas}
COCINEROS {1=plato Pasta pronto para mesa 3, 2=plato Ensalada pronto para mesa 3}
CAJEROS {1=cobrando cliente 10 de mesa 2}
MESAS {1=SERVIDA - clientes comiendo, 2=SERVIDA - clientes comiendo, 3=PLATOS PRONTOS - esperando mozo}

[011495 ms] Mozo 1: sirviendo mesa 3
CLIENTES {1=pagó y se retiró, 2=pagó y se retiró, 3=pagó y se retiró, 4=pagó y se retiró, 5=pagó y se retiró, 6=pagó y se retiró, 7=comiendo en mesa 1, 8=pagó y se retiró, 9=comiendo en mesa 2, 10=en cola de caja, 11=pedido realizado - esperando comida, 12=pedido realizado - esperando comida, 13=esperando afuera, 14=esperando afuera, 15=esperando afuera, 16=esperando afuera, 17=esperando afuera, 18=esperando afuera, 19=esperando afuera, 20=esperando afuera, 21=esperando afuera, 22=esperando afuera}
MOZOS {1=sirviendo mesa 3, 2=esperando tareas}
COCINEROS {1=plato Pasta pronto para mesa 3, 2=plato Ensalada pronto para mesa 3}
CAJEROS {1=cobrando cliente 10 de mesa 2}
MESAS {1=SERVIDA - clientes comiendo, 2=SERVIDA - clientes comiendo, 3=PLATOS PRONTOS - esperando mozo}

[011516 ms] Cliente 7: en cola de caja
CLIENTES {1=pagó y se retiró, 2=pagó y se retiró, 3=pagó y se retiró, 4=pagó y se retiró, 5=pagó y se retiró, 6=pagó y se retiró, 7=en cola de caja, 8=pagó y se retiró, 9=comiendo en mesa 2, 10=en cola de caja, 11=pedido realizado - esperando comida, 12=pedido realizado - esperando comida, 13=esperando afuera, 14=esperando afuera, 15=esperando afuera, 16=esperando afuera, 17=esperando afuera, 18=esperando afuera, 19=esperando afuera, 20=esperando afuera, 21=esperando afuera, 22=esperando afuera}
MOZOS {1=sirviendo mesa 3, 2=esperando tareas}
COCINEROS {1=plato Pasta pronto para mesa 3, 2=plato Ensalada pronto para mesa 3}
CAJEROS {1=cobrando cliente 10 de mesa 2}
MESAS {1=SERVIDA - clientes comiendo, 2=SERVIDA - clientes comiendo, 3=PLATOS PRONTOS - esperando mozo}

[011780 ms] Cliente 23: llegó al restaurante
CLIENTES {1=pagó y se retiró, 2=pagó y se retiró, 3=pagó y se retiró, 4=pagó y se retiró, 5=pagó y se retiró, 6=pagó y se retiró, 7=en cola de caja, 8=pagó y se retiró, 9=comiendo en mesa 2, 10=en cola de caja, 11=pedido realizado - esperando comida, 12=pedido realizado - esperando comida, 13=esperando afuera, 14=esperando afuera, 15=esperando afuera, 16=esperando afuera, 17=esperando afuera, 18=esperando afuera, 19=esperando afuera, 20=esperando afuera, 21=esperando afuera, 22=esperando afuera, 23=llegó al restaurante}
MOZOS {1=sirviendo mesa 3, 2=esperando tareas}
COCINEROS {1=plato Pasta pronto para mesa 3, 2=plato Ensalada pronto para mesa 3}
CAJEROS {1=cobrando cliente 10 de mesa 2}
MESAS {1=SERVIDA - clientes comiendo, 2=SERVIDA - clientes comiendo, 3=PLATOS PRONTOS - esperando mozo}

[011781 ms] Cliente 23: esperando afuera
CLIENTES {1=pagó y se retiró, 2=pagó y se retiró, 3=pagó y se retiró, 4=pagó y se retiró, 5=pagó y se retiró, 6=pagó y se retiró, 7=en cola de caja, 8=pagó y se retiró, 9=comiendo en mesa 2, 10=en cola de caja, 11=pedido realizado - esperando comida, 12=pedido realizado - esperando comida, 13=esperando afuera, 14=esperando afuera, 15=esperando afuera, 16=esperando afuera, 17=esperando afuera, 18=esperando afuera, 19=esperando afuera, 20=esperando afuera, 21=esperando afuera, 22=esperando afuera, 23=esperando afuera}
MOZOS {1=sirviendo mesa 3, 2=esperando tareas}
COCINEROS {1=plato Pasta pronto para mesa 3, 2=plato Ensalada pronto para mesa 3}
CAJEROS {1=cobrando cliente 10 de mesa 2}
MESAS {1=SERVIDA - clientes comiendo, 2=SERVIDA - clientes comiendo, 3=PLATOS PRONTOS - esperando mozo}

[011861 ms] Mesa 3: SERVIDA - clientes comiendo
CLIENTES {1=pagó y se retiró, 2=pagó y se retiró, 3=pagó y se retiró, 4=pagó y se retiró, 5=pagó y se retiró, 6=pagó y se retiró, 7=en cola de caja, 8=pagó y se retiró, 9=comiendo en mesa 2, 10=en cola de caja, 11=pedido realizado - esperando comida, 12=pedido realizado - esperando comida, 13=esperando afuera, 14=esperando afuera, 15=esperando afuera, 16=esperando afuera, 17=esperando afuera, 18=esperando afuera, 19=esperando afuera, 20=esperando afuera, 21=esperando afuera, 22=esperando afuera, 23=esperando afuera}
MOZOS {1=sirviendo mesa 3, 2=esperando tareas}
COCINEROS {1=plato Pasta pronto para mesa 3, 2=plato Ensalada pronto para mesa 3}
CAJEROS {1=cobrando cliente 10 de mesa 2}
MESAS {1=SERVIDA - clientes comiendo, 2=SERVIDA - clientes comiendo, 3=SERVIDA - clientes comiendo}

[011861 ms] Mozo 1: esperando tareas
CLIENTES {1=pagó y se retiró, 2=pagó y se retiró, 3=pagó y se retiró, 4=pagó y se retiró, 5=pagó y se retiró, 6=pagó y se retiró, 7=en cola de caja, 8=pagó y se retiró, 9=comiendo en mesa 2, 10=en cola de caja, 11=pedido realizado - esperando comida, 12=pedido realizado - esperando comida, 13=esperando afuera, 14=esperando afuera, 15=esperando afuera, 16=esperando afuera, 17=esperando afuera, 18=esperando afuera, 19=esperando afuera, 20=esperando afuera, 21=esperando afuera, 22=esperando afuera, 23=esperando afuera}
MOZOS {1=esperando tareas, 2=esperando tareas}
COCINEROS {1=plato Pasta pronto para mesa 3, 2=plato Ensalada pronto para mesa 3}
CAJEROS {1=cobrando cliente 10 de mesa 2}
MESAS {1=SERVIDA - clientes comiendo, 2=SERVIDA - clientes comiendo, 3=SERVIDA - clientes comiendo}

[011861 ms] Cliente 11: comiendo en mesa 3
CLIENTES {1=pagó y se retiró, 2=pagó y se retiró, 3=pagó y se retiró, 4=pagó y se retiró, 5=pagó y se retiró, 6=pagó y se retiró, 7=en cola de caja, 8=pagó y se retiró, 9=comiendo en mesa 2, 10=en cola de caja, 11=comiendo en mesa 3, 12=pedido realizado - esperando comida, 13=esperando afuera, 14=esperando afuera, 15=esperando afuera, 16=esperando afuera, 17=esperando afuera, 18=esperando afuera, 19=esperando afuera, 20=esperando afuera, 21=esperando afuera, 22=esperando afuera, 23=esperando afuera}
MOZOS {1=esperando tareas, 2=esperando tareas}
COCINEROS {1=plato Pasta pronto para mesa 3, 2=plato Ensalada pronto para mesa 3}
CAJEROS {1=cobrando cliente 10 de mesa 2}
MESAS {1=SERVIDA - clientes comiendo, 2=SERVIDA - clientes comiendo, 3=SERVIDA - clientes comiendo}

[011861 ms] Cliente 12: comiendo en mesa 3
CLIENTES {1=pagó y se retiró, 2=pagó y se retiró, 3=pagó y se retiró, 4=pagó y se retiró, 5=pagó y se retiró, 6=pagó y se retiró, 7=en cola de caja, 8=pagó y se retiró, 9=comiendo en mesa 2, 10=en cola de caja, 11=comiendo en mesa 3, 12=comiendo en mesa 3, 13=esperando afuera, 14=esperando afuera, 15=esperando afuera, 16=esperando afuera, 17=esperando afuera, 18=esperando afuera, 19=esperando afuera, 20=esperando afuera, 21=esperando afuera, 22=esperando afuera, 23=esperando afuera}
MOZOS {1=esperando tareas, 2=esperando tareas}
COCINEROS {1=plato Pasta pronto para mesa 3, 2=plato Ensalada pronto para mesa 3}
CAJEROS {1=cobrando cliente 10 de mesa 2}
MESAS {1=SERVIDA - clientes comiendo, 2=SERVIDA - clientes comiendo, 3=SERVIDA - clientes comiendo}

[012086 ms] Cajero 1: esperando clientes
CLIENTES {1=pagó y se retiró, 2=pagó y se retiró, 3=pagó y se retiró, 4=pagó y se retiró, 5=pagó y se retiró, 6=pagó y se retiró, 7=en cola de caja, 8=pagó y se retiró, 9=comiendo en mesa 2, 10=en cola de caja, 11=comiendo en mesa 3, 12=comiendo en mesa 3, 13=esperando afuera, 14=esperando afuera, 15=esperando afuera, 16=esperando afuera, 17=esperando afuera, 18=esperando afuera, 19=esperando afuera, 20=esperando afuera, 21=esperando afuera, 22=esperando afuera, 23=esperando afuera}
MOZOS {1=esperando tareas, 2=esperando tareas}
COCINEROS {1=plato Pasta pronto para mesa 3, 2=plato Ensalada pronto para mesa 3}
CAJEROS {1=esperando clientes}
MESAS {1=SERVIDA - clientes comiendo, 2=SERVIDA - clientes comiendo, 3=SERVIDA - clientes comiendo}

[012086 ms] Cajero 1: cobrando cliente 7 de mesa 1
CLIENTES {1=pagó y se retiró, 2=pagó y se retiró, 3=pagó y se retiró, 4=pagó y se retiró, 5=pagó y se retiró, 6=pagó y se retiró, 7=en cola de caja, 8=pagó y se retiró, 9=comiendo en mesa 2, 10=en cola de caja, 11=comiendo en mesa 3, 12=comiendo en mesa 3, 13=esperando afuera, 14=esperando afuera, 15=esperando afuera, 16=esperando afuera, 17=esperando afuera, 18=esperando afuera, 19=esperando afuera, 20=esperando afuera, 21=esperando afuera, 22=esperando afuera, 23=esperando afuera}
MOZOS {1=esperando tareas, 2=esperando tareas}
COCINEROS {1=plato Pasta pronto para mesa 3, 2=plato Ensalada pronto para mesa 3}
CAJEROS {1=cobrando cliente 7 de mesa 1}
MESAS {1=SERVIDA - clientes comiendo, 2=SERVIDA - clientes comiendo, 3=SERVIDA - clientes comiendo}

[012086 ms] Cliente 10: pagó y se retiró
CLIENTES {1=pagó y se retiró, 2=pagó y se retiró, 3=pagó y se retiró, 4=pagó y se retiró, 5=pagó y se retiró, 6=pagó y se retiró, 7=en cola de caja, 8=pagó y se retiró, 9=comiendo en mesa 2, 10=pagó y se retiró, 11=comiendo en mesa 3, 12=comiendo en mesa 3, 13=esperando afuera, 14=esperando afuera, 15=esperando afuera, 16=esperando afuera, 17=esperando afuera, 18=esperando afuera, 19=esperando afuera, 20=esperando afuera, 21=esperando afuera, 22=esperando afuera, 23=esperando afuera}
MOZOS {1=esperando tareas, 2=esperando tareas}
COCINEROS {1=plato Pasta pronto para mesa 3, 2=plato Ensalada pronto para mesa 3}
CAJEROS {1=cobrando cliente 7 de mesa 1}
MESAS {1=SERVIDA - clientes comiendo, 2=SERVIDA - clientes comiendo, 3=SERVIDA - clientes comiendo}

[012237 ms] Cliente 9: en cola de caja
CLIENTES {1=pagó y se retiró, 2=pagó y se retiró, 3=pagó y se retiró, 4=pagó y se retiró, 5=pagó y se retiró, 6=pagó y se retiró, 7=en cola de caja, 8=pagó y se retiró, 9=en cola de caja, 10=pagó y se retiró, 11=comiendo en mesa 3, 12=comiendo en mesa 3, 13=esperando afuera, 14=esperando afuera, 15=esperando afuera, 16=esperando afuera, 17=esperando afuera, 18=esperando afuera, 19=esperando afuera, 20=esperando afuera, 21=esperando afuera, 22=esperando afuera, 23=esperando afuera}
MOZOS {1=esperando tareas, 2=esperando tareas}
COCINEROS {1=plato Pasta pronto para mesa 3, 2=plato Ensalada pronto para mesa 3}
CAJEROS {1=cobrando cliente 7 de mesa 1}
MESAS {1=SERVIDA - clientes comiendo, 2=SERVIDA - clientes comiendo, 3=SERVIDA - clientes comiendo}

[012366 ms] Cliente 24: llegó al restaurante
CLIENTES {1=pagó y se retiró, 2=pagó y se retiró, 3=pagó y se retiró, 4=pagó y se retiró, 5=pagó y se retiró, 6=pagó y se retiró, 7=en cola de caja, 8=pagó y se retiró, 9=en cola de caja, 10=pagó y se retiró, 11=comiendo en mesa 3, 12=comiendo en mesa 3, 13=esperando afuera, 14=esperando afuera, 15=esperando afuera, 16=esperando afuera, 17=esperando afuera, 18=esperando afuera, 19=esperando afuera, 20=esperando afuera, 21=esperando afuera, 22=esperando afuera, 23=esperando afuera, 24=llegó al restaurante}
MOZOS {1=esperando tareas, 2=esperando tareas}
COCINEROS {1=plato Pasta pronto para mesa 3, 2=plato Ensalada pronto para mesa 3}
CAJEROS {1=cobrando cliente 7 de mesa 1}
MESAS {1=SERVIDA - clientes comiendo, 2=SERVIDA - clientes comiendo, 3=SERVIDA - clientes comiendo}

[012366 ms] Cliente 24: esperando afuera
CLIENTES {1=pagó y se retiró, 2=pagó y se retiró, 3=pagó y se retiró, 4=pagó y se retiró, 5=pagó y se retiró, 6=pagó y se retiró, 7=en cola de caja, 8=pagó y se retiró, 9=en cola de caja, 10=pagó y se retiró, 11=comiendo en mesa 3, 12=comiendo en mesa 3, 13=esperando afuera, 14=esperando afuera, 15=esperando afuera, 16=esperando afuera, 17=esperando afuera, 18=esperando afuera, 19=esperando afuera, 20=esperando afuera, 21=esperando afuera, 22=esperando afuera, 23=esperando afuera, 24=esperando afuera}
MOZOS {1=esperando tareas, 2=esperando tareas}
COCINEROS {1=plato Pasta pronto para mesa 3, 2=plato Ensalada pronto para mesa 3}
CAJEROS {1=cobrando cliente 7 de mesa 1}
MESAS {1=SERVIDA - clientes comiendo, 2=SERVIDA - clientes comiendo, 3=SERVIDA - clientes comiendo}

[012775 ms] Cajero 1: esperando clientes
CLIENTES {1=pagó y se retiró, 2=pagó y se retiró, 3=pagó y se retiró, 4=pagó y se retiró, 5=pagó y se retiró, 6=pagó y se retiró, 7=en cola de caja, 8=pagó y se retiró, 9=en cola de caja, 10=pagó y se retiró, 11=comiendo en mesa 3, 12=comiendo en mesa 3, 13=esperando afuera, 14=esperando afuera, 15=esperando afuera, 16=esperando afuera, 17=esperando afuera, 18=esperando afuera, 19=esperando afuera, 20=esperando afuera, 21=esperando afuera, 22=esperando afuera, 23=esperando afuera, 24=esperando afuera}
MOZOS {1=esperando tareas, 2=esperando tareas}
COCINEROS {1=plato Pasta pronto para mesa 3, 2=plato Ensalada pronto para mesa 3}
CAJEROS {1=esperando clientes}
MESAS {1=SERVIDA - clientes comiendo, 2=SERVIDA - clientes comiendo, 3=SERVIDA - clientes comiendo}

[012775 ms] Cajero 1: cobrando cliente 9 de mesa 2
CLIENTES {1=pagó y se retiró, 2=pagó y se retiró, 3=pagó y se retiró, 4=pagó y se retiró, 5=pagó y se retiró, 6=pagó y se retiró, 7=en cola de caja, 8=pagó y se retiró, 9=en cola de caja, 10=pagó y se retiró, 11=comiendo en mesa 3, 12=comiendo en mesa 3, 13=esperando afuera, 14=esperando afuera, 15=esperando afuera, 16=esperando afuera, 17=esperando afuera, 18=esperando afuera, 19=esperando afuera, 20=esperando afuera, 21=esperando afuera, 22=esperando afuera, 23=esperando afuera, 24=esperando afuera}
MOZOS {1=esperando tareas, 2=esperando tareas}
COCINEROS {1=plato Pasta pronto para mesa 3, 2=plato Ensalada pronto para mesa 3}
CAJEROS {1=cobrando cliente 9 de mesa 2}
MESAS {1=SERVIDA - clientes comiendo, 2=SERVIDA - clientes comiendo, 3=SERVIDA - clientes comiendo}

[012775 ms] Cliente 7: pagó y se retiró
CLIENTES {1=pagó y se retiró, 2=pagó y se retiró, 3=pagó y se retiró, 4=pagó y se retiró, 5=pagó y se retiró, 6=pagó y se retiró, 7=pagó y se retiró, 8=pagó y se retiró, 9=en cola de caja, 10=pagó y se retiró, 11=comiendo en mesa 3, 12=comiendo en mesa 3, 13=esperando afuera, 14=esperando afuera, 15=esperando afuera, 16=esperando afuera, 17=esperando afuera, 18=esperando afuera, 19=esperando afuera, 20=esperando afuera, 21=esperando afuera, 22=esperando afuera, 23=esperando afuera, 24=esperando afuera}
MOZOS {1=esperando tareas, 2=esperando tareas}
COCINEROS {1=plato Pasta pronto para mesa 3, 2=plato Ensalada pronto para mesa 3}
CAJEROS {1=cobrando cliente 9 de mesa 2}
MESAS {1=SERVIDA - clientes comiendo, 2=SERVIDA - clientes comiendo, 3=SERVIDA - clientes comiendo}

[012775 ms] Mesa 1: VACIA - esperando limpieza
CLIENTES {1=pagó y se retiró, 2=pagó y se retiró, 3=pagó y se retiró, 4=pagó y se retiró, 5=pagó y se retiró, 6=pagó y se retiró, 7=pagó y se retiró, 8=pagó y se retiró, 9=en cola de caja, 10=pagó y se retiró, 11=comiendo en mesa 3, 12=comiendo en mesa 3, 13=esperando afuera, 14=esperando afuera, 15=esperando afuera, 16=esperando afuera, 17=esperando afuera, 18=esperando afuera, 19=esperando afuera, 20=esperando afuera, 21=esperando afuera, 22=esperando afuera, 23=esperando afuera, 24=esperando afuera}
MOZOS {1=esperando tareas, 2=esperando tareas}
COCINEROS {1=plato Pasta pronto para mesa 3, 2=plato Ensalada pronto para mesa 3}
CAJEROS {1=cobrando cliente 9 de mesa 2}
MESAS {1=VACIA - esperando limpieza, 2=SERVIDA - clientes comiendo, 3=SERVIDA - clientes comiendo}

[012775 ms] Mozo 1: limpiando mesa 1
CLIENTES {1=pagó y se retiró, 2=pagó y se retiró, 3=pagó y se retiró, 4=pagó y se retiró, 5=pagó y se retiró, 6=pagó y se retiró, 7=pagó y se retiró, 8=pagó y se retiró, 9=en cola de caja, 10=pagó y se retiró, 11=comiendo en mesa 3, 12=comiendo en mesa 3, 13=esperando afuera, 14=esperando afuera, 15=esperando afuera, 16=esperando afuera, 17=esperando afuera, 18=esperando afuera, 19=esperando afuera, 20=esperando afuera, 21=esperando afuera, 22=esperando afuera, 23=esperando afuera, 24=esperando afuera}
MOZOS {1=limpiando mesa 1, 2=esperando tareas}
COCINEROS {1=plato Pasta pronto para mesa 3, 2=plato Ensalada pronto para mesa 3}
CAJEROS {1=cobrando cliente 9 de mesa 2}
MESAS {1=VACIA - esperando limpieza, 2=SERVIDA - clientes comiendo, 3=SERVIDA - clientes comiendo}

[012846 ms] Cliente 25: llegó al restaurante
CLIENTES {1=pagó y se retiró, 2=pagó y se retiró, 3=pagó y se retiró, 4=pagó y se retiró, 5=pagó y se retiró, 6=pagó y se retiró, 7=pagó y se retiró, 8=pagó y se retiró, 9=en cola de caja, 10=pagó y se retiró, 11=comiendo en mesa 3, 12=comiendo en mesa 3, 13=esperando afuera, 14=esperando afuera, 15=esperando afuera, 16=esperando afuera, 17=esperando afuera, 18=esperando afuera, 19=esperando afuera, 20=esperando afuera, 21=esperando afuera, 22=esperando afuera, 23=esperando afuera, 24=esperando afuera, 25=llegó al restaurante}
MOZOS {1=limpiando mesa 1, 2=esperando tareas}
COCINEROS {1=plato Pasta pronto para mesa 3, 2=plato Ensalada pronto para mesa 3}
CAJEROS {1=cobrando cliente 9 de mesa 2}
MESAS {1=VACIA - esperando limpieza, 2=SERVIDA - clientes comiendo, 3=SERVIDA - clientes comiendo}

[012846 ms] Cliente 25: esperando afuera
CLIENTES {1=pagó y se retiró, 2=pagó y se retiró, 3=pagó y se retiró, 4=pagó y se retiró, 5=pagó y se retiró, 6=pagó y se retiró, 7=pagó y se retiró, 8=pagó y se retiró, 9=en cola de caja, 10=pagó y se retiró, 11=comiendo en mesa 3, 12=comiendo en mesa 3, 13=esperando afuera, 14=esperando afuera, 15=esperando afuera, 16=esperando afuera, 17=esperando afuera, 18=esperando afuera, 19=esperando afuera, 20=esperando afuera, 21=esperando afuera, 22=esperando afuera, 23=esperando afuera, 24=esperando afuera, 25=esperando afuera}
MOZOS {1=limpiando mesa 1, 2=esperando tareas}
COCINEROS {1=plato Pasta pronto para mesa 3, 2=plato Ensalada pronto para mesa 3}
CAJEROS {1=cobrando cliente 9 de mesa 2}
MESAS {1=VACIA - esperando limpieza, 2=SERVIDA - clientes comiendo, 3=SERVIDA - clientes comiendo}

[013165 ms] Cajero 1: esperando clientes
CLIENTES {1=pagó y se retiró, 2=pagó y se retiró, 3=pagó y se retiró, 4=pagó y se retiró, 5=pagó y se retiró, 6=pagó y se retiró, 7=pagó y se retiró, 8=pagó y se retiró, 9=en cola de caja, 10=pagó y se retiró, 11=comiendo en mesa 3, 12=comiendo en mesa 3, 13=esperando afuera, 14=esperando afuera, 15=esperando afuera, 16=esperando afuera, 17=esperando afuera, 18=esperando afuera, 19=esperando afuera, 20=esperando afuera, 21=esperando afuera, 22=esperando afuera, 23=esperando afuera, 24=esperando afuera, 25=esperando afuera}
MOZOS {1=limpiando mesa 1, 2=esperando tareas}
COCINEROS {1=plato Pasta pronto para mesa 3, 2=plato Ensalada pronto para mesa 3}
CAJEROS {1=esperando clientes}
MESAS {1=VACIA - esperando limpieza, 2=SERVIDA - clientes comiendo, 3=SERVIDA - clientes comiendo}

[013165 ms] Cliente 9: pagó y se retiró
CLIENTES {1=pagó y se retiró, 2=pagó y se retiró, 3=pagó y se retiró, 4=pagó y se retiró, 5=pagó y se retiró, 6=pagó y se retiró, 7=pagó y se retiró, 8=pagó y se retiró, 9=pagó y se retiró, 10=pagó y se retiró, 11=comiendo en mesa 3, 12=comiendo en mesa 3, 13=esperando afuera, 14=esperando afuera, 15=esperando afuera, 16=esperando afuera, 17=esperando afuera, 18=esperando afuera, 19=esperando afuera, 20=esperando afuera, 21=esperando afuera, 22=esperando afuera, 23=esperando afuera, 24=esperando afuera, 25=esperando afuera}
MOZOS {1=limpiando mesa 1, 2=esperando tareas}
COCINEROS {1=plato Pasta pronto para mesa 3, 2=plato Ensalada pronto para mesa 3}
CAJEROS {1=esperando clientes}
MESAS {1=VACIA - esperando limpieza, 2=SERVIDA - clientes comiendo, 3=SERVIDA - clientes comiendo}

[013165 ms] Mesa 2: VACIA - esperando limpieza
CLIENTES {1=pagó y se retiró, 2=pagó y se retiró, 3=pagó y se retiró, 4=pagó y se retiró, 5=pagó y se retiró, 6=pagó y se retiró, 7=pagó y se retiró, 8=pagó y se retiró, 9=pagó y se retiró, 10=pagó y se retiró, 11=comiendo en mesa 3, 12=comiendo en mesa 3, 13=esperando afuera, 14=esperando afuera, 15=esperando afuera, 16=esperando afuera, 17=esperando afuera, 18=esperando afuera, 19=esperando afuera, 20=esperando afuera, 21=esperando afuera, 22=esperando afuera, 23=esperando afuera, 24=esperando afuera, 25=esperando afuera}
MOZOS {1=limpiando mesa 1, 2=esperando tareas}
COCINEROS {1=plato Pasta pronto para mesa 3, 2=plato Ensalada pronto para mesa 3}
CAJEROS {1=esperando clientes}
MESAS {1=VACIA - esperando limpieza, 2=VACIA - esperando limpieza, 3=SERVIDA - clientes comiendo}

[013165 ms] Mozo 2: limpiando mesa 2
CLIENTES {1=pagó y se retiró, 2=pagó y se retiró, 3=pagó y se retiró, 4=pagó y se retiró, 5=pagó y se retiró, 6=pagó y se retiró, 7=pagó y se retiró, 8=pagó y se retiró, 9=pagó y se retiró, 10=pagó y se retiró, 11=comiendo en mesa 3, 12=comiendo en mesa 3, 13=esperando afuera, 14=esperando afuera, 15=esperando afuera, 16=esperando afuera, 17=esperando afuera, 18=esperando afuera, 19=esperando afuera, 20=esperando afuera, 21=esperando afuera, 22=esperando afuera, 23=esperando afuera, 24=esperando afuera, 25=esperando afuera}
MOZOS {1=limpiando mesa 1, 2=limpiando mesa 2}
COCINEROS {1=plato Pasta pronto para mesa 3, 2=plato Ensalada pronto para mesa 3}
CAJEROS {1=esperando clientes}
MESAS {1=VACIA - esperando limpieza, 2=VACIA - esperando limpieza, 3=SERVIDA - clientes comiendo}

[013182 ms] Cliente 12: en cola de caja
CLIENTES {1=pagó y se retiró, 2=pagó y se retiró, 3=pagó y se retiró, 4=pagó y se retiró, 5=pagó y se retiró, 6=pagó y se retiró, 7=pagó y se retiró, 8=pagó y se retiró, 9=pagó y se retiró, 10=pagó y se retiró, 11=comiendo en mesa 3, 12=en cola de caja, 13=esperando afuera, 14=esperando afuera, 15=esperando afuera, 16=esperando afuera, 17=esperando afuera, 18=esperando afuera, 19=esperando afuera, 20=esperando afuera, 21=esperando afuera, 22=esperando afuera, 23=esperando afuera, 24=esperando afuera, 25=esperando afuera}
MOZOS {1=limpiando mesa 1, 2=limpiando mesa 2}
COCINEROS {1=plato Pasta pronto para mesa 3, 2=plato Ensalada pronto para mesa 3}
CAJEROS {1=esperando clientes}
MESAS {1=VACIA - esperando limpieza, 2=VACIA - esperando limpieza, 3=SERVIDA - clientes comiendo}

[013182 ms] Cajero 1: cobrando cliente 12 de mesa 3
CLIENTES {1=pagó y se retiró, 2=pagó y se retiró, 3=pagó y se retiró, 4=pagó y se retiró, 5=pagó y se retiró, 6=pagó y se retiró, 7=pagó y se retiró, 8=pagó y se retiró, 9=pagó y se retiró, 10=pagó y se retiró, 11=comiendo en mesa 3, 12=en cola de caja, 13=esperando afuera, 14=esperando afuera, 15=esperando afuera, 16=esperando afuera, 17=esperando afuera, 18=esperando afuera, 19=esperando afuera, 20=esperando afuera, 21=esperando afuera, 22=esperando afuera, 23=esperando afuera, 24=esperando afuera, 25=esperando afuera}
MOZOS {1=limpiando mesa 1, 2=limpiando mesa 2}
COCINEROS {1=plato Pasta pronto para mesa 3, 2=plato Ensalada pronto para mesa 3}
CAJEROS {1=cobrando cliente 12 de mesa 3}
MESAS {1=VACIA - esperando limpieza, 2=VACIA - esperando limpieza, 3=SERVIDA - clientes comiendo}

[013270 ms] Mesa 1: LIBRE
CLIENTES {1=pagó y se retiró, 2=pagó y se retiró, 3=pagó y se retiró, 4=pagó y se retiró, 5=pagó y se retiró, 6=pagó y se retiró, 7=pagó y se retiró, 8=pagó y se retiró, 9=pagó y se retiró, 10=pagó y se retiró, 11=comiendo en mesa 3, 12=en cola de caja, 13=esperando afuera, 14=esperando afuera, 15=esperando afuera, 16=esperando afuera, 17=esperando afuera, 18=esperando afuera, 19=esperando afuera, 20=esperando afuera, 21=esperando afuera, 22=esperando afuera, 23=esperando afuera, 24=esperando afuera, 25=esperando afuera}
MOZOS {1=limpiando mesa 1, 2=limpiando mesa 2}
COCINEROS {1=plato Pasta pronto para mesa 3, 2=plato Ensalada pronto para mesa 3}
CAJEROS {1=cobrando cliente 12 de mesa 3}
MESAS {1=LIBRE, 2=VACIA - esperando limpieza, 3=SERVIDA - clientes comiendo}

[013270 ms] Mesa 1: OCUPADA - clientes eligiendo
CLIENTES {1=pagó y se retiró, 2=pagó y se retiró, 3=pagó y se retiró, 4=pagó y se retiró, 5=pagó y se retiró, 6=pagó y se retiró, 7=pagó y se retiró, 8=pagó y se retiró, 9=pagó y se retiró, 10=pagó y se retiró, 11=comiendo en mesa 3, 12=en cola de caja, 13=esperando afuera, 14=esperando afuera, 15=esperando afuera, 16=esperando afuera, 17=esperando afuera, 18=esperando afuera, 19=esperando afuera, 20=esperando afuera, 21=esperando afuera, 22=esperando afuera, 23=esperando afuera, 24=esperando afuera, 25=esperando afuera}
MOZOS {1=limpiando mesa 1, 2=limpiando mesa 2}
COCINEROS {1=plato Pasta pronto para mesa 3, 2=plato Ensalada pronto para mesa 3}
CAJEROS {1=cobrando cliente 12 de mesa 3}
MESAS {1=OCUPADA - clientes eligiendo, 2=VACIA - esperando limpieza, 3=SERVIDA - clientes comiendo}

[013271 ms] Mozo 1: esperando tareas
CLIENTES {1=pagó y se retiró, 2=pagó y se retiró, 3=pagó y se retiró, 4=pagó y se retiró, 5=pagó y se retiró, 6=pagó y se retiró, 7=pagó y se retiró, 8=pagó y se retiró, 9=pagó y se retiró, 10=pagó y se retiró, 11=comiendo en mesa 3, 12=en cola de caja, 13=esperando afuera, 14=esperando afuera, 15=esperando afuera, 16=esperando afuera, 17=esperando afuera, 18=esperando afuera, 19=esperando afuera, 20=esperando afuera, 21=esperando afuera, 22=esperando afuera, 23=esperando afuera, 24=esperando afuera, 25=esperando afuera}
MOZOS {1=esperando tareas, 2=limpiando mesa 2}
COCINEROS {1=plato Pasta pronto para mesa 3, 2=plato Ensalada pronto para mesa 3}
CAJEROS {1=cobrando cliente 12 de mesa 3}
MESAS {1=OCUPADA - clientes eligiendo, 2=VACIA - esperando limpieza, 3=SERVIDA - clientes comiendo}

[013271 ms] Cliente 13: sentado en mesa 1 - eligiendo menú
CLIENTES {1=pagó y se retiró, 2=pagó y se retiró, 3=pagó y se retiró, 4=pagó y se retiró, 5=pagó y se retiró, 6=pagó y se retiró, 7=pagó y se retiró, 8=pagó y se retiró, 9=pagó y se retiró, 10=pagó y se retiró, 11=comiendo en mesa 3, 12=en cola de caja, 13=sentado en mesa 1 - eligiendo menú, 14=esperando afuera, 15=esperando afuera, 16=esperando afuera, 17=esperando afuera, 18=esperando afuera, 19=esperando afuera, 20=esperando afuera, 21=esperando afuera, 22=esperando afuera, 23=esperando afuera, 24=esperando afuera, 25=esperando afuera}
MOZOS {1=esperando tareas, 2=limpiando mesa 2}
COCINEROS {1=plato Pasta pronto para mesa 3, 2=plato Ensalada pronto para mesa 3}
CAJEROS {1=cobrando cliente 12 de mesa 3}
MESAS {1=OCUPADA - clientes eligiendo, 2=VACIA - esperando limpieza, 3=SERVIDA - clientes comiendo}

[013271 ms] Cliente 14: sentado en mesa 1 - eligiendo menú
CLIENTES {1=pagó y se retiró, 2=pagó y se retiró, 3=pagó y se retiró, 4=pagó y se retiró, 5=pagó y se retiró, 6=pagó y se retiró, 7=pagó y se retiró, 8=pagó y se retiró, 9=pagó y se retiró, 10=pagó y se retiró, 11=comiendo en mesa 3, 12=en cola de caja, 13=sentado en mesa 1 - eligiendo menú, 14=sentado en mesa 1 - eligiendo menú, 15=esperando afuera, 16=esperando afuera, 17=esperando afuera, 18=esperando afuera, 19=esperando afuera, 20=esperando afuera, 21=esperando afuera, 22=esperando afuera, 23=esperando afuera, 24=esperando afuera, 25=esperando afuera}
MOZOS {1=esperando tareas, 2=limpiando mesa 2}
COCINEROS {1=plato Pasta pronto para mesa 3, 2=plato Ensalada pronto para mesa 3}
CAJEROS {1=cobrando cliente 12 de mesa 3}
MESAS {1=OCUPADA - clientes eligiendo, 2=VACIA - esperando limpieza, 3=SERVIDA - clientes comiendo}

[013569 ms] Cliente 26: llegó al restaurante
CLIENTES {1=pagó y se retiró, 2=pagó y se retiró, 3=pagó y se retiró, 4=pagó y se retiró, 5=pagó y se retiró, 6=pagó y se retiró, 7=pagó y se retiró, 8=pagó y se retiró, 9=pagó y se retiró, 10=pagó y se retiró, 11=comiendo en mesa 3, 12=en cola de caja, 13=sentado en mesa 1 - eligiendo menú, 14=sentado en mesa 1 - eligiendo menú, 15=esperando afuera, 16=esperando afuera, 17=esperando afuera, 18=esperando afuera, 19=esperando afuera, 20=esperando afuera, 21=esperando afuera, 22=esperando afuera, 23=esperando afuera, 24=esperando afuera, 25=esperando afuera, 26=llegó al restaurante}
MOZOS {1=esperando tareas, 2=limpiando mesa 2}
COCINEROS {1=plato Pasta pronto para mesa 3, 2=plato Ensalada pronto para mesa 3}
CAJEROS {1=cobrando cliente 12 de mesa 3}
MESAS {1=OCUPADA - clientes eligiendo, 2=VACIA - esperando limpieza, 3=SERVIDA - clientes comiendo}

[013569 ms] Cliente 26: esperando afuera
CLIENTES {1=pagó y se retiró, 2=pagó y se retiró, 3=pagó y se retiró, 4=pagó y se retiró, 5=pagó y se retiró, 6=pagó y se retiró, 7=pagó y se retiró, 8=pagó y se retiró, 9=pagó y se retiró, 10=pagó y se retiró, 11=comiendo en mesa 3, 12=en cola de caja, 13=sentado en mesa 1 - eligiendo menú, 14=sentado en mesa 1 - eligiendo menú, 15=esperando afuera, 16=esperando afuera, 17=esperando afuera, 18=esperando afuera, 19=esperando afuera, 20=esperando afuera, 21=esperando afuera, 22=esperando afuera, 23=esperando afuera, 24=esperando afuera, 25=esperando afuera, 26=esperando afuera}
MOZOS {1=esperando tareas, 2=limpiando mesa 2}
COCINEROS {1=plato Pasta pronto para mesa 3, 2=plato Ensalada pronto para mesa 3}
CAJEROS {1=cobrando cliente 12 de mesa 3}
MESAS {1=OCUPADA - clientes eligiendo, 2=VACIA - esperando limpieza, 3=SERVIDA - clientes comiendo}

[013602 ms] Mesa 2: LIBRE
CLIENTES {1=pagó y se retiró, 2=pagó y se retiró, 3=pagó y se retiró, 4=pagó y se retiró, 5=pagó y se retiró, 6=pagó y se retiró, 7=pagó y se retiró, 8=pagó y se retiró, 9=pagó y se retiró, 10=pagó y se retiró, 11=comiendo en mesa 3, 12=en cola de caja, 13=sentado en mesa 1 - eligiendo menú, 14=sentado en mesa 1 - eligiendo menú, 15=esperando afuera, 16=esperando afuera, 17=esperando afuera, 18=esperando afuera, 19=esperando afuera, 20=esperando afuera, 21=esperando afuera, 22=esperando afuera, 23=esperando afuera, 24=esperando afuera, 25=esperando afuera, 26=esperando afuera}
MOZOS {1=esperando tareas, 2=limpiando mesa 2}
COCINEROS {1=plato Pasta pronto para mesa 3, 2=plato Ensalada pronto para mesa 3}
CAJEROS {1=cobrando cliente 12 de mesa 3}
MESAS {1=OCUPADA - clientes eligiendo, 2=LIBRE, 3=SERVIDA - clientes comiendo}

[013602 ms] Mesa 2: OCUPADA - clientes eligiendo
CLIENTES {1=pagó y se retiró, 2=pagó y se retiró, 3=pagó y se retiró, 4=pagó y se retiró, 5=pagó y se retiró, 6=pagó y se retiró, 7=pagó y se retiró, 8=pagó y se retiró, 9=pagó y se retiró, 10=pagó y se retiró, 11=comiendo en mesa 3, 12=en cola de caja, 13=sentado en mesa 1 - eligiendo menú, 14=sentado en mesa 1 - eligiendo menú, 15=esperando afuera, 16=esperando afuera, 17=esperando afuera, 18=esperando afuera, 19=esperando afuera, 20=esperando afuera, 21=esperando afuera, 22=esperando afuera, 23=esperando afuera, 24=esperando afuera, 25=esperando afuera, 26=esperando afuera}
MOZOS {1=esperando tareas, 2=limpiando mesa 2}
COCINEROS {1=plato Pasta pronto para mesa 3, 2=plato Ensalada pronto para mesa 3}
CAJEROS {1=cobrando cliente 12 de mesa 3}
MESAS {1=OCUPADA - clientes eligiendo, 2=OCUPADA - clientes eligiendo, 3=SERVIDA - clientes comiendo}

[013602 ms] Mozo 2: esperando tareas
CLIENTES {1=pagó y se retiró, 2=pagó y se retiró, 3=pagó y se retiró, 4=pagó y se retiró, 5=pagó y se retiró, 6=pagó y se retiró, 7=pagó y se retiró, 8=pagó y se retiró, 9=pagó y se retiró, 10=pagó y se retiró, 11=comiendo en mesa 3, 12=en cola de caja, 13=sentado en mesa 1 - eligiendo menú, 14=sentado en mesa 1 - eligiendo menú, 15=esperando afuera, 16=esperando afuera, 17=esperando afuera, 18=esperando afuera, 19=esperando afuera, 20=esperando afuera, 21=esperando afuera, 22=esperando afuera, 23=esperando afuera, 24=esperando afuera, 25=esperando afuera, 26=esperando afuera}
MOZOS {1=esperando tareas, 2=esperando tareas}
COCINEROS {1=plato Pasta pronto para mesa 3, 2=plato Ensalada pronto para mesa 3}
CAJEROS {1=cobrando cliente 12 de mesa 3}
MESAS {1=OCUPADA - clientes eligiendo, 2=OCUPADA - clientes eligiendo, 3=SERVIDA - clientes comiendo}

[013603 ms] Cliente 15: sentado en mesa 2 - eligiendo menú
CLIENTES {1=pagó y se retiró, 2=pagó y se retiró, 3=pagó y se retiró, 4=pagó y se retiró, 5=pagó y se retiró, 6=pagó y se retiró, 7=pagó y se retiró, 8=pagó y se retiró, 9=pagó y se retiró, 10=pagó y se retiró, 11=comiendo en mesa 3, 12=en cola de caja, 13=sentado en mesa 1 - eligiendo menú, 14=sentado en mesa 1 - eligiendo menú, 15=sentado en mesa 2 - eligiendo menú, 16=esperando afuera, 17=esperando afuera, 18=esperando afuera, 19=esperando afuera, 20=esperando afuera, 21=esperando afuera, 22=esperando afuera, 23=esperando afuera, 24=esperando afuera, 25=esperando afuera, 26=esperando afuera}
MOZOS {1=esperando tareas, 2=esperando tareas}
COCINEROS {1=plato Pasta pronto para mesa 3, 2=plato Ensalada pronto para mesa 3}
CAJEROS {1=cobrando cliente 12 de mesa 3}
MESAS {1=OCUPADA - clientes eligiendo, 2=OCUPADA - clientes eligiendo, 3=SERVIDA - clientes comiendo}

[013603 ms] Cliente 16: sentado en mesa 2 - eligiendo menú
CLIENTES {1=pagó y se retiró, 2=pagó y se retiró, 3=pagó y se retiró, 4=pagó y se retiró, 5=pagó y se retiró, 6=pagó y se retiró, 7=pagó y se retiró, 8=pagó y se retiró, 9=pagó y se retiró, 10=pagó y se retiró, 11=comiendo en mesa 3, 12=en cola de caja, 13=sentado en mesa 1 - eligiendo menú, 14=sentado en mesa 1 - eligiendo menú, 15=sentado en mesa 2 - eligiendo menú, 16=sentado en mesa 2 - eligiendo menú, 17=esperando afuera, 18=esperando afuera, 19=esperando afuera, 20=esperando afuera, 21=esperando afuera, 22=esperando afuera, 23=esperando afuera, 24=esperando afuera, 25=esperando afuera, 26=esperando afuera}
MOZOS {1=esperando tareas, 2=esperando tareas}
COCINEROS {1=plato Pasta pronto para mesa 3, 2=plato Ensalada pronto para mesa 3}
CAJEROS {1=cobrando cliente 12 de mesa 3}
MESAS {1=OCUPADA - clientes eligiendo, 2=OCUPADA - clientes eligiendo, 3=SERVIDA - clientes comiendo}

[013675 ms] Cliente 11: en cola de caja
CLIENTES {1=pagó y se retiró, 2=pagó y se retiró, 3=pagó y se retiró, 4=pagó y se retiró, 5=pagó y se retiró, 6=pagó y se retiró, 7=pagó y se retiró, 8=pagó y se retiró, 9=pagó y se retiró, 10=pagó y se retiró, 11=en cola de caja, 12=en cola de caja, 13=sentado en mesa 1 - eligiendo menú, 14=sentado en mesa 1 - eligiendo menú, 15=sentado en mesa 2 - eligiendo menú, 16=sentado en mesa 2 - eligiendo menú, 17=esperando afuera, 18=esperando afuera, 19=esperando afuera, 20=esperando afuera, 21=esperando afuera, 22=esperando afuera, 23=esperando afuera, 24=esperando afuera, 25=esperando afuera, 26=esperando afuera}
MOZOS {1=esperando tareas, 2=esperando tareas}
COCINEROS {1=plato Pasta pronto para mesa 3, 2=plato Ensalada pronto para mesa 3}
CAJEROS {1=cobrando cliente 12 de mesa 3}
MESAS {1=OCUPADA - clientes eligiendo, 2=OCUPADA - clientes eligiendo, 3=SERVIDA - clientes comiendo}

[013809 ms] Cajero 1: esperando clientes
CLIENTES {1=pagó y se retiró, 2=pagó y se retiró, 3=pagó y se retiró, 4=pagó y se retiró, 5=pagó y se retiró, 6=pagó y se retiró, 7=pagó y se retiró, 8=pagó y se retiró, 9=pagó y se retiró, 10=pagó y se retiró, 11=en cola de caja, 12=en cola de caja, 13=sentado en mesa 1 - eligiendo menú, 14=sentado en mesa 1 - eligiendo menú, 15=sentado en mesa 2 - eligiendo menú, 16=sentado en mesa 2 - eligiendo menú, 17=esperando afuera, 18=esperando afuera, 19=esperando afuera, 20=esperando afuera, 21=esperando afuera, 22=esperando afuera, 23=esperando afuera, 24=esperando afuera, 25=esperando afuera, 26=esperando afuera}
MOZOS {1=esperando tareas, 2=esperando tareas}
COCINEROS {1=plato Pasta pronto para mesa 3, 2=plato Ensalada pronto para mesa 3}
CAJEROS {1=esperando clientes}
MESAS {1=OCUPADA - clientes eligiendo, 2=OCUPADA - clientes eligiendo, 3=SERVIDA - clientes comiendo}

[013809 ms] Cajero 1: cobrando cliente 11 de mesa 3
CLIENTES {1=pagó y se retiró, 2=pagó y se retiró, 3=pagó y se retiró, 4=pagó y se retiró, 5=pagó y se retiró, 6=pagó y se retiró, 7=pagó y se retiró, 8=pagó y se retiró, 9=pagó y se retiró, 10=pagó y se retiró, 11=en cola de caja, 12=en cola de caja, 13=sentado en mesa 1 - eligiendo menú, 14=sentado en mesa 1 - eligiendo menú, 15=sentado en mesa 2 - eligiendo menú, 16=sentado en mesa 2 - eligiendo menú, 17=esperando afuera, 18=esperando afuera, 19=esperando afuera, 20=esperando afuera, 21=esperando afuera, 22=esperando afuera, 23=esperando afuera, 24=esperando afuera, 25=esperando afuera, 26=esperando afuera}
MOZOS {1=esperando tareas, 2=esperando tareas}
COCINEROS {1=plato Pasta pronto para mesa 3, 2=plato Ensalada pronto para mesa 3}
CAJEROS {1=cobrando cliente 11 de mesa 3}
MESAS {1=OCUPADA - clientes eligiendo, 2=OCUPADA - clientes eligiendo, 3=SERVIDA - clientes comiendo}

[013809 ms] Cliente 12: pagó y se retiró
CLIENTES {1=pagó y se retiró, 2=pagó y se retiró, 3=pagó y se retiró, 4=pagó y se retiró, 5=pagó y se retiró, 6=pagó y se retiró, 7=pagó y se retiró, 8=pagó y se retiró, 9=pagó y se retiró, 10=pagó y se retiró, 11=en cola de caja, 12=pagó y se retiró, 13=sentado en mesa 1 - eligiendo menú, 14=sentado en mesa 1 - eligiendo menú, 15=sentado en mesa 2 - eligiendo menú, 16=sentado en mesa 2 - eligiendo menú, 17=esperando afuera, 18=esperando afuera, 19=esperando afuera, 20=esperando afuera, 21=esperando afuera, 22=esperando afuera, 23=esperando afuera, 24=esperando afuera, 25=esperando afuera, 26=esperando afuera}
MOZOS {1=esperando tareas, 2=esperando tareas}
COCINEROS {1=plato Pasta pronto para mesa 3, 2=plato Ensalada pronto para mesa 3}
CAJEROS {1=cobrando cliente 11 de mesa 3}
MESAS {1=OCUPADA - clientes eligiendo, 2=OCUPADA - clientes eligiendo, 3=SERVIDA - clientes comiendo}

[013821 ms] Cliente 14: eligió Ensalada - esperando mozo
CLIENTES {1=pagó y se retiró, 2=pagó y se retiró, 3=pagó y se retiró, 4=pagó y se retiró, 5=pagó y se retiró, 6=pagó y se retiró, 7=pagó y se retiró, 8=pagó y se retiró, 9=pagó y se retiró, 10=pagó y se retiró, 11=en cola de caja, 12=pagó y se retiró, 13=sentado en mesa 1 - eligiendo menú, 14=eligió Ensalada - esperando mozo, 15=sentado en mesa 2 - eligiendo menú, 16=sentado en mesa 2 - eligiendo menú, 17=esperando afuera, 18=esperando afuera, 19=esperando afuera, 20=esperando afuera, 21=esperando afuera, 22=esperando afuera, 23=esperando afuera, 24=esperando afuera, 25=esperando afuera, 26=esperando afuera}
MOZOS {1=esperando tareas, 2=esperando tareas}
COCINEROS {1=plato Pasta pronto para mesa 3, 2=plato Ensalada pronto para mesa 3}
CAJEROS {1=cobrando cliente 11 de mesa 3}
MESAS {1=OCUPADA - clientes eligiendo, 2=OCUPADA - clientes eligiendo, 3=SERVIDA - clientes comiendo}

[014058 ms] Cliente 13: eligió Ensalada - esperando mozo
CLIENTES {1=pagó y se retiró, 2=pagó y se retiró, 3=pagó y se retiró, 4=pagó y se retiró, 5=pagó y se retiró, 6=pagó y se retiró, 7=pagó y se retiró, 8=pagó y se retiró, 9=pagó y se retiró, 10=pagó y se retiró, 11=en cola de caja, 12=pagó y se retiró, 13=eligió Ensalada - esperando mozo, 14=eligió Ensalada - esperando mozo, 15=sentado en mesa 2 - eligiendo menú, 16=sentado en mesa 2 - eligiendo menú, 17=esperando afuera, 18=esperando afuera, 19=esperando afuera, 20=esperando afuera, 21=esperando afuera, 22=esperando afuera, 23=esperando afuera, 24=esperando afuera, 25=esperando afuera, 26=esperando afuera}
MOZOS {1=esperando tareas, 2=esperando tareas}
COCINEROS {1=plato Pasta pronto para mesa 3, 2=plato Ensalada pronto para mesa 3}
CAJEROS {1=cobrando cliente 11 de mesa 3}
MESAS {1=OCUPADA - clientes eligiendo, 2=OCUPADA - clientes eligiendo, 3=SERVIDA - clientes comiendo}

[014058 ms] Mozo 1: tomando pedido mesa 1
CLIENTES {1=pagó y se retiró, 2=pagó y se retiró, 3=pagó y se retiró, 4=pagó y se retiró, 5=pagó y se retiró, 6=pagó y se retiró, 7=pagó y se retiró, 8=pagó y se retiró, 9=pagó y se retiró, 10=pagó y se retiró, 11=en cola de caja, 12=pagó y se retiró, 13=eligió Ensalada - esperando mozo, 14=eligió Ensalada - esperando mozo, 15=sentado en mesa 2 - eligiendo menú, 16=sentado en mesa 2 - eligiendo menú, 17=esperando afuera, 18=esperando afuera, 19=esperando afuera, 20=esperando afuera, 21=esperando afuera, 22=esperando afuera, 23=esperando afuera, 24=esperando afuera, 25=esperando afuera, 26=esperando afuera}
MOZOS {1=tomando pedido mesa 1, 2=esperando tareas}
COCINEROS {1=plato Pasta pronto para mesa 3, 2=plato Ensalada pronto para mesa 3}
CAJEROS {1=cobrando cliente 11 de mesa 3}
MESAS {1=OCUPADA - clientes eligiendo, 2=OCUPADA - clientes eligiendo, 3=SERVIDA - clientes comiendo}

[014169 ms] Cliente 27: llegó al restaurante
CLIENTES {1=pagó y se retiró, 2=pagó y se retiró, 3=pagó y se retiró, 4=pagó y se retiró, 5=pagó y se retiró, 6=pagó y se retiró, 7=pagó y se retiró, 8=pagó y se retiró, 9=pagó y se retiró, 10=pagó y se retiró, 11=en cola de caja, 12=pagó y se retiró, 13=eligió Ensalada - esperando mozo, 14=eligió Ensalada - esperando mozo, 15=sentado en mesa 2 - eligiendo menú, 16=sentado en mesa 2 - eligiendo menú, 17=esperando afuera, 18=esperando afuera, 19=esperando afuera, 20=esperando afuera, 21=esperando afuera, 22=esperando afuera, 23=esperando afuera, 24=esperando afuera, 25=esperando afuera, 26=esperando afuera, 27=llegó al restaurante}
MOZOS {1=tomando pedido mesa 1, 2=esperando tareas}
COCINEROS {1=plato Pasta pronto para mesa 3, 2=plato Ensalada pronto para mesa 3}
CAJEROS {1=cobrando cliente 11 de mesa 3}
MESAS {1=OCUPADA - clientes eligiendo, 2=OCUPADA - clientes eligiendo, 3=SERVIDA - clientes comiendo}

[014169 ms] Cliente 27: esperando afuera
CLIENTES {1=pagó y se retiró, 2=pagó y se retiró, 3=pagó y se retiró, 4=pagó y se retiró, 5=pagó y se retiró, 6=pagó y se retiró, 7=pagó y se retiró, 8=pagó y se retiró, 9=pagó y se retiró, 10=pagó y se retiró, 11=en cola de caja, 12=pagó y se retiró, 13=eligió Ensalada - esperando mozo, 14=eligió Ensalada - esperando mozo, 15=sentado en mesa 2 - eligiendo menú, 16=sentado en mesa 2 - eligiendo menú, 17=esperando afuera, 18=esperando afuera, 19=esperando afuera, 20=esperando afuera, 21=esperando afuera, 22=esperando afuera, 23=esperando afuera, 24=esperando afuera, 25=esperando afuera, 26=esperando afuera, 27=esperando afuera}
MOZOS {1=tomando pedido mesa 1, 2=esperando tareas}
COCINEROS {1=plato Pasta pronto para mesa 3, 2=plato Ensalada pronto para mesa 3}
CAJEROS {1=cobrando cliente 11 de mesa 3}
MESAS {1=OCUPADA - clientes eligiendo, 2=OCUPADA - clientes eligiendo, 3=SERVIDA - clientes comiendo}

[014241 ms] Cliente 15: eligió Milanesa - esperando mozo
CLIENTES {1=pagó y se retiró, 2=pagó y se retiró, 3=pagó y se retiró, 4=pagó y se retiró, 5=pagó y se retiró, 6=pagó y se retiró, 7=pagó y se retiró, 8=pagó y se retiró, 9=pagó y se retiró, 10=pagó y se retiró, 11=en cola de caja, 12=pagó y se retiró, 13=eligió Ensalada - esperando mozo, 14=eligió Ensalada - esperando mozo, 15=eligió Milanesa - esperando mozo, 16=sentado en mesa 2 - eligiendo menú, 17=esperando afuera, 18=esperando afuera, 19=esperando afuera, 20=esperando afuera, 21=esperando afuera, 22=esperando afuera, 23=esperando afuera, 24=esperando afuera, 25=esperando afuera, 26=esperando afuera, 27=esperando afuera}
MOZOS {1=tomando pedido mesa 1, 2=esperando tareas}
COCINEROS {1=plato Pasta pronto para mesa 3, 2=plato Ensalada pronto para mesa 3}
CAJEROS {1=cobrando cliente 11 de mesa 3}
MESAS {1=OCUPADA - clientes eligiendo, 2=OCUPADA - clientes eligiendo, 3=SERVIDA - clientes comiendo}

[014400 ms] Cliente 11: pagó y se retiró
CLIENTES {1=pagó y se retiró, 2=pagó y se retiró, 3=pagó y se retiró, 4=pagó y se retiró, 5=pagó y se retiró, 6=pagó y se retiró, 7=pagó y se retiró, 8=pagó y se retiró, 9=pagó y se retiró, 10=pagó y se retiró, 11=pagó y se retiró, 12=pagó y se retiró, 13=eligió Ensalada - esperando mozo, 14=eligió Ensalada - esperando mozo, 15=eligió Milanesa - esperando mozo, 16=sentado en mesa 2 - eligiendo menú, 17=esperando afuera, 18=esperando afuera, 19=esperando afuera, 20=esperando afuera, 21=esperando afuera, 22=esperando afuera, 23=esperando afuera, 24=esperando afuera, 25=esperando afuera, 26=esperando afuera, 27=esperando afuera}
MOZOS {1=tomando pedido mesa 1, 2=esperando tareas}
COCINEROS {1=plato Pasta pronto para mesa 3, 2=plato Ensalada pronto para mesa 3}
CAJEROS {1=cobrando cliente 11 de mesa 3}
MESAS {1=OCUPADA - clientes eligiendo, 2=OCUPADA - clientes eligiendo, 3=SERVIDA - clientes comiendo}

[014401 ms] Mesa 3: VACIA - esperando limpieza
CLIENTES {1=pagó y se retiró, 2=pagó y se retiró, 3=pagó y se retiró, 4=pagó y se retiró, 5=pagó y se retiró, 6=pagó y se retiró, 7=pagó y se retiró, 8=pagó y se retiró, 9=pagó y se retiró, 10=pagó y se retiró, 11=pagó y se retiró, 12=pagó y se retiró, 13=eligió Ensalada - esperando mozo, 14=eligió Ensalada - esperando mozo, 15=eligió Milanesa - esperando mozo, 16=sentado en mesa 2 - eligiendo menú, 17=esperando afuera, 18=esperando afuera, 19=esperando afuera, 20=esperando afuera, 21=esperando afuera, 22=esperando afuera, 23=esperando afuera, 24=esperando afuera, 25=esperando afuera, 26=esperando afuera, 27=esperando afuera}
MOZOS {1=tomando pedido mesa 1, 2=esperando tareas}
COCINEROS {1=plato Pasta pronto para mesa 3, 2=plato Ensalada pronto para mesa 3}
CAJEROS {1=cobrando cliente 11 de mesa 3}
MESAS {1=OCUPADA - clientes eligiendo, 2=OCUPADA - clientes eligiendo, 3=VACIA - esperando limpieza}

[014401 ms] Cajero 1: esperando clientes
CLIENTES {1=pagó y se retiró, 2=pagó y se retiró, 3=pagó y se retiró, 4=pagó y se retiró, 5=pagó y se retiró, 6=pagó y se retiró, 7=pagó y se retiró, 8=pagó y se retiró, 9=pagó y se retiró, 10=pagó y se retiró, 11=pagó y se retiró, 12=pagó y se retiró, 13=eligió Ensalada - esperando mozo, 14=eligió Ensalada - esperando mozo, 15=eligió Milanesa - esperando mozo, 16=sentado en mesa 2 - eligiendo menú, 17=esperando afuera, 18=esperando afuera, 19=esperando afuera, 20=esperando afuera, 21=esperando afuera, 22=esperando afuera, 23=esperando afuera, 24=esperando afuera, 25=esperando afuera, 26=esperando afuera, 27=esperando afuera}
MOZOS {1=tomando pedido mesa 1, 2=esperando tareas}
COCINEROS {1=plato Pasta pronto para mesa 3, 2=plato Ensalada pronto para mesa 3}
CAJEROS {1=esperando clientes}
MESAS {1=OCUPADA - clientes eligiendo, 2=OCUPADA - clientes eligiendo, 3=VACIA - esperando limpieza}

[014401 ms] Mozo 2: limpiando mesa 3
CLIENTES {1=pagó y se retiró, 2=pagó y se retiró, 3=pagó y se retiró, 4=pagó y se retiró, 5=pagó y se retiró, 6=pagó y se retiró, 7=pagó y se retiró, 8=pagó y se retiró, 9=pagó y se retiró, 10=pagó y se retiró, 11=pagó y se retiró, 12=pagó y se retiró, 13=eligió Ensalada - esperando mozo, 14=eligió Ensalada - esperando mozo, 15=eligió Milanesa - esperando mozo, 16=sentado en mesa 2 - eligiendo menú, 17=esperando afuera, 18=esperando afuera, 19=esperando afuera, 20=esperando afuera, 21=esperando afuera, 22=esperando afuera, 23=esperando afuera, 24=esperando afuera, 25=esperando afuera, 26=esperando afuera, 27=esperando afuera}
MOZOS {1=tomando pedido mesa 1, 2=limpiando mesa 3}
COCINEROS {1=plato Pasta pronto para mesa 3, 2=plato Ensalada pronto para mesa 3}
CAJEROS {1=esperando clientes}
MESAS {1=OCUPADA - clientes eligiendo, 2=OCUPADA - clientes eligiendo, 3=VACIA - esperando limpieza}

[014562 ms] Cliente 28: llegó al restaurante
CLIENTES {1=pagó y se retiró, 2=pagó y se retiró, 3=pagó y se retiró, 4=pagó y se retiró, 5=pagó y se retiró, 6=pagó y se retiró, 7=pagó y se retiró, 8=pagó y se retiró, 9=pagó y se retiró, 10=pagó y se retiró, 11=pagó y se retiró, 12=pagó y se retiró, 13=eligió Ensalada - esperando mozo, 14=eligió Ensalada - esperando mozo, 15=eligió Milanesa - esperando mozo, 16=sentado en mesa 2 - eligiendo menú, 17=esperando afuera, 18=esperando afuera, 19=esperando afuera, 20=esperando afuera, 21=esperando afuera, 22=esperando afuera, 23=esperando afuera, 24=esperando afuera, 25=esperando afuera, 26=esperando afuera, 27=esperando afuera, 28=llegó al restaurante}
MOZOS {1=tomando pedido mesa 1, 2=limpiando mesa 3}
COCINEROS {1=plato Pasta pronto para mesa 3, 2=plato Ensalada pronto para mesa 3}
CAJEROS {1=esperando clientes}
MESAS {1=OCUPADA - clientes eligiendo, 2=OCUPADA - clientes eligiendo, 3=VACIA - esperando limpieza}

[014562 ms] Cliente 28: esperando afuera
CLIENTES {1=pagó y se retiró, 2=pagó y se retiró, 3=pagó y se retiró, 4=pagó y se retiró, 5=pagó y se retiró, 6=pagó y se retiró, 7=pagó y se retiró, 8=pagó y se retiró, 9=pagó y se retiró, 10=pagó y se retiró, 11=pagó y se retiró, 12=pagó y se retiró, 13=eligió Ensalada - esperando mozo, 14=eligió Ensalada - esperando mozo, 15=eligió Milanesa - esperando mozo, 16=sentado en mesa 2 - eligiendo menú, 17=esperando afuera, 18=esperando afuera, 19=esperando afuera, 20=esperando afuera, 21=esperando afuera, 22=esperando afuera, 23=esperando afuera, 24=esperando afuera, 25=esperando afuera, 26=esperando afuera, 27=esperando afuera, 28=esperando afuera}
MOZOS {1=tomando pedido mesa 1, 2=limpiando mesa 3}
COCINEROS {1=plato Pasta pronto para mesa 3, 2=plato Ensalada pronto para mesa 3}
CAJEROS {1=esperando clientes}
MESAS {1=OCUPADA - clientes eligiendo, 2=OCUPADA - clientes eligiendo, 3=VACIA - esperando limpieza}

[014787 ms] Cliente 13: pedido realizado - esperando comida
CLIENTES {1=pagó y se retiró, 2=pagó y se retiró, 3=pagó y se retiró, 4=pagó y se retiró, 5=pagó y se retiró, 6=pagó y se retiró, 7=pagó y se retiró, 8=pagó y se retiró, 9=pagó y se retiró, 10=pagó y se retiró, 11=pagó y se retiró, 12=pagó y se retiró, 13=pedido realizado - esperando comida, 14=eligió Ensalada - esperando mozo, 15=eligió Milanesa - esperando mozo, 16=sentado en mesa 2 - eligiendo menú, 17=esperando afuera, 18=esperando afuera, 19=esperando afuera, 20=esperando afuera, 21=esperando afuera, 22=esperando afuera, 23=esperando afuera, 24=esperando afuera, 25=esperando afuera, 26=esperando afuera, 27=esperando afuera, 28=esperando afuera}
MOZOS {1=tomando pedido mesa 1, 2=limpiando mesa 3}
COCINEROS {1=plato Pasta pronto para mesa 3, 2=plato Ensalada pronto para mesa 3}
CAJEROS {1=esperando clientes}
MESAS {1=OCUPADA - clientes eligiendo, 2=OCUPADA - clientes eligiendo, 3=VACIA - esperando limpieza}

[014787 ms] Cliente 14: pedido realizado - esperando comida
CLIENTES {1=pagó y se retiró, 2=pagó y se retiró, 3=pagó y se retiró, 4=pagó y se retiró, 5=pagó y se retiró, 6=pagó y se retiró, 7=pagó y se retiró, 8=pagó y se retiró, 9=pagó y se retiró, 10=pagó y se retiró, 11=pagó y se retiró, 12=pagó y se retiró, 13=pedido realizado - esperando comida, 14=pedido realizado - esperando comida, 15=eligió Milanesa - esperando mozo, 16=sentado en mesa 2 - eligiendo menú, 17=esperando afuera, 18=esperando afuera, 19=esperando afuera, 20=esperando afuera, 21=esperando afuera, 22=esperando afuera, 23=esperando afuera, 24=esperando afuera, 25=esperando afuera, 26=esperando afuera, 27=esperando afuera, 28=esperando afuera}
MOZOS {1=tomando pedido mesa 1, 2=limpiando mesa 3}
COCINEROS {1=plato Pasta pronto para mesa 3, 2=plato Ensalada pronto para mesa 3}
CAJEROS {1=esperando clientes}
MESAS {1=OCUPADA - clientes eligiendo, 2=OCUPADA - clientes eligiendo, 3=VACIA - esperando limpieza}

[014787 ms] Mesa 1: PEDIDO EN COCINA
CLIENTES {1=pagó y se retiró, 2=pagó y se retiró, 3=pagó y se retiró, 4=pagó y se retiró, 5=pagó y se retiró, 6=pagó y se retiró, 7=pagó y se retiró, 8=pagó y se retiró, 9=pagó y se retiró, 10=pagó y se retiró, 11=pagó y se retiró, 12=pagó y se retiró, 13=pedido realizado - esperando comida, 14=pedido realizado - esperando comida, 15=eligió Milanesa - esperando mozo, 16=sentado en mesa 2 - eligiendo menú, 17=esperando afuera, 18=esperando afuera, 19=esperando afuera, 20=esperando afuera, 21=esperando afuera, 22=esperando afuera, 23=esperando afuera, 24=esperando afuera, 25=esperando afuera, 26=esperando afuera, 27=esperando afuera, 28=esperando afuera}
MOZOS {1=tomando pedido mesa 1, 2=limpiando mesa 3}
COCINEROS {1=plato Pasta pronto para mesa 3, 2=plato Ensalada pronto para mesa 3}
CAJEROS {1=esperando clientes}
MESAS {1=PEDIDO EN COCINA, 2=OCUPADA - clientes eligiendo, 3=VACIA - esperando limpieza}

[014787 ms] Mozo 1: esperando tareas
CLIENTES {1=pagó y se retiró, 2=pagó y se retiró, 3=pagó y se retiró, 4=pagó y se retiró, 5=pagó y se retiró, 6=pagó y se retiró, 7=pagó y se retiró, 8=pagó y se retiró, 9=pagó y se retiró, 10=pagó y se retiró, 11=pagó y se retiró, 12=pagó y se retiró, 13=pedido realizado - esperando comida, 14=pedido realizado - esperando comida, 15=eligió Milanesa - esperando mozo, 16=sentado en mesa 2 - eligiendo menú, 17=esperando afuera, 18=esperando afuera, 19=esperando afuera, 20=esperando afuera, 21=esperando afuera, 22=esperando afuera, 23=esperando afuera, 24=esperando afuera, 25=esperando afuera, 26=esperando afuera, 27=esperando afuera, 28=esperando afuera}
MOZOS {1=esperando tareas, 2=limpiando mesa 3}
COCINEROS {1=plato Pasta pronto para mesa 3, 2=plato Ensalada pronto para mesa 3}
CAJEROS {1=esperando clientes}
MESAS {1=PEDIDO EN COCINA, 2=OCUPADA - clientes eligiendo, 3=VACIA - esperando limpieza}

[014787 ms] Cocinero 1: cocinando Ensalada para mesa 1
CLIENTES {1=pagó y se retiró, 2=pagó y se retiró, 3=pagó y se retiró, 4=pagó y se retiró, 5=pagó y se retiró, 6=pagó y se retiró, 7=pagó y se retiró, 8=pagó y se retiró, 9=pagó y se retiró, 10=pagó y se retiró, 11=pagó y se retiró, 12=pagó y se retiró, 13=pedido realizado - esperando comida, 14=pedido realizado - esperando comida, 15=eligió Milanesa - esperando mozo, 16=sentado en mesa 2 - eligiendo menú, 17=esperando afuera, 18=esperando afuera, 19=esperando afuera, 20=esperando afuera, 21=esperando afuera, 22=esperando afuera, 23=esperando afuera, 24=esperando afuera, 25=esperando afuera, 26=esperando afuera, 27=esperando afuera, 28=esperando afuera}
MOZOS {1=esperando tareas, 2=limpiando mesa 3}
COCINEROS {1=cocinando Ensalada para mesa 1, 2=plato Ensalada pronto para mesa 3}
CAJEROS {1=esperando clientes}
MESAS {1=PEDIDO EN COCINA, 2=OCUPADA - clientes eligiendo, 3=VACIA - esperando limpieza}

[014787 ms] Cocinero 2: cocinando Ensalada para mesa 1
CLIENTES {1=pagó y se retiró, 2=pagó y se retiró, 3=pagó y se retiró, 4=pagó y se retiró, 5=pagó y se retiró, 6=pagó y se retiró, 7=pagó y se retiró, 8=pagó y se retiró, 9=pagó y se retiró, 10=pagó y se retiró, 11=pagó y se retiró, 12=pagó y se retiró, 13=pedido realizado - esperando comida, 14=pedido realizado - esperando comida, 15=eligió Milanesa - esperando mozo, 16=sentado en mesa 2 - eligiendo menú, 17=esperando afuera, 18=esperando afuera, 19=esperando afuera, 20=esperando afuera, 21=esperando afuera, 22=esperando afuera, 23=esperando afuera, 24=esperando afuera, 25=esperando afuera, 26=esperando afuera, 27=esperando afuera, 28=esperando afuera}
MOZOS {1=esperando tareas, 2=limpiando mesa 3}
COCINEROS {1=cocinando Ensalada para mesa 1, 2=cocinando Ensalada para mesa 1}
CAJEROS {1=esperando clientes}
MESAS {1=PEDIDO EN COCINA, 2=OCUPADA - clientes eligiendo, 3=VACIA - esperando limpieza}

[014844 ms] Mesa 3: LIBRE
CLIENTES {1=pagó y se retiró, 2=pagó y se retiró, 3=pagó y se retiró, 4=pagó y se retiró, 5=pagó y se retiró, 6=pagó y se retiró, 7=pagó y se retiró, 8=pagó y se retiró, 9=pagó y se retiró, 10=pagó y se retiró, 11=pagó y se retiró, 12=pagó y se retiró, 13=pedido realizado - esperando comida, 14=pedido realizado - esperando comida, 15=eligió Milanesa - esperando mozo, 16=sentado en mesa 2 - eligiendo menú, 17=esperando afuera, 18=esperando afuera, 19=esperando afuera, 20=esperando afuera, 21=esperando afuera, 22=esperando afuera, 23=esperando afuera, 24=esperando afuera, 25=esperando afuera, 26=esperando afuera, 27=esperando afuera, 28=esperando afuera}
MOZOS {1=esperando tareas, 2=limpiando mesa 3}
COCINEROS {1=cocinando Ensalada para mesa 1, 2=cocinando Ensalada para mesa 1}
CAJEROS {1=esperando clientes}
MESAS {1=PEDIDO EN COCINA, 2=OCUPADA - clientes eligiendo, 3=LIBRE}

[014844 ms] Mesa 3: OCUPADA - clientes eligiendo
CLIENTES {1=pagó y se retiró, 2=pagó y se retiró, 3=pagó y se retiró, 4=pagó y se retiró, 5=pagó y se retiró, 6=pagó y se retiró, 7=pagó y se retiró, 8=pagó y se retiró, 9=pagó y se retiró, 10=pagó y se retiró, 11=pagó y se retiró, 12=pagó y se retiró, 13=pedido realizado - esperando comida, 14=pedido realizado - esperando comida, 15=eligió Milanesa - esperando mozo, 16=sentado en mesa 2 - eligiendo menú, 17=esperando afuera, 18=esperando afuera, 19=esperando afuera, 20=esperando afuera, 21=esperando afuera, 22=esperando afuera, 23=esperando afuera, 24=esperando afuera, 25=esperando afuera, 26=esperando afuera, 27=esperando afuera, 28=esperando afuera}
MOZOS {1=esperando tareas, 2=limpiando mesa 3}
COCINEROS {1=cocinando Ensalada para mesa 1, 2=cocinando Ensalada para mesa 1}
CAJEROS {1=esperando clientes}
MESAS {1=PEDIDO EN COCINA, 2=OCUPADA - clientes eligiendo, 3=OCUPADA - clientes eligiendo}

[014844 ms] Mozo 2: esperando tareas
CLIENTES {1=pagó y se retiró, 2=pagó y se retiró, 3=pagó y se retiró, 4=pagó y se retiró, 5=pagó y se retiró, 6=pagó y se retiró, 7=pagó y se retiró, 8=pagó y se retiró, 9=pagó y se retiró, 10=pagó y se retiró, 11=pagó y se retiró, 12=pagó y se retiró, 13=pedido realizado - esperando comida, 14=pedido realizado - esperando comida, 15=eligió Milanesa - esperando mozo, 16=sentado en mesa 2 - eligiendo menú, 17=esperando afuera, 18=esperando afuera, 19=esperando afuera, 20=esperando afuera, 21=esperando afuera, 22=esperando afuera, 23=esperando afuera, 24=esperando afuera, 25=esperando afuera, 26=esperando afuera, 27=esperando afuera, 28=esperando afuera}
MOZOS {1=esperando tareas, 2=esperando tareas}
COCINEROS {1=cocinando Ensalada para mesa 1, 2=cocinando Ensalada para mesa 1}
CAJEROS {1=esperando clientes}
MESAS {1=PEDIDO EN COCINA, 2=OCUPADA - clientes eligiendo, 3=OCUPADA - clientes eligiendo}

[014844 ms] Cliente 17: sentado en mesa 3 - eligiendo menú
CLIENTES {1=pagó y se retiró, 2=pagó y se retiró, 3=pagó y se retiró, 4=pagó y se retiró, 5=pagó y se retiró, 6=pagó y se retiró, 7=pagó y se retiró, 8=pagó y se retiró, 9=pagó y se retiró, 10=pagó y se retiró, 11=pagó y se retiró, 12=pagó y se retiró, 13=pedido realizado - esperando comida, 14=pedido realizado - esperando comida, 15=eligió Milanesa - esperando mozo, 16=sentado en mesa 2 - eligiendo menú, 17=sentado en mesa 3 - eligiendo menú, 18=esperando afuera, 19=esperando afuera, 20=esperando afuera, 21=esperando afuera, 22=esperando afuera, 23=esperando afuera, 24=esperando afuera, 25=esperando afuera, 26=esperando afuera, 27=esperando afuera, 28=esperando afuera}
MOZOS {1=esperando tareas, 2=esperando tareas}
COCINEROS {1=cocinando Ensalada para mesa 1, 2=cocinando Ensalada para mesa 1}
CAJEROS {1=esperando clientes}
MESAS {1=PEDIDO EN COCINA, 2=OCUPADA - clientes eligiendo, 3=OCUPADA - clientes eligiendo}

[014844 ms] Cliente 18: sentado en mesa 3 - eligiendo menú
CLIENTES {1=pagó y se retiró, 2=pagó y se retiró, 3=pagó y se retiró, 4=pagó y se retiró, 5=pagó y se retiró, 6=pagó y se retiró, 7=pagó y se retiró, 8=pagó y se retiró, 9=pagó y se retiró, 10=pagó y se retiró, 11=pagó y se retiró, 12=pagó y se retiró, 13=pedido realizado - esperando comida, 14=pedido realizado - esperando comida, 15=eligió Milanesa - esperando mozo, 16=sentado en mesa 2 - eligiendo menú, 17=sentado en mesa 3 - eligiendo menú, 18=sentado en mesa 3 - eligiendo menú, 19=esperando afuera, 20=esperando afuera, 21=esperando afuera, 22=esperando afuera, 23=esperando afuera, 24=esperando afuera, 25=esperando afuera, 26=esperando afuera, 27=esperando afuera, 28=esperando afuera}
MOZOS {1=esperando tareas, 2=esperando tareas}
COCINEROS {1=cocinando Ensalada para mesa 1, 2=cocinando Ensalada para mesa 1}
CAJEROS {1=esperando clientes}
MESAS {1=PEDIDO EN COCINA, 2=OCUPADA - clientes eligiendo, 3=OCUPADA - clientes eligiendo}

[014868 ms] Cliente 29: llegó al restaurante
CLIENTES {1=pagó y se retiró, 2=pagó y se retiró, 3=pagó y se retiró, 4=pagó y se retiró, 5=pagó y se retiró, 6=pagó y se retiró, 7=pagó y se retiró, 8=pagó y se retiró, 9=pagó y se retiró, 10=pagó y se retiró, 11=pagó y se retiró, 12=pagó y se retiró, 13=pedido realizado - esperando comida, 14=pedido realizado - esperando comida, 15=eligió Milanesa - esperando mozo, 16=sentado en mesa 2 - eligiendo menú, 17=sentado en mesa 3 - eligiendo menú, 18=sentado en mesa 3 - eligiendo menú, 19=esperando afuera, 20=esperando afuera, 21=esperando afuera, 22=esperando afuera, 23=esperando afuera, 24=esperando afuera, 25=esperando afuera, 26=esperando afuera, 27=esperando afuera, 28=esperando afuera, 29=llegó al restaurante}
MOZOS {1=esperando tareas, 2=esperando tareas}
COCINEROS {1=cocinando Ensalada para mesa 1, 2=cocinando Ensalada para mesa 1}
CAJEROS {1=esperando clientes}
MESAS {1=PEDIDO EN COCINA, 2=OCUPADA - clientes eligiendo, 3=OCUPADA - clientes eligiendo}

[014868 ms] Cliente 29: esperando afuera
CLIENTES {1=pagó y se retiró, 2=pagó y se retiró, 3=pagó y se retiró, 4=pagó y se retiró, 5=pagó y se retiró, 6=pagó y se retiró, 7=pagó y se retiró, 8=pagó y se retiró, 9=pagó y se retiró, 10=pagó y se retiró, 11=pagó y se retiró, 12=pagó y se retiró, 13=pedido realizado - esperando comida, 14=pedido realizado - esperando comida, 15=eligió Milanesa - esperando mozo, 16=sentado en mesa 2 - eligiendo menú, 17=sentado en mesa 3 - eligiendo menú, 18=sentado en mesa 3 - eligiendo menú, 19=esperando afuera, 20=esperando afuera, 21=esperando afuera, 22=esperando afuera, 23=esperando afuera, 24=esperando afuera, 25=esperando afuera, 26=esperando afuera, 27=esperando afuera, 28=esperando afuera, 29=esperando afuera}
MOZOS {1=esperando tareas, 2=esperando tareas}
COCINEROS {1=cocinando Ensalada para mesa 1, 2=cocinando Ensalada para mesa 1}
CAJEROS {1=esperando clientes}
MESAS {1=PEDIDO EN COCINA, 2=OCUPADA - clientes eligiendo, 3=OCUPADA - clientes eligiendo}

[014931 ms] Cliente 16: eligió Ensalada - esperando mozo
CLIENTES {1=pagó y se retiró, 2=pagó y se retiró, 3=pagó y se retiró, 4=pagó y se retiró, 5=pagó y se retiró, 6=pagó y se retiró, 7=pagó y se retiró, 8=pagó y se retiró, 9=pagó y se retiró, 10=pagó y se retiró, 11=pagó y se retiró, 12=pagó y se retiró, 13=pedido realizado - esperando comida, 14=pedido realizado - esperando comida, 15=eligió Milanesa - esperando mozo, 16=eligió Ensalada - esperando mozo, 17=sentado en mesa 3 - eligiendo menú, 18=sentado en mesa 3 - eligiendo menú, 19=esperando afuera, 20=esperando afuera, 21=esperando afuera, 22=esperando afuera, 23=esperando afuera, 24=esperando afuera, 25=esperando afuera, 26=esperando afuera, 27=esperando afuera, 28=esperando afuera, 29=esperando afuera}
MOZOS {1=esperando tareas, 2=esperando tareas}
COCINEROS {1=cocinando Ensalada para mesa 1, 2=cocinando Ensalada para mesa 1}
CAJEROS {1=esperando clientes}
MESAS {1=PEDIDO EN COCINA, 2=OCUPADA - clientes eligiendo, 3=OCUPADA - clientes eligiendo}

[014931 ms] Mozo 1: tomando pedido mesa 2
CLIENTES {1=pagó y se retiró, 2=pagó y se retiró, 3=pagó y se retiró, 4=pagó y se retiró, 5=pagó y se retiró, 6=pagó y se retiró, 7=pagó y se retiró, 8=pagó y se retiró, 9=pagó y se retiró, 10=pagó y se retiró, 11=pagó y se retiró, 12=pagó y se retiró, 13=pedido realizado - esperando comida, 14=pedido realizado - esperando comida, 15=eligió Milanesa - esperando mozo, 16=eligió Ensalada - esperando mozo, 17=sentado en mesa 3 - eligiendo menú, 18=sentado en mesa 3 - eligiendo menú, 19=esperando afuera, 20=esperando afuera, 21=esperando afuera, 22=esperando afuera, 23=esperando afuera, 24=esperando afuera, 25=esperando afuera, 26=esperando afuera, 27=esperando afuera, 28=esperando afuera, 29=esperando afuera}
MOZOS {1=tomando pedido mesa 2, 2=esperando tareas}
COCINEROS {1=cocinando Ensalada para mesa 1, 2=cocinando Ensalada para mesa 1}
CAJEROS {1=esperando clientes}
MESAS {1=PEDIDO EN COCINA, 2=OCUPADA - clientes eligiendo, 3=OCUPADA - clientes eligiendo}

[015128 ms] Cocinero 1: plato Ensalada pronto para mesa 1
CLIENTES {1=pagó y se retiró, 2=pagó y se retiró, 3=pagó y se retiró, 4=pagó y se retiró, 5=pagó y se retiró, 6=pagó y se retiró, 7=pagó y se retiró, 8=pagó y se retiró, 9=pagó y se retiró, 10=pagó y se retiró, 11=pagó y se retiró, 12=pagó y se retiró, 13=pedido realizado - esperando comida, 14=pedido realizado - esperando comida, 15=eligió Milanesa - esperando mozo, 16=eligió Ensalada - esperando mozo, 17=sentado en mesa 3 - eligiendo menú, 18=sentado en mesa 3 - eligiendo menú, 19=esperando afuera, 20=esperando afuera, 21=esperando afuera, 22=esperando afuera, 23=esperando afuera, 24=esperando afuera, 25=esperando afuera, 26=esperando afuera, 27=esperando afuera, 28=esperando afuera, 29=esperando afuera}
MOZOS {1=tomando pedido mesa 2, 2=esperando tareas}
COCINEROS {1=plato Ensalada pronto para mesa 1, 2=cocinando Ensalada para mesa 1}
CAJEROS {1=esperando clientes}
MESAS {1=PEDIDO EN COCINA, 2=OCUPADA - clientes eligiendo, 3=OCUPADA - clientes eligiendo}

[015291 ms] Cliente 30: llegó al restaurante
CLIENTES {1=pagó y se retiró, 2=pagó y se retiró, 3=pagó y se retiró, 4=pagó y se retiró, 5=pagó y se retiró, 6=pagó y se retiró, 7=pagó y se retiró, 8=pagó y se retiró, 9=pagó y se retiró, 10=pagó y se retiró, 11=pagó y se retiró, 12=pagó y se retiró, 13=pedido realizado - esperando comida, 14=pedido realizado - esperando comida, 15=eligió Milanesa - esperando mozo, 16=eligió Ensalada - esperando mozo, 17=sentado en mesa 3 - eligiendo menú, 18=sentado en mesa 3 - eligiendo menú, 19=esperando afuera, 20=esperando afuera, 21=esperando afuera, 22=esperando afuera, 23=esperando afuera, 24=esperando afuera, 25=esperando afuera, 26=esperando afuera, 27=esperando afuera, 28=esperando afuera, 29=esperando afuera, 30=llegó al restaurante}
MOZOS {1=tomando pedido mesa 2, 2=esperando tareas}
COCINEROS {1=plato Ensalada pronto para mesa 1, 2=cocinando Ensalada para mesa 1}
CAJEROS {1=esperando clientes}
MESAS {1=PEDIDO EN COCINA, 2=OCUPADA - clientes eligiendo, 3=OCUPADA - clientes eligiendo}

[015291 ms] Cliente 30: esperando afuera
CLIENTES {1=pagó y se retiró, 2=pagó y se retiró, 3=pagó y se retiró, 4=pagó y se retiró, 5=pagó y se retiró, 6=pagó y se retiró, 7=pagó y se retiró, 8=pagó y se retiró, 9=pagó y se retiró, 10=pagó y se retiró, 11=pagó y se retiró, 12=pagó y se retiró, 13=pedido realizado - esperando comida, 14=pedido realizado - esperando comida, 15=eligió Milanesa - esperando mozo, 16=eligió Ensalada - esperando mozo, 17=sentado en mesa 3 - eligiendo menú, 18=sentado en mesa 3 - eligiendo menú, 19=esperando afuera, 20=esperando afuera, 21=esperando afuera, 22=esperando afuera, 23=esperando afuera, 24=esperando afuera, 25=esperando afuera, 26=esperando afuera, 27=esperando afuera, 28=esperando afuera, 29=esperando afuera, 30=esperando afuera}
MOZOS {1=tomando pedido mesa 2, 2=esperando tareas}
COCINEROS {1=plato Ensalada pronto para mesa 1, 2=cocinando Ensalada para mesa 1}
CAJEROS {1=esperando clientes}
MESAS {1=PEDIDO EN COCINA, 2=OCUPADA - clientes eligiendo, 3=OCUPADA - clientes eligiendo}

[015292 ms] Cocinero 2: plato Ensalada pronto para mesa 1
CLIENTES {1=pagó y se retiró, 2=pagó y se retiró, 3=pagó y se retiró, 4=pagó y se retiró, 5=pagó y se retiró, 6=pagó y se retiró, 7=pagó y se retiró, 8=pagó y se retiró, 9=pagó y se retiró, 10=pagó y se retiró, 11=pagó y se retiró, 12=pagó y se retiró, 13=pedido realizado - esperando comida, 14=pedido realizado - esperando comida, 15=eligió Milanesa - esperando mozo, 16=eligió Ensalada - esperando mozo, 17=sentado en mesa 3 - eligiendo menú, 18=sentado en mesa 3 - eligiendo menú, 19=esperando afuera, 20=esperando afuera, 21=esperando afuera, 22=esperando afuera, 23=esperando afuera, 24=esperando afuera, 25=esperando afuera, 26=esperando afuera, 27=esperando afuera, 28=esperando afuera, 29=esperando afuera, 30=esperando afuera}
MOZOS {1=tomando pedido mesa 2, 2=esperando tareas}
COCINEROS {1=plato Ensalada pronto para mesa 1, 2=plato Ensalada pronto para mesa 1}
CAJEROS {1=esperando clientes}
MESAS {1=PEDIDO EN COCINA, 2=OCUPADA - clientes eligiendo, 3=OCUPADA - clientes eligiendo}

[015292 ms] Mesa 1: PLATOS PRONTOS - esperando mozo
CLIENTES {1=pagó y se retiró, 2=pagó y se retiró, 3=pagó y se retiró, 4=pagó y se retiró, 5=pagó y se retiró, 6=pagó y se retiró, 7=pagó y se retiró, 8=pagó y se retiró, 9=pagó y se retiró, 10=pagó y se retiró, 11=pagó y se retiró, 12=pagó y se retiró, 13=pedido realizado - esperando comida, 14=pedido realizado - esperando comida, 15=eligió Milanesa - esperando mozo, 16=eligió Ensalada - esperando mozo, 17=sentado en mesa 3 - eligiendo menú, 18=sentado en mesa 3 - eligiendo menú, 19=esperando afuera, 20=esperando afuera, 21=esperando afuera, 22=esperando afuera, 23=esperando afuera, 24=esperando afuera, 25=esperando afuera, 26=esperando afuera, 27=esperando afuera, 28=esperando afuera, 29=esperando afuera, 30=esperando afuera}
MOZOS {1=tomando pedido mesa 2, 2=esperando tareas}
COCINEROS {1=plato Ensalada pronto para mesa 1, 2=plato Ensalada pronto para mesa 1}
CAJEROS {1=esperando clientes}
MESAS {1=PLATOS PRONTOS - esperando mozo, 2=OCUPADA - clientes eligiendo, 3=OCUPADA - clientes eligiendo}

[015292 ms] Mozo 2: sirviendo mesa 1
CLIENTES {1=pagó y se retiró, 2=pagó y se retiró, 3=pagó y se retiró, 4=pagó y se retiró, 5=pagó y se retiró, 6=pagó y se retiró, 7=pagó y se retiró, 8=pagó y se retiró, 9=pagó y se retiró, 10=pagó y se retiró, 11=pagó y se retiró, 12=pagó y se retiró, 13=pedido realizado - esperando comida, 14=pedido realizado - esperando comida, 15=eligió Milanesa - esperando mozo, 16=eligió Ensalada - esperando mozo, 17=sentado en mesa 3 - eligiendo menú, 18=sentado en mesa 3 - eligiendo menú, 19=esperando afuera, 20=esperando afuera, 21=esperando afuera, 22=esperando afuera, 23=esperando afuera, 24=esperando afuera, 25=esperando afuera, 26=esperando afuera, 27=esperando afuera, 28=esperando afuera, 29=esperando afuera, 30=esperando afuera}
MOZOS {1=tomando pedido mesa 2, 2=sirviendo mesa 1}
COCINEROS {1=plato Ensalada pronto para mesa 1, 2=plato Ensalada pronto para mesa 1}
CAJEROS {1=esperando clientes}
MESAS {1=PLATOS PRONTOS - esperando mozo, 2=OCUPADA - clientes eligiendo, 3=OCUPADA - clientes eligiendo}

[015327 ms] Mesa 2: PEDIDO EN COCINA
CLIENTES {1=pagó y se retiró, 2=pagó y se retiró, 3=pagó y se retiró, 4=pagó y se retiró, 5=pagó y se retiró, 6=pagó y se retiró, 7=pagó y se retiró, 8=pagó y se retiró, 9=pagó y se retiró, 10=pagó y se retiró, 11=pagó y se retiró, 12=pagó y se retiró, 13=pedido realizado - esperando comida, 14=pedido realizado - esperando comida, 15=eligió Milanesa - esperando mozo, 16=eligió Ensalada - esperando mozo, 17=sentado en mesa 3 - eligiendo menú, 18=sentado en mesa 3 - eligiendo menú, 19=esperando afuera, 20=esperando afuera, 21=esperando afuera, 22=esperando afuera, 23=esperando afuera, 24=esperando afuera, 25=esperando afuera, 26=esperando afuera, 27=esperando afuera, 28=esperando afuera, 29=esperando afuera, 30=esperando afuera}
MOZOS {1=tomando pedido mesa 2, 2=sirviendo mesa 1}
COCINEROS {1=plato Ensalada pronto para mesa 1, 2=plato Ensalada pronto para mesa 1}
CAJEROS {1=esperando clientes}
MESAS {1=PLATOS PRONTOS - esperando mozo, 2=PEDIDO EN COCINA, 3=OCUPADA - clientes eligiendo}

[015327 ms] Cliente 15: pedido realizado - esperando comida
CLIENTES {1=pagó y se retiró, 2=pagó y se retiró, 3=pagó y se retiró, 4=pagó y se retiró, 5=pagó y se retiró, 6=pagó y se retiró, 7=pagó y se retiró, 8=pagó y se retiró, 9=pagó y se retiró, 10=pagó y se retiró, 11=pagó y se retiró, 12=pagó y se retiró, 13=pedido realizado - esperando comida, 14=pedido realizado - esperando comida, 15=pedido realizado - esperando comida, 16=eligió Ensalada - esperando mozo, 17=sentado en mesa 3 - eligiendo menú, 18=sentado en mesa 3 - eligiendo menú, 19=esperando afuera, 20=esperando afuera, 21=esperando afuera, 22=esperando afuera, 23=esperando afuera, 24=esperando afuera, 25=esperando afuera, 26=esperando afuera, 27=esperando afuera, 28=esperando afuera, 29=esperando afuera, 30=esperando afuera}
MOZOS {1=tomando pedido mesa 2, 2=sirviendo mesa 1}
COCINEROS {1=plato Ensalada pronto para mesa 1, 2=plato Ensalada pronto para mesa 1}
CAJEROS {1=esperando clientes}
MESAS {1=PLATOS PRONTOS - esperando mozo, 2=PEDIDO EN COCINA, 3=OCUPADA - clientes eligiendo}

[015327 ms] Cliente 16: pedido realizado - esperando comida
CLIENTES {1=pagó y se retiró, 2=pagó y se retiró, 3=pagó y se retiró, 4=pagó y se retiró, 5=pagó y se retiró, 6=pagó y se retiró, 7=pagó y se retiró, 8=pagó y se retiró, 9=pagó y se retiró, 10=pagó y se retiró, 11=pagó y se retiró, 12=pagó y se retiró, 13=pedido realizado - esperando comida, 14=pedido realizado - esperando comida, 15=pedido realizado - esperando comida, 16=pedido realizado - esperando comida, 17=sentado en mesa 3 - eligiendo menú, 18=sentado en mesa 3 - eligiendo menú, 19=esperando afuera, 20=esperando afuera, 21=esperando afuera, 22=esperando afuera, 23=esperando afuera, 24=esperando afuera, 25=esperando afuera, 26=esperando afuera, 27=esperando afuera, 28=esperando afuera, 29=esperando afuera, 30=esperando afuera}
MOZOS {1=tomando pedido mesa 2, 2=sirviendo mesa 1}
COCINEROS {1=plato Ensalada pronto para mesa 1, 2=plato Ensalada pronto para mesa 1}
CAJEROS {1=esperando clientes}
MESAS {1=PLATOS PRONTOS - esperando mozo, 2=PEDIDO EN COCINA, 3=OCUPADA - clientes eligiendo}

[015327 ms] Cocinero 1: cocinando Milanesa para mesa 2
CLIENTES {1=pagó y se retiró, 2=pagó y se retiró, 3=pagó y se retiró, 4=pagó y se retiró, 5=pagó y se retiró, 6=pagó y se retiró, 7=pagó y se retiró, 8=pagó y se retiró, 9=pagó y se retiró, 10=pagó y se retiró, 11=pagó y se retiró, 12=pagó y se retiró, 13=pedido realizado - esperando comida, 14=pedido realizado - esperando comida, 15=pedido realizado - esperando comida, 16=pedido realizado - esperando comida, 17=sentado en mesa 3 - eligiendo menú, 18=sentado en mesa 3 - eligiendo menú, 19=esperando afuera, 20=esperando afuera, 21=esperando afuera, 22=esperando afuera, 23=esperando afuera, 24=esperando afuera, 25=esperando afuera, 26=esperando afuera, 27=esperando afuera, 28=esperando afuera, 29=esperando afuera, 30=esperando afuera}
MOZOS {1=tomando pedido mesa 2, 2=sirviendo mesa 1}
COCINEROS {1=cocinando Milanesa para mesa 2, 2=plato Ensalada pronto para mesa 1}
CAJEROS {1=esperando clientes}
MESAS {1=PLATOS PRONTOS - esperando mozo, 2=PEDIDO EN COCINA, 3=OCUPADA - clientes eligiendo}

[015327 ms] Mozo 1: esperando tareas
CLIENTES {1=pagó y se retiró, 2=pagó y se retiró, 3=pagó y se retiró, 4=pagó y se retiró, 5=pagó y se retiró, 6=pagó y se retiró, 7=pagó y se retiró, 8=pagó y se retiró, 9=pagó y se retiró, 10=pagó y se retiró, 11=pagó y se retiró, 12=pagó y se retiró, 13=pedido realizado - esperando comida, 14=pedido realizado - esperando comida, 15=pedido realizado - esperando comida, 16=pedido realizado - esperando comida, 17=sentado en mesa 3 - eligiendo menú, 18=sentado en mesa 3 - eligiendo menú, 19=esperando afuera, 20=esperando afuera, 21=esperando afuera, 22=esperando afuera, 23=esperando afuera, 24=esperando afuera, 25=esperando afuera, 26=esperando afuera, 27=esperando afuera, 28=esperando afuera, 29=esperando afuera, 30=esperando afuera}
MOZOS {1=esperando tareas, 2=sirviendo mesa 1}
COCINEROS {1=cocinando Milanesa para mesa 2, 2=plato Ensalada pronto para mesa 1}
CAJEROS {1=esperando clientes}
MESAS {1=PLATOS PRONTOS - esperando mozo, 2=PEDIDO EN COCINA, 3=OCUPADA - clientes eligiendo}

[015327 ms] Cocinero 2: cocinando Ensalada para mesa 2
CLIENTES {1=pagó y se retiró, 2=pagó y se retiró, 3=pagó y se retiró, 4=pagó y se retiró, 5=pagó y se retiró, 6=pagó y se retiró, 7=pagó y se retiró, 8=pagó y se retiró, 9=pagó y se retiró, 10=pagó y se retiró, 11=pagó y se retiró, 12=pagó y se retiró, 13=pedido realizado - esperando comida, 14=pedido realizado - esperando comida, 15=pedido realizado - esperando comida, 16=pedido realizado - esperando comida, 17=sentado en mesa 3 - eligiendo menú, 18=sentado en mesa 3 - eligiendo menú, 19=esperando afuera, 20=esperando afuera, 21=esperando afuera, 22=esperando afuera, 23=esperando afuera, 24=esperando afuera, 25=esperando afuera, 26=esperando afuera, 27=esperando afuera, 28=esperando afuera, 29=esperando afuera, 30=esperando afuera}
MOZOS {1=esperando tareas, 2=sirviendo mesa 1}
COCINEROS {1=cocinando Milanesa para mesa 2, 2=cocinando Ensalada para mesa 2}
CAJEROS {1=esperando clientes}
MESAS {1=PLATOS PRONTOS - esperando mozo, 2=PEDIDO EN COCINA, 3=OCUPADA - clientes eligiendo}

[015707 ms] Cliente 31: llegó al restaurante
CLIENTES {1=pagó y se retiró, 2=pagó y se retiró, 3=pagó y se retiró, 4=pagó y se retiró, 5=pagó y se retiró, 6=pagó y se retiró, 7=pagó y se retiró, 8=pagó y se retiró, 9=pagó y se retiró, 10=pagó y se retiró, 11=pagó y se retiró, 12=pagó y se retiró, 13=pedido realizado - esperando comida, 14=pedido realizado - esperando comida, 15=pedido realizado - esperando comida, 16=pedido realizado - esperando comida, 17=sentado en mesa 3 - eligiendo menú, 18=sentado en mesa 3 - eligiendo menú, 19=esperando afuera, 20=esperando afuera, 21=esperando afuera, 22=esperando afuera, 23=esperando afuera, 24=esperando afuera, 25=esperando afuera, 26=esperando afuera, 27=esperando afuera, 28=esperando afuera, 29=esperando afuera, 30=esperando afuera, 31=llegó al restaurante}
MOZOS {1=esperando tareas, 2=sirviendo mesa 1}
COCINEROS {1=cocinando Milanesa para mesa 2, 2=cocinando Ensalada para mesa 2}
CAJEROS {1=esperando clientes}
MESAS {1=PLATOS PRONTOS - esperando mozo, 2=PEDIDO EN COCINA, 3=OCUPADA - clientes eligiendo}

[015707 ms] Cliente 31: esperando afuera
CLIENTES {1=pagó y se retiró, 2=pagó y se retiró, 3=pagó y se retiró, 4=pagó y se retiró, 5=pagó y se retiró, 6=pagó y se retiró, 7=pagó y se retiró, 8=pagó y se retiró, 9=pagó y se retiró, 10=pagó y se retiró, 11=pagó y se retiró, 12=pagó y se retiró, 13=pedido realizado - esperando comida, 14=pedido realizado - esperando comida, 15=pedido realizado - esperando comida, 16=pedido realizado - esperando comida, 17=sentado en mesa 3 - eligiendo menú, 18=sentado en mesa 3 - eligiendo menú, 19=esperando afuera, 20=esperando afuera, 21=esperando afuera, 22=esperando afuera, 23=esperando afuera, 24=esperando afuera, 25=esperando afuera, 26=esperando afuera, 27=esperando afuera, 28=esperando afuera, 29=esperando afuera, 30=esperando afuera, 31=esperando afuera}
MOZOS {1=esperando tareas, 2=sirviendo mesa 1}
COCINEROS {1=cocinando Milanesa para mesa 2, 2=cocinando Ensalada para mesa 2}
CAJEROS {1=esperando clientes}
MESAS {1=PLATOS PRONTOS - esperando mozo, 2=PEDIDO EN COCINA, 3=OCUPADA - clientes eligiendo}

[015793 ms] Cocinero 2: plato Ensalada pronto para mesa 2
CLIENTES {1=pagó y se retiró, 2=pagó y se retiró, 3=pagó y se retiró, 4=pagó y se retiró, 5=pagó y se retiró, 6=pagó y se retiró, 7=pagó y se retiró, 8=pagó y se retiró, 9=pagó y se retiró, 10=pagó y se retiró, 11=pagó y se retiró, 12=pagó y se retiró, 13=pedido realizado - esperando comida, 14=pedido realizado - esperando comida, 15=pedido realizado - esperando comida, 16=pedido realizado - esperando comida, 17=sentado en mesa 3 - eligiendo menú, 18=sentado en mesa 3 - eligiendo menú, 19=esperando afuera, 20=esperando afuera, 21=esperando afuera, 22=esperando afuera, 23=esperando afuera, 24=esperando afuera, 25=esperando afuera, 26=esperando afuera, 27=esperando afuera, 28=esperando afuera, 29=esperando afuera, 30=esperando afuera, 31=esperando afuera}
MOZOS {1=esperando tareas, 2=sirviendo mesa 1}
COCINEROS {1=cocinando Milanesa para mesa 2, 2=plato Ensalada pronto para mesa 2}
CAJEROS {1=esperando clientes}
MESAS {1=PLATOS PRONTOS - esperando mozo, 2=PEDIDO EN COCINA, 3=OCUPADA - clientes eligiendo}

[015843 ms] Cliente 17: eligió Milanesa - esperando mozo
CLIENTES {1=pagó y se retiró, 2=pagó y se retiró, 3=pagó y se retiró, 4=pagó y se retiró, 5=pagó y se retiró, 6=pagó y se retiró, 7=pagó y se retiró, 8=pagó y se retiró, 9=pagó y se retiró, 10=pagó y se retiró, 11=pagó y se retiró, 12=pagó y se retiró, 13=pedido realizado - esperando comida, 14=pedido realizado - esperando comida, 15=pedido realizado - esperando comida, 16=pedido realizado - esperando comida, 17=eligió Milanesa - esperando mozo, 18=sentado en mesa 3 - eligiendo menú, 19=esperando afuera, 20=esperando afuera, 21=esperando afuera, 22=esperando afuera, 23=esperando afuera, 24=esperando afuera, 25=esperando afuera, 26=esperando afuera, 27=esperando afuera, 28=esperando afuera, 29=esperando afuera, 30=esperando afuera, 31=esperando afuera}
MOZOS {1=esperando tareas, 2=sirviendo mesa 1}
COCINEROS {1=cocinando Milanesa para mesa 2, 2=plato Ensalada pronto para mesa 2}
CAJEROS {1=esperando clientes}
MESAS {1=PLATOS PRONTOS - esperando mozo, 2=PEDIDO EN COCINA, 3=OCUPADA - clientes eligiendo}

[015851 ms] Mesa 1: SERVIDA - clientes comiendo
CLIENTES {1=pagó y se retiró, 2=pagó y se retiró, 3=pagó y se retiró, 4=pagó y se retiró, 5=pagó y se retiró, 6=pagó y se retiró, 7=pagó y se retiró, 8=pagó y se retiró, 9=pagó y se retiró, 10=pagó y se retiró, 11=pagó y se retiró, 12=pagó y se retiró, 13=pedido realizado - esperando comida, 14=pedido realizado - esperando comida, 15=pedido realizado - esperando comida, 16=pedido realizado - esperando comida, 17=eligió Milanesa - esperando mozo, 18=sentado en mesa 3 - eligiendo menú, 19=esperando afuera, 20=esperando afuera, 21=esperando afuera, 22=esperando afuera, 23=esperando afuera, 24=esperando afuera, 25=esperando afuera, 26=esperando afuera, 27=esperando afuera, 28=esperando afuera, 29=esperando afuera, 30=esperando afuera, 31=esperando afuera}
MOZOS {1=esperando tareas, 2=sirviendo mesa 1}
COCINEROS {1=cocinando Milanesa para mesa 2, 2=plato Ensalada pronto para mesa 2}
CAJEROS {1=esperando clientes}
MESAS {1=SERVIDA - clientes comiendo, 2=PEDIDO EN COCINA, 3=OCUPADA - clientes eligiendo}

[015851 ms] Mozo 2: esperando tareas
CLIENTES {1=pagó y se retiró, 2=pagó y se retiró, 3=pagó y se retiró, 4=pagó y se retiró, 5=pagó y se retiró, 6=pagó y se retiró, 7=pagó y se retiró, 8=pagó y se retiró, 9=pagó y se retiró, 10=pagó y se retiró, 11=pagó y se retiró, 12=pagó y se retiró, 13=pedido realizado - esperando comida, 14=pedido realizado - esperando comida, 15=pedido realizado - esperando comida, 16=pedido realizado - esperando comida, 17=eligió Milanesa - esperando mozo, 18=sentado en mesa 3 - eligiendo menú, 19=esperando afuera, 20=esperando afuera, 21=esperando afuera, 22=esperando afuera, 23=esperando afuera, 24=esperando afuera, 25=esperando afuera, 26=esperando afuera, 27=esperando afuera, 28=esperando afuera, 29=esperando afuera, 30=esperando afuera, 31=esperando afuera}
MOZOS {1=esperando tareas, 2=esperando tareas}
COCINEROS {1=cocinando Milanesa para mesa 2, 2=plato Ensalada pronto para mesa 2}
CAJEROS {1=esperando clientes}
MESAS {1=SERVIDA - clientes comiendo, 2=PEDIDO EN COCINA, 3=OCUPADA - clientes eligiendo}

[015851 ms] Cliente 13: comiendo en mesa 1
CLIENTES {1=pagó y se retiró, 2=pagó y se retiró, 3=pagó y se retiró, 4=pagó y se retiró, 5=pagó y se retiró, 6=pagó y se retiró, 7=pagó y se retiró, 8=pagó y se retiró, 9=pagó y se retiró, 10=pagó y se retiró, 11=pagó y se retiró, 12=pagó y se retiró, 13=comiendo en mesa 1, 14=pedido realizado - esperando comida, 15=pedido realizado - esperando comida, 16=pedido realizado - esperando comida, 17=eligió Milanesa - esperando mozo, 18=sentado en mesa 3 - eligiendo menú, 19=esperando afuera, 20=esperando afuera, 21=esperando afuera, 22=esperando afuera, 23=esperando afuera, 24=esperando afuera, 25=esperando afuera, 26=esperando afuera, 27=esperando afuera, 28=esperando afuera, 29=esperando afuera, 30=esperando afuera, 31=esperando afuera}
MOZOS {1=esperando tareas, 2=esperando tareas}
COCINEROS {1=cocinando Milanesa para mesa 2, 2=plato Ensalada pronto para mesa 2}
CAJEROS {1=esperando clientes}
MESAS {1=SERVIDA - clientes comiendo, 2=PEDIDO EN COCINA, 3=OCUPADA - clientes eligiendo}

[015851 ms] Cliente 14: comiendo en mesa 1
CLIENTES {1=pagó y se retiró, 2=pagó y se retiró, 3=pagó y se retiró, 4=pagó y se retiró, 5=pagó y se retiró, 6=pagó y se retiró, 7=pagó y se retiró, 8=pagó y se retiró, 9=pagó y se retiró, 10=pagó y se retiró, 11=pagó y se retiró, 12=pagó y se retiró, 13=comiendo en mesa 1, 14=comiendo en mesa 1, 15=pedido realizado - esperando comida, 16=pedido realizado - esperando comida, 17=eligió Milanesa - esperando mozo, 18=sentado en mesa 3 - eligiendo menú, 19=esperando afuera, 20=esperando afuera, 21=esperando afuera, 22=esperando afuera, 23=esperando afuera, 24=esperando afuera, 25=esperando afuera, 26=esperando afuera, 27=esperando afuera, 28=esperando afuera, 29=esperando afuera, 30=esperando afuera, 31=esperando afuera}
MOZOS {1=esperando tareas, 2=esperando tareas}
COCINEROS {1=cocinando Milanesa para mesa 2, 2=plato Ensalada pronto para mesa 2}
CAJEROS {1=esperando clientes}
MESAS {1=SERVIDA - clientes comiendo, 2=PEDIDO EN COCINA, 3=OCUPADA - clientes eligiendo}

[016069 ms] Cliente 18: eligió Ensalada - esperando mozo
CLIENTES {1=pagó y se retiró, 2=pagó y se retiró, 3=pagó y se retiró, 4=pagó y se retiró, 5=pagó y se retiró, 6=pagó y se retiró, 7=pagó y se retiró, 8=pagó y se retiró, 9=pagó y se retiró, 10=pagó y se retiró, 11=pagó y se retiró, 12=pagó y se retiró, 13=comiendo en mesa 1, 14=comiendo en mesa 1, 15=pedido realizado - esperando comida, 16=pedido realizado - esperando comida, 17=eligió Milanesa - esperando mozo, 18=eligió Ensalada - esperando mozo, 19=esperando afuera, 20=esperando afuera, 21=esperando afuera, 22=esperando afuera, 23=esperando afuera, 24=esperando afuera, 25=esperando afuera, 26=esperando afuera, 27=esperando afuera, 28=esperando afuera, 29=esperando afuera, 30=esperando afuera, 31=esperando afuera}
MOZOS {1=esperando tareas, 2=esperando tareas}
COCINEROS {1=cocinando Milanesa para mesa 2, 2=plato Ensalada pronto para mesa 2}
CAJEROS {1=esperando clientes}
MESAS {1=SERVIDA - clientes comiendo, 2=PEDIDO EN COCINA, 3=OCUPADA - clientes eligiendo}

[016069 ms] Mozo 2: tomando pedido mesa 3
CLIENTES {1=pagó y se retiró, 2=pagó y se retiró, 3=pagó y se retiró, 4=pagó y se retiró, 5=pagó y se retiró, 6=pagó y se retiró, 7=pagó y se retiró, 8=pagó y se retiró, 9=pagó y se retiró, 10=pagó y se retiró, 11=pagó y se retiró, 12=pagó y se retiró, 13=comiendo en mesa 1, 14=comiendo en mesa 1, 15=pedido realizado - esperando comida, 16=pedido realizado - esperando comida, 17=eligió Milanesa - esperando mozo, 18=eligió Ensalada - esperando mozo, 19=esperando afuera, 20=esperando afuera, 21=esperando afuera, 22=esperando afuera, 23=esperando afuera, 24=esperando afuera, 25=esperando afuera, 26=esperando afuera, 27=esperando afuera, 28=esperando afuera, 29=esperando afuera, 30=esperando afuera, 31=esperando afuera}
MOZOS {1=esperando tareas, 2=tomando pedido mesa 3}
COCINEROS {1=cocinando Milanesa para mesa 2, 2=plato Ensalada pronto para mesa 2}
CAJEROS {1=esperando clientes}
MESAS {1=SERVIDA - clientes comiendo, 2=PEDIDO EN COCINA, 3=OCUPADA - clientes eligiendo}

[016338 ms] Cliente 32: llegó al restaurante
CLIENTES {1=pagó y se retiró, 2=pagó y se retiró, 3=pagó y se retiró, 4=pagó y se retiró, 5=pagó y se retiró, 6=pagó y se retiró, 7=pagó y se retiró, 8=pagó y se retiró, 9=pagó y se retiró, 10=pagó y se retiró, 11=pagó y se retiró, 12=pagó y se retiró, 13=comiendo en mesa 1, 14=comiendo en mesa 1, 15=pedido realizado - esperando comida, 16=pedido realizado - esperando comida, 17=eligió Milanesa - esperando mozo, 18=eligió Ensalada - esperando mozo, 19=esperando afuera, 20=esperando afuera, 21=esperando afuera, 22=esperando afuera, 23=esperando afuera, 24=esperando afuera, 25=esperando afuera, 26=esperando afuera, 27=esperando afuera, 28=esperando afuera, 29=esperando afuera, 30=esperando afuera, 31=esperando afuera, 32=llegó al restaurante}
MOZOS {1=esperando tareas, 2=tomando pedido mesa 3}
COCINEROS {1=cocinando Milanesa para mesa 2, 2=plato Ensalada pronto para mesa 2}
CAJEROS {1=esperando clientes}
MESAS {1=SERVIDA - clientes comiendo, 2=PEDIDO EN COCINA, 3=OCUPADA - clientes eligiendo}

[016339 ms] Cliente 32: esperando afuera
CLIENTES {1=pagó y se retiró, 2=pagó y se retiró, 3=pagó y se retiró, 4=pagó y se retiró, 5=pagó y se retiró, 6=pagó y se retiró, 7=pagó y se retiró, 8=pagó y se retiró, 9=pagó y se retiró, 10=pagó y se retiró, 11=pagó y se retiró, 12=pagó y se retiró, 13=comiendo en mesa 1, 14=comiendo en mesa 1, 15=pedido realizado - esperando comida, 16=pedido realizado - esperando comida, 17=eligió Milanesa - esperando mozo, 18=eligió Ensalada - esperando mozo, 19=esperando afuera, 20=esperando afuera, 21=esperando afuera, 22=esperando afuera, 23=esperando afuera, 24=esperando afuera, 25=esperando afuera, 26=esperando afuera, 27=esperando afuera, 28=esperando afuera, 29=esperando afuera, 30=esperando afuera, 31=esperando afuera, 32=esperando afuera}
MOZOS {1=esperando tareas, 2=tomando pedido mesa 3}
COCINEROS {1=cocinando Milanesa para mesa 2, 2=plato Ensalada pronto para mesa 2}
CAJEROS {1=esperando clientes}
MESAS {1=SERVIDA - clientes comiendo, 2=PEDIDO EN COCINA, 3=OCUPADA - clientes eligiendo}

[016346 ms] Cocinero 1: plato Milanesa pronto para mesa 2
CLIENTES {1=pagó y se retiró, 2=pagó y se retiró, 3=pagó y se retiró, 4=pagó y se retiró, 5=pagó y se retiró, 6=pagó y se retiró, 7=pagó y se retiró, 8=pagó y se retiró, 9=pagó y se retiró, 10=pagó y se retiró, 11=pagó y se retiró, 12=pagó y se retiró, 13=comiendo en mesa 1, 14=comiendo en mesa 1, 15=pedido realizado - esperando comida, 16=pedido realizado - esperando comida, 17=eligió Milanesa - esperando mozo, 18=eligió Ensalada - esperando mozo, 19=esperando afuera, 20=esperando afuera, 21=esperando afuera, 22=esperando afuera, 23=esperando afuera, 24=esperando afuera, 25=esperando afuera, 26=esperando afuera, 27=esperando afuera, 28=esperando afuera, 29=esperando afuera, 30=esperando afuera, 31=esperando afuera, 32=esperando afuera}
MOZOS {1=esperando tareas, 2=tomando pedido mesa 3}
COCINEROS {1=plato Milanesa pronto para mesa 2, 2=plato Ensalada pronto para mesa 2}
CAJEROS {1=esperando clientes}
MESAS {1=SERVIDA - clientes comiendo, 2=PEDIDO EN COCINA, 3=OCUPADA - clientes eligiendo}

[016346 ms] Mesa 2: PLATOS PRONTOS - esperando mozo
CLIENTES {1=pagó y se retiró, 2=pagó y se retiró, 3=pagó y se retiró, 4=pagó y se retiró, 5=pagó y se retiró, 6=pagó y se retiró, 7=pagó y se retiró, 8=pagó y se retiró, 9=pagó y se retiró, 10=pagó y se retiró, 11=pagó y se retiró, 12=pagó y se retiró, 13=comiendo en mesa 1, 14=comiendo en mesa 1, 15=pedido realizado - esperando comida, 16=pedido realizado - esperando comida, 17=eligió Milanesa - esperando mozo, 18=eligió Ensalada - esperando mozo, 19=esperando afuera, 20=esperando afuera, 21=esperando afuera, 22=esperando afuera, 23=esperando afuera, 24=esperando afuera, 25=esperando afuera, 26=esperando afuera, 27=esperando afuera, 28=esperando afuera, 29=esperando afuera, 30=esperando afuera, 31=esperando afuera, 32=esperando afuera}
MOZOS {1=esperando tareas, 2=tomando pedido mesa 3}
COCINEROS {1=plato Milanesa pronto para mesa 2, 2=plato Ensalada pronto para mesa 2}
CAJEROS {1=esperando clientes}
MESAS {1=SERVIDA - clientes comiendo, 2=PLATOS PRONTOS - esperando mozo, 3=OCUPADA - clientes eligiendo}

[016346 ms] Mozo 1: sirviendo mesa 2
CLIENTES {1=pagó y se retiró, 2=pagó y se retiró, 3=pagó y se retiró, 4=pagó y se retiró, 5=pagó y se retiró, 6=pagó y se retiró, 7=pagó y se retiró, 8=pagó y se retiró, 9=pagó y se retiró, 10=pagó y se retiró, 11=pagó y se retiró, 12=pagó y se retiró, 13=comiendo en mesa 1, 14=comiendo en mesa 1, 15=pedido realizado - esperando comida, 16=pedido realizado - esperando comida, 17=eligió Milanesa - esperando mozo, 18=eligió Ensalada - esperando mozo, 19=esperando afuera, 20=esperando afuera, 21=esperando afuera, 22=esperando afuera, 23=esperando afuera, 24=esperando afuera, 25=esperando afuera, 26=esperando afuera, 27=esperando afuera, 28=esperando afuera, 29=esperando afuera, 30=esperando afuera, 31=esperando afuera, 32=esperando afuera}
MOZOS {1=sirviendo mesa 2, 2=tomando pedido mesa 3}
COCINEROS {1=plato Milanesa pronto para mesa 2, 2=plato Ensalada pronto para mesa 2}
CAJEROS {1=esperando clientes}
MESAS {1=SERVIDA - clientes comiendo, 2=PLATOS PRONTOS - esperando mozo, 3=OCUPADA - clientes eligiendo}

[016378 ms] Mesa 3: PEDIDO EN COCINA
CLIENTES {1=pagó y se retiró, 2=pagó y se retiró, 3=pagó y se retiró, 4=pagó y se retiró, 5=pagó y se retiró, 6=pagó y se retiró, 7=pagó y se retiró, 8=pagó y se retiró, 9=pagó y se retiró, 10=pagó y se retiró, 11=pagó y se retiró, 12=pagó y se retiró, 13=comiendo en mesa 1, 14=comiendo en mesa 1, 15=pedido realizado - esperando comida, 16=pedido realizado - esperando comida, 17=eligió Milanesa - esperando mozo, 18=eligió Ensalada - esperando mozo, 19=esperando afuera, 20=esperando afuera, 21=esperando afuera, 22=esperando afuera, 23=esperando afuera, 24=esperando afuera, 25=esperando afuera, 26=esperando afuera, 27=esperando afuera, 28=esperando afuera, 29=esperando afuera, 30=esperando afuera, 31=esperando afuera, 32=esperando afuera}
MOZOS {1=sirviendo mesa 2, 2=tomando pedido mesa 3}
COCINEROS {1=plato Milanesa pronto para mesa 2, 2=plato Ensalada pronto para mesa 2}
CAJEROS {1=esperando clientes}
MESAS {1=SERVIDA - clientes comiendo, 2=PLATOS PRONTOS - esperando mozo, 3=PEDIDO EN COCINA}

[016378 ms] Cliente 17: pedido realizado - esperando comida
CLIENTES {1=pagó y se retiró, 2=pagó y se retiró, 3=pagó y se retiró, 4=pagó y se retiró, 5=pagó y se retiró, 6=pagó y se retiró, 7=pagó y se retiró, 8=pagó y se retiró, 9=pagó y se retiró, 10=pagó y se retiró, 11=pagó y se retiró, 12=pagó y se retiró, 13=comiendo en mesa 1, 14=comiendo en mesa 1, 15=pedido realizado - esperando comida, 16=pedido realizado - esperando comida, 17=pedido realizado - esperando comida, 18=eligió Ensalada - esperando mozo, 19=esperando afuera, 20=esperando afuera, 21=esperando afuera, 22=esperando afuera, 23=esperando afuera, 24=esperando afuera, 25=esperando afuera, 26=esperando afuera, 27=esperando afuera, 28=esperando afuera, 29=esperando afuera, 30=esperando afuera, 31=esperando afuera, 32=esperando afuera}
MOZOS {1=sirviendo mesa 2, 2=tomando pedido mesa 3}
COCINEROS {1=plato Milanesa pronto para mesa 2, 2=plato Ensalada pronto para mesa 2}
CAJEROS {1=esperando clientes}
MESAS {1=SERVIDA - clientes comiendo, 2=PLATOS PRONTOS - esperando mozo, 3=PEDIDO EN COCINA}

[016378 ms] Mozo 2: esperando tareas
CLIENTES {1=pagó y se retiró, 2=pagó y se retiró, 3=pagó y se retiró, 4=pagó y se retiró, 5=pagó y se retiró, 6=pagó y se retiró, 7=pagó y se retiró, 8=pagó y se retiró, 9=pagó y se retiró, 10=pagó y se retiró, 11=pagó y se retiró, 12=pagó y se retiró, 13=comiendo en mesa 1, 14=comiendo en mesa 1, 15=pedido realizado - esperando comida, 16=pedido realizado - esperando comida, 17=pedido realizado - esperando comida, 18=eligió Ensalada - esperando mozo, 19=esperando afuera, 20=esperando afuera, 21=esperando afuera, 22=esperando afuera, 23=esperando afuera, 24=esperando afuera, 25=esperando afuera, 26=esperando afuera, 27=esperando afuera, 28=esperando afuera, 29=esperando afuera, 30=esperando afuera, 31=esperando afuera, 32=esperando afuera}
MOZOS {1=sirviendo mesa 2, 2=esperando tareas}
COCINEROS {1=plato Milanesa pronto para mesa 2, 2=plato Ensalada pronto para mesa 2}
CAJEROS {1=esperando clientes}
MESAS {1=SERVIDA - clientes comiendo, 2=PLATOS PRONTOS - esperando mozo, 3=PEDIDO EN COCINA}

[016378 ms] Cliente 18: pedido realizado - esperando comida
CLIENTES {1=pagó y se retiró, 2=pagó y se retiró, 3=pagó y se retiró, 4=pagó y se retiró, 5=pagó y se retiró, 6=pagó y se retiró, 7=pagó y se retiró, 8=pagó y se retiró, 9=pagó y se retiró, 10=pagó y se retiró, 11=pagó y se retiró, 12=pagó y se retiró, 13=comiendo en mesa 1, 14=comiendo en mesa 1, 15=pedido realizado - esperando comida, 16=pedido realizado - esperando comida, 17=pedido realizado - esperando comida, 18=pedido realizado - esperando comida, 19=esperando afuera, 20=esperando afuera, 21=esperando afuera, 22=esperando afuera, 23=esperando afuera, 24=esperando afuera, 25=esperando afuera, 26=esperando afuera, 27=esperando afuera, 28=esperando afuera, 29=esperando afuera, 30=esperando afuera, 31=esperando afuera, 32=esperando afuera}
MOZOS {1=sirviendo mesa 2, 2=esperando tareas}
COCINEROS {1=plato Milanesa pronto para mesa 2, 2=plato Ensalada pronto para mesa 2}
CAJEROS {1=esperando clientes}
MESAS {1=SERVIDA - clientes comiendo, 2=PLATOS PRONTOS - esperando mozo, 3=PEDIDO EN COCINA}

[016378 ms] Cocinero 1: cocinando Ensalada para mesa 3
CLIENTES {1=pagó y se retiró, 2=pagó y se retiró, 3=pagó y se retiró, 4=pagó y se retiró, 5=pagó y se retiró, 6=pagó y se retiró, 7=pagó y se retiró, 8=pagó y se retiró, 9=pagó y se retiró, 10=pagó y se retiró, 11=pagó y se retiró, 12=pagó y se retiró, 13=comiendo en mesa 1, 14=comiendo en mesa 1, 15=pedido realizado - esperando comida, 16=pedido realizado - esperando comida, 17=pedido realizado - esperando comida, 18=pedido realizado - esperando comida, 19=esperando afuera, 20=esperando afuera, 21=esperando afuera, 22=esperando afuera, 23=esperando afuera, 24=esperando afuera, 25=esperando afuera, 26=esperando afuera, 27=esperando afuera, 28=esperando afuera, 29=esperando afuera, 30=esperando afuera, 31=esperando afuera, 32=esperando afuera}
MOZOS {1=sirviendo mesa 2, 2=esperando tareas}
COCINEROS {1=cocinando Ensalada para mesa 3, 2=plato Ensalada pronto para mesa 2}
CAJEROS {1=esperando clientes}
MESAS {1=SERVIDA - clientes comiendo, 2=PLATOS PRONTOS - esperando mozo, 3=PEDIDO EN COCINA}

[016378 ms] Cocinero 2: cocinando Milanesa para mesa 3
CLIENTES {1=pagó y se retiró, 2=pagó y se retiró, 3=pagó y se retiró, 4=pagó y se retiró, 5=pagó y se retiró, 6=pagó y se retiró, 7=pagó y se retiró, 8=pagó y se retiró, 9=pagó y se retiró, 10=pagó y se retiró, 11=pagó y se retiró, 12=pagó y se retiró, 13=comiendo en mesa 1, 14=comiendo en mesa 1, 15=pedido realizado - esperando comida, 16=pedido realizado - esperando comida, 17=pedido realizado - esperando comida, 18=pedido realizado - esperando comida, 19=esperando afuera, 20=esperando afuera, 21=esperando afuera, 22=esperando afuera, 23=esperando afuera, 24=esperando afuera, 25=esperando afuera, 26=esperando afuera, 27=esperando afuera, 28=esperando afuera, 29=esperando afuera, 30=esperando afuera, 31=esperando afuera, 32=esperando afuera}
MOZOS {1=sirviendo mesa 2, 2=esperando tareas}
COCINEROS {1=cocinando Ensalada para mesa 3, 2=cocinando Milanesa para mesa 3}
CAJEROS {1=esperando clientes}
MESAS {1=SERVIDA - clientes comiendo, 2=PLATOS PRONTOS - esperando mozo, 3=PEDIDO EN COCINA}

[016767 ms] Cliente 33: llegó al restaurante
CLIENTES {1=pagó y se retiró, 2=pagó y se retiró, 3=pagó y se retiró, 4=pagó y se retiró, 5=pagó y se retiró, 6=pagó y se retiró, 7=pagó y se retiró, 8=pagó y se retiró, 9=pagó y se retiró, 10=pagó y se retiró, 11=pagó y se retiró, 12=pagó y se retiró, 13=comiendo en mesa 1, 14=comiendo en mesa 1, 15=pedido realizado - esperando comida, 16=pedido realizado - esperando comida, 17=pedido realizado - esperando comida, 18=pedido realizado - esperando comida, 19=esperando afuera, 20=esperando afuera, 21=esperando afuera, 22=esperando afuera, 23=esperando afuera, 24=esperando afuera, 25=esperando afuera, 26=esperando afuera, 27=esperando afuera, 28=esperando afuera, 29=esperando afuera, 30=esperando afuera, 31=esperando afuera, 32=esperando afuera, 33=llegó al restaurante}
MOZOS {1=sirviendo mesa 2, 2=esperando tareas}
COCINEROS {1=cocinando Ensalada para mesa 3, 2=cocinando Milanesa para mesa 3}
CAJEROS {1=esperando clientes}
MESAS {1=SERVIDA - clientes comiendo, 2=PLATOS PRONTOS - esperando mozo, 3=PEDIDO EN COCINA}

[016767 ms] Cliente 33: esperando afuera
CLIENTES {1=pagó y se retiró, 2=pagó y se retiró, 3=pagó y se retiró, 4=pagó y se retiró, 5=pagó y se retiró, 6=pagó y se retiró, 7=pagó y se retiró, 8=pagó y se retiró, 9=pagó y se retiró, 10=pagó y se retiró, 11=pagó y se retiró, 12=pagó y se retiró, 13=comiendo en mesa 1, 14=comiendo en mesa 1, 15=pedido realizado - esperando comida, 16=pedido realizado - esperando comida, 17=pedido realizado - esperando comida, 18=pedido realizado - esperando comida, 19=esperando afuera, 20=esperando afuera, 21=esperando afuera, 22=esperando afuera, 23=esperando afuera, 24=esperando afuera, 25=esperando afuera, 26=esperando afuera, 27=esperando afuera, 28=esperando afuera, 29=esperando afuera, 30=esperando afuera, 31=esperando afuera, 32=esperando afuera, 33=esperando afuera}
MOZOS {1=sirviendo mesa 2, 2=esperando tareas}
COCINEROS {1=cocinando Ensalada para mesa 3, 2=cocinando Milanesa para mesa 3}
CAJEROS {1=esperando clientes}
MESAS {1=SERVIDA - clientes comiendo, 2=PLATOS PRONTOS - esperando mozo, 3=PEDIDO EN COCINA}

[016854 ms] Cocinero 1: plato Ensalada pronto para mesa 3
CLIENTES {1=pagó y se retiró, 2=pagó y se retiró, 3=pagó y se retiró, 4=pagó y se retiró, 5=pagó y se retiró, 6=pagó y se retiró, 7=pagó y se retiró, 8=pagó y se retiró, 9=pagó y se retiró, 10=pagó y se retiró, 11=pagó y se retiró, 12=pagó y se retiró, 13=comiendo en mesa 1, 14=comiendo en mesa 1, 15=pedido realizado - esperando comida, 16=pedido realizado - esperando comida, 17=pedido realizado - esperando comida, 18=pedido realizado - esperando comida, 19=esperando afuera, 20=esperando afuera, 21=esperando afuera, 22=esperando afuera, 23=esperando afuera, 24=esperando afuera, 25=esperando afuera, 26=esperando afuera, 27=esperando afuera, 28=esperando afuera, 29=esperando afuera, 30=esperando afuera, 31=esperando afuera, 32=esperando afuera, 33=esperando afuera}
MOZOS {1=sirviendo mesa 2, 2=esperando tareas}
COCINEROS {1=plato Ensalada pronto para mesa 3, 2=cocinando Milanesa para mesa 3}
CAJEROS {1=esperando clientes}
MESAS {1=SERVIDA - clientes comiendo, 2=PLATOS PRONTOS - esperando mozo, 3=PEDIDO EN COCINA}

[017014 ms] Mesa 2: SERVIDA - clientes comiendo
CLIENTES {1=pagó y se retiró, 2=pagó y se retiró, 3=pagó y se retiró, 4=pagó y se retiró, 5=pagó y se retiró, 6=pagó y se retiró, 7=pagó y se retiró, 8=pagó y se retiró, 9=pagó y se retiró, 10=pagó y se retiró, 11=pagó y se retiró, 12=pagó y se retiró, 13=comiendo en mesa 1, 14=comiendo en mesa 1, 15=pedido realizado - esperando comida, 16=pedido realizado - esperando comida, 17=pedido realizado - esperando comida, 18=pedido realizado - esperando comida, 19=esperando afuera, 20=esperando afuera, 21=esperando afuera, 22=esperando afuera, 23=esperando afuera, 24=esperando afuera, 25=esperando afuera, 26=esperando afuera, 27=esperando afuera, 28=esperando afuera, 29=esperando afuera, 30=esperando afuera, 31=esperando afuera, 32=esperando afuera, 33=esperando afuera}
MOZOS {1=sirviendo mesa 2, 2=esperando tareas}
COCINEROS {1=plato Ensalada pronto para mesa 3, 2=cocinando Milanesa para mesa 3}
CAJEROS {1=esperando clientes}
MESAS {1=SERVIDA - clientes comiendo, 2=SERVIDA - clientes comiendo, 3=PEDIDO EN COCINA}

[017014 ms] Mozo 1: esperando tareas
CLIENTES {1=pagó y se retiró, 2=pagó y se retiró, 3=pagó y se retiró, 4=pagó y se retiró, 5=pagó y se retiró, 6=pagó y se retiró, 7=pagó y se retiró, 8=pagó y se retiró, 9=pagó y se retiró, 10=pagó y se retiró, 11=pagó y se retiró, 12=pagó y se retiró, 13=comiendo en mesa 1, 14=comiendo en mesa 1, 15=pedido realizado - esperando comida, 16=pedido realizado - esperando comida, 17=pedido realizado - esperando comida, 18=pedido realizado - esperando comida, 19=esperando afuera, 20=esperando afuera, 21=esperando afuera, 22=esperando afuera, 23=esperando afuera, 24=esperando afuera, 25=esperando afuera, 26=esperando afuera, 27=esperando afuera, 28=esperando afuera, 29=esperando afuera, 30=esperando afuera, 31=esperando afuera, 32=esperando afuera, 33=esperando afuera}
MOZOS {1=esperando tareas, 2=esperando tareas}
COCINEROS {1=plato Ensalada pronto para mesa 3, 2=cocinando Milanesa para mesa 3}
CAJEROS {1=esperando clientes}
MESAS {1=SERVIDA - clientes comiendo, 2=SERVIDA - clientes comiendo, 3=PEDIDO EN COCINA}

[017014 ms] Cliente 15: comiendo en mesa 2
CLIENTES {1=pagó y se retiró, 2=pagó y se retiró, 3=pagó y se retiró, 4=pagó y se retiró, 5=pagó y se retiró, 6=pagó y se retiró, 7=pagó y se retiró, 8=pagó y se retiró, 9=pagó y se retiró, 10=pagó y se retiró, 11=pagó y se retiró, 12=pagó y se retiró, 13=comiendo en mesa 1, 14=comiendo en mesa 1, 15=comiendo en mesa 2, 16=pedido realizado - esperando comida, 17=pedido realizado - esperando comida, 18=pedido realizado - esperando comida, 19=esperando afuera, 20=esperando afuera, 21=esperando afuera, 22=esperando afuera, 23=esperando afuera, 24=esperando afuera, 25=esperando afuera, 26=esperando afuera, 27=esperando afuera, 28=esperando afuera, 29=esperando afuera, 30=esperando afuera, 31=esperando afuera, 32=esperando afuera, 33=esperando afuera}
MOZOS {1=esperando tareas, 2=esperando tareas}
COCINEROS {1=plato Ensalada pronto para mesa 3, 2=cocinando Milanesa para mesa 3}
CAJEROS {1=esperando clientes}
MESAS {1=SERVIDA - clientes comiendo, 2=SERVIDA - clientes comiendo, 3=PEDIDO EN COCINA}

[017014 ms] Cliente 16: comiendo en mesa 2
CLIENTES {1=pagó y se retiró, 2=pagó y se retiró, 3=pagó y se retiró, 4=pagó y se retiró, 5=pagó y se retiró, 6=pagó y se retiró, 7=pagó y se retiró, 8=pagó y se retiró, 9=pagó y se retiró, 10=pagó y se retiró, 11=pagó y se retiró, 12=pagó y se retiró, 13=comiendo en mesa 1, 14=comiendo en mesa 1, 15=comiendo en mesa 2, 16=comiendo en mesa 2, 17=pedido realizado - esperando comida, 18=pedido realizado - esperando comida, 19=esperando afuera, 20=esperando afuera, 21=esperando afuera, 22=esperando afuera, 23=esperando afuera, 24=esperando afuera, 25=esperando afuera, 26=esperando afuera, 27=esperando afuera, 28=esperando afuera, 29=esperando afuera, 30=esperando afuera, 31=esperando afuera, 32=esperando afuera, 33=esperando afuera}
MOZOS {1=esperando tareas, 2=esperando tareas}
COCINEROS {1=plato Ensalada pronto para mesa 3, 2=cocinando Milanesa para mesa 3}
CAJEROS {1=esperando clientes}
MESAS {1=SERVIDA - clientes comiendo, 2=SERVIDA - clientes comiendo, 3=PEDIDO EN COCINA}

[017127 ms] Cliente 34: llegó al restaurante
CLIENTES {1=pagó y se retiró, 2=pagó y se retiró, 3=pagó y se retiró, 4=pagó y se retiró, 5=pagó y se retiró, 6=pagó y se retiró, 7=pagó y se retiró, 8=pagó y se retiró, 9=pagó y se retiró, 10=pagó y se retiró, 11=pagó y se retiró, 12=pagó y se retiró, 13=comiendo en mesa 1, 14=comiendo en mesa 1, 15=comiendo en mesa 2, 16=comiendo en mesa 2, 17=pedido realizado - esperando comida, 18=pedido realizado - esperando comida, 19=esperando afuera, 20=esperando afuera, 21=esperando afuera, 22=esperando afuera, 23=esperando afuera, 24=esperando afuera, 25=esperando afuera, 26=esperando afuera, 27=esperando afuera, 28=esperando afuera, 29=esperando afuera, 30=esperando afuera, 31=esperando afuera, 32=esperando afuera, 33=esperando afuera, 34=llegó al restaurante}
MOZOS {1=esperando tareas, 2=esperando tareas}
COCINEROS {1=plato Ensalada pronto para mesa 3, 2=cocinando Milanesa para mesa 3}
CAJEROS {1=esperando clientes}
MESAS {1=SERVIDA - clientes comiendo, 2=SERVIDA - clientes comiendo, 3=PEDIDO EN COCINA}

[017127 ms] Cliente 34: esperando afuera
CLIENTES {1=pagó y se retiró, 2=pagó y se retiró, 3=pagó y se retiró, 4=pagó y se retiró, 5=pagó y se retiró, 6=pagó y se retiró, 7=pagó y se retiró, 8=pagó y se retiró, 9=pagó y se retiró, 10=pagó y se retiró, 11=pagó y se retiró, 12=pagó y se retiró, 13=comiendo en mesa 1, 14=comiendo en mesa 1, 15=comiendo en mesa 2, 16=comiendo en mesa 2, 17=pedido realizado - esperando comida, 18=pedido realizado - esperando comida, 19=esperando afuera, 20=esperando afuera, 21=esperando afuera, 22=esperando afuera, 23=esperando afuera, 24=esperando afuera, 25=esperando afuera, 26=esperando afuera, 27=esperando afuera, 28=esperando afuera, 29=esperando afuera, 30=esperando afuera, 31=esperando afuera, 32=esperando afuera, 33=esperando afuera, 34=esperando afuera}
MOZOS {1=esperando tareas, 2=esperando tareas}
COCINEROS {1=plato Ensalada pronto para mesa 3, 2=cocinando Milanesa para mesa 3}
CAJEROS {1=esperando clientes}
MESAS {1=SERVIDA - clientes comiendo, 2=SERVIDA - clientes comiendo, 3=PEDIDO EN COCINA}

[017234 ms] Cocinero 2: plato Milanesa pronto para mesa 3
CLIENTES {1=pagó y se retiró, 2=pagó y se retiró, 3=pagó y se retiró, 4=pagó y se retiró, 5=pagó y se retiró, 6=pagó y se retiró, 7=pagó y se retiró, 8=pagó y se retiró, 9=pagó y se retiró, 10=pagó y se retiró, 11=pagó y se retiró, 12=pagó y se retiró, 13=comiendo en mesa 1, 14=comiendo en mesa 1, 15=comiendo en mesa 2, 16=comiendo en mesa 2, 17=pedido realizado - esperando comida, 18=pedido realizado - esperando comida, 19=esperando afuera, 20=esperando afuera, 21=esperando afuera, 22=esperando afuera, 23=esperando afuera, 24=esperando afuera, 25=esperando afuera, 26=esperando afuera, 27=esperando afuera, 28=esperando afuera, 29=esperando afuera, 30=esperando afuera, 31=esperando afuera, 32=esperando afuera, 33=esperando afuera, 34=esperando afuera}
MOZOS {1=esperando tareas, 2=esperando tareas}
COCINEROS {1=plato Ensalada pronto para mesa 3, 2=plato Milanesa pronto para mesa 3}
CAJEROS {1=esperando clientes}
MESAS {1=SERVIDA - clientes comiendo, 2=SERVIDA - clientes comiendo, 3=PEDIDO EN COCINA}

[017234 ms] Mesa 3: PLATOS PRONTOS - esperando mozo
CLIENTES {1=pagó y se retiró, 2=pagó y se retiró, 3=pagó y se retiró, 4=pagó y se retiró, 5=pagó y se retiró, 6=pagó y se retiró, 7=pagó y se retiró, 8=pagó y se retiró, 9=pagó y se retiró, 10=pagó y se retiró, 11=pagó y se retiró, 12=pagó y se retiró, 13=comiendo en mesa 1, 14=comiendo en mesa 1, 15=comiendo en mesa 2, 16=comiendo en mesa 2, 17=pedido realizado - esperando comida, 18=pedido realizado - esperando comida, 19=esperando afuera, 20=esperando afuera, 21=esperando afuera, 22=esperando afuera, 23=esperando afuera, 24=esperando afuera, 25=esperando afuera, 26=esperando afuera, 27=esperando afuera, 28=esperando afuera, 29=esperando afuera, 30=esperando afuera, 31=esperando afuera, 32=esperando afuera, 33=esperando afuera, 34=esperando afuera}
MOZOS {1=esperando tareas, 2=esperando tareas}
COCINEROS {1=plato Ensalada pronto para mesa 3, 2=plato Milanesa pronto para mesa 3}
CAJEROS {1=esperando clientes}
MESAS {1=SERVIDA - clientes comiendo, 2=SERVIDA - clientes comiendo, 3=PLATOS PRONTOS - esperando mozo}

[017234 ms] Mozo 2: sirviendo mesa 3
CLIENTES {1=pagó y se retiró, 2=pagó y se retiró, 3=pagó y se retiró, 4=pagó y se retiró, 5=pagó y se retiró, 6=pagó y se retiró, 7=pagó y se retiró, 8=pagó y se retiró, 9=pagó y se retiró, 10=pagó y se retiró, 11=pagó y se retiró, 12=pagó y se retiró, 13=comiendo en mesa 1, 14=comiendo en mesa 1, 15=comiendo en mesa 2, 16=comiendo en mesa 2, 17=pedido realizado - esperando comida, 18=pedido realizado - esperando comida, 19=esperando afuera, 20=esperando afuera, 21=esperando afuera, 22=esperando afuera, 23=esperando afuera, 24=esperando afuera, 25=esperando afuera, 26=esperando afuera, 27=esperando afuera, 28=esperando afuera, 29=esperando afuera, 30=esperando afuera, 31=esperando afuera, 32=esperando afuera, 33=esperando afuera, 34=esperando afuera}
MOZOS {1=esperando tareas, 2=sirviendo mesa 3}
COCINEROS {1=plato Ensalada pronto para mesa 3, 2=plato Milanesa pronto para mesa 3}
CAJEROS {1=esperando clientes}
MESAS {1=SERVIDA - clientes comiendo, 2=SERVIDA - clientes comiendo, 3=PLATOS PRONTOS - esperando mozo}

[017331 ms] Cliente 14: en cola de caja
CLIENTES {1=pagó y se retiró, 2=pagó y se retiró, 3=pagó y se retiró, 4=pagó y se retiró, 5=pagó y se retiró, 6=pagó y se retiró, 7=pagó y se retiró, 8=pagó y se retiró, 9=pagó y se retiró, 10=pagó y se retiró, 11=pagó y se retiró, 12=pagó y se retiró, 13=comiendo en mesa 1, 14=en cola de caja, 15=comiendo en mesa 2, 16=comiendo en mesa 2, 17=pedido realizado - esperando comida, 18=pedido realizado - esperando comida, 19=esperando afuera, 20=esperando afuera, 21=esperando afuera, 22=esperando afuera, 23=esperando afuera, 24=esperando afuera, 25=esperando afuera, 26=esperando afuera, 27=esperando afuera, 28=esperando afuera, 29=esperando afuera, 30=esperando afuera, 31=esperando afuera, 32=esperando afuera, 33=esperando afuera, 34=esperando afuera}
MOZOS {1=esperando tareas, 2=sirviendo mesa 3}
COCINEROS {1=plato Ensalada pronto para mesa 3, 2=plato Milanesa pronto para mesa 3}
CAJEROS {1=esperando clientes}
MESAS {1=SERVIDA - clientes comiendo, 2=SERVIDA - clientes comiendo, 3=PLATOS PRONTOS - esperando mozo}

[017331 ms] Cajero 1: cobrando cliente 14 de mesa 1
CLIENTES {1=pagó y se retiró, 2=pagó y se retiró, 3=pagó y se retiró, 4=pagó y se retiró, 5=pagó y se retiró, 6=pagó y se retiró, 7=pagó y se retiró, 8=pagó y se retiró, 9=pagó y se retiró, 10=pagó y se retiró, 11=pagó y se retiró, 12=pagó y se retiró, 13=comiendo en mesa 1, 14=en cola de caja, 15=comiendo en mesa 2, 16=comiendo en mesa 2, 17=pedido realizado - esperando comida, 18=pedido realizado - esperando comida, 19=esperando afuera, 20=esperando afuera, 21=esperando afuera, 22=esperando afuera, 23=esperando afuera, 24=esperando afuera, 25=esperando afuera, 26=esperando afuera, 27=esperando afuera, 28=esperando afuera, 29=esperando afuera, 30=esperando afuera, 31=esperando afuera, 32=esperando afuera, 33=esperando afuera, 34=esperando afuera}
MOZOS {1=esperando tareas, 2=sirviendo mesa 3}
COCINEROS {1=plato Ensalada pronto para mesa 3, 2=plato Milanesa pronto para mesa 3}
CAJEROS {1=cobrando cliente 14 de mesa 1}
MESAS {1=SERVIDA - clientes comiendo, 2=SERVIDA - clientes comiendo, 3=PLATOS PRONTOS - esperando mozo}

[017430 ms] Cliente 35: llegó al restaurante
CLIENTES {1=pagó y se retiró, 2=pagó y se retiró, 3=pagó y se retiró, 4=pagó y se retiró, 5=pagó y se retiró, 6=pagó y se retiró, 7=pagó y se retiró, 8=pagó y se retiró, 9=pagó y se retiró, 10=pagó y se retiró, 11=pagó y se retiró, 12=pagó y se retiró, 13=comiendo en mesa 1, 14=en cola de caja, 15=comiendo en mesa 2, 16=comiendo en mesa 2, 17=pedido realizado - esperando comida, 18=pedido realizado - esperando comida, 19=esperando afuera, 20=esperando afuera, 21=esperando afuera, 22=esperando afuera, 23=esperando afuera, 24=esperando afuera, 25=esperando afuera, 26=esperando afuera, 27=esperando afuera, 28=esperando afuera, 29=esperando afuera, 30=esperando afuera, 31=esperando afuera, 32=esperando afuera, 33=esperando afuera, 34=esperando afuera, 35=llegó al restaurante}
MOZOS {1=esperando tareas, 2=sirviendo mesa 3}
COCINEROS {1=plato Ensalada pronto para mesa 3, 2=plato Milanesa pronto para mesa 3}
CAJEROS {1=cobrando cliente 14 de mesa 1}
MESAS {1=SERVIDA - clientes comiendo, 2=SERVIDA - clientes comiendo, 3=PLATOS PRONTOS - esperando mozo}

[017431 ms] Cliente 35: esperando afuera
CLIENTES {1=pagó y se retiró, 2=pagó y se retiró, 3=pagó y se retiró, 4=pagó y se retiró, 5=pagó y se retiró, 6=pagó y se retiró, 7=pagó y se retiró, 8=pagó y se retiró, 9=pagó y se retiró, 10=pagó y se retiró, 11=pagó y se retiró, 12=pagó y se retiró, 13=comiendo en mesa 1, 14=en cola de caja, 15=comiendo en mesa 2, 16=comiendo en mesa 2, 17=pedido realizado - esperando comida, 18=pedido realizado - esperando comida, 19=esperando afuera, 20=esperando afuera, 21=esperando afuera, 22=esperando afuera, 23=esperando afuera, 24=esperando afuera, 25=esperando afuera, 26=esperando afuera, 27=esperando afuera, 28=esperando afuera, 29=esperando afuera, 30=esperando afuera, 31=esperando afuera, 32=esperando afuera, 33=esperando afuera, 34=esperando afuera, 35=esperando afuera}
MOZOS {1=esperando tareas, 2=sirviendo mesa 3}
COCINEROS {1=plato Ensalada pronto para mesa 3, 2=plato Milanesa pronto para mesa 3}
CAJEROS {1=cobrando cliente 14 de mesa 1}
MESAS {1=SERVIDA - clientes comiendo, 2=SERVIDA - clientes comiendo, 3=PLATOS PRONTOS - esperando mozo}

[017516 ms] Cliente 13: en cola de caja
CLIENTES {1=pagó y se retiró, 2=pagó y se retiró, 3=pagó y se retiró, 4=pagó y se retiró, 5=pagó y se retiró, 6=pagó y se retiró, 7=pagó y se retiró, 8=pagó y se retiró, 9=pagó y se retiró, 10=pagó y se retiró, 11=pagó y se retiró, 12=pagó y se retiró, 13=en cola de caja, 14=en cola de caja, 15=comiendo en mesa 2, 16=comiendo en mesa 2, 17=pedido realizado - esperando comida, 18=pedido realizado - esperando comida, 19=esperando afuera, 20=esperando afuera, 21=esperando afuera, 22=esperando afuera, 23=esperando afuera, 24=esperando afuera, 25=esperando afuera, 26=esperando afuera, 27=esperando afuera, 28=esperando afuera, 29=esperando afuera, 30=esperando afuera, 31=esperando afuera, 32=esperando afuera, 33=esperando afuera, 34=esperando afuera, 35=esperando afuera}
MOZOS {1=esperando tareas, 2=sirviendo mesa 3}
COCINEROS {1=plato Ensalada pronto para mesa 3, 2=plato Milanesa pronto para mesa 3}
CAJEROS {1=cobrando cliente 14 de mesa 1}
MESAS {1=SERVIDA - clientes comiendo, 2=SERVIDA - clientes comiendo, 3=PLATOS PRONTOS - esperando mozo}

[017679 ms] Mesa 3: SERVIDA - clientes comiendo
CLIENTES {1=pagó y se retiró, 2=pagó y se retiró, 3=pagó y se retiró, 4=pagó y se retiró, 5=pagó y se retiró, 6=pagó y se retiró, 7=pagó y se retiró, 8=pagó y se retiró, 9=pagó y se retiró, 10=pagó y se retiró, 11=pagó y se retiró, 12=pagó y se retiró, 13=en cola de caja, 14=en cola de caja, 15=comiendo en mesa 2, 16=comiendo en mesa 2, 17=pedido realizado - esperando comida, 18=pedido realizado - esperando comida, 19=esperando afuera, 20=esperando afuera, 21=esperando afuera, 22=esperando afuera, 23=esperando afuera, 24=esperando afuera, 25=esperando afuera, 26=esperando afuera, 27=esperando afuera, 28=esperando afuera, 29=esperando afuera, 30=esperando afuera, 31=esperando afuera, 32=esperando afuera, 33=esperando afuera, 34=esperando afuera, 35=esperando afuera}
MOZOS {1=esperando tareas, 2=sirviendo mesa 3}
COCINEROS {1=plato Ensalada pronto para mesa 3, 2=plato Milanesa pronto para mesa 3}
CAJEROS {1=cobrando cliente 14 de mesa 1}
MESAS {1=SERVIDA - clientes comiendo, 2=SERVIDA - clientes comiendo, 3=SERVIDA - clientes comiendo}

[017679 ms] Mozo 2: esperando tareas
CLIENTES {1=pagó y se retiró, 2=pagó y se retiró, 3=pagó y se retiró, 4=pagó y se retiró, 5=pagó y se retiró, 6=pagó y se retiró, 7=pagó y se retiró, 8=pagó y se retiró, 9=pagó y se retiró, 10=pagó y se retiró, 11=pagó y se retiró, 12=pagó y se retiró, 13=en cola de caja, 14=en cola de caja, 15=comiendo en mesa 2, 16=comiendo en mesa 2, 17=pedido realizado - esperando comida, 18=pedido realizado - esperando comida, 19=esperando afuera, 20=esperando afuera, 21=esperando afuera, 22=esperando afuera, 23=esperando afuera, 24=esperando afuera, 25=esperando afuera, 26=esperando afuera, 27=esperando afuera, 28=esperando afuera, 29=esperando afuera, 30=esperando afuera, 31=esperando afuera, 32=esperando afuera, 33=esperando afuera, 34=esperando afuera, 35=esperando afuera}
MOZOS {1=esperando tareas, 2=esperando tareas}
COCINEROS {1=plato Ensalada pronto para mesa 3, 2=plato Milanesa pronto para mesa 3}
CAJEROS {1=cobrando cliente 14 de mesa 1}
MESAS {1=SERVIDA - clientes comiendo, 2=SERVIDA - clientes comiendo, 3=SERVIDA - clientes comiendo}

[017679 ms] Cliente 17: comiendo en mesa 3
CLIENTES {1=pagó y se retiró, 2=pagó y se retiró, 3=pagó y se retiró, 4=pagó y se retiró, 5=pagó y se retiró, 6=pagó y se retiró, 7=pagó y se retiró, 8=pagó y se retiró, 9=pagó y se retiró, 10=pagó y se retiró, 11=pagó y se retiró, 12=pagó y se retiró, 13=en cola de caja, 14=en cola de caja, 15=comiendo en mesa 2, 16=comiendo en mesa 2, 17=comiendo en mesa 3, 18=pedido realizado - esperando comida, 19=esperando afuera, 20=esperando afuera, 21=esperando afuera, 22=esperando afuera, 23=esperando afuera, 24=esperando afuera, 25=esperando afuera, 26=esperando afuera, 27=esperando afuera, 28=esperando afuera, 29=esperando afuera, 30=esperando afuera, 31=esperando afuera, 32=esperando afuera, 33=esperando afuera, 34=esperando afuera, 35=esperando afuera}
MOZOS {1=esperando tareas, 2=esperando tareas}
COCINEROS {1=plato Ensalada pronto para mesa 3, 2=plato Milanesa pronto para mesa 3}
CAJEROS {1=cobrando cliente 14 de mesa 1}
MESAS {1=SERVIDA - clientes comiendo, 2=SERVIDA - clientes comiendo, 3=SERVIDA - clientes comiendo}

[017679 ms] Cliente 18: comiendo en mesa 3
CLIENTES {1=pagó y se retiró, 2=pagó y se retiró, 3=pagó y se retiró, 4=pagó y se retiró, 5=pagó y se retiró, 6=pagó y se retiró, 7=pagó y se retiró, 8=pagó y se retiró, 9=pagó y se retiró, 10=pagó y se retiró, 11=pagó y se retiró, 12=pagó y se retiró, 13=en cola de caja, 14=en cola de caja, 15=comiendo en mesa 2, 16=comiendo en mesa 2, 17=comiendo en mesa 3, 18=comiendo en mesa 3, 19=esperando afuera, 20=esperando afuera, 21=esperando afuera, 22=esperando afuera, 23=esperando afuera, 24=esperando afuera, 25=esperando afuera, 26=esperando afuera, 27=esperando afuera, 28=esperando afuera, 29=esperando afuera, 30=esperando afuera, 31=esperando afuera, 32=esperando afuera, 33=esperando afuera, 34=esperando afuera, 35=esperando afuera}
MOZOS {1=esperando tareas, 2=esperando tareas}
COCINEROS {1=plato Ensalada pronto para mesa 3, 2=plato Milanesa pronto para mesa 3}
CAJEROS {1=cobrando cliente 14 de mesa 1}
MESAS {1=SERVIDA - clientes comiendo, 2=SERVIDA - clientes comiendo, 3=SERVIDA - clientes comiendo}

[017921 ms] Cajero 1: esperando clientes
CLIENTES {1=pagó y se retiró, 2=pagó y se retiró, 3=pagó y se retiró, 4=pagó y se retiró, 5=pagó y se retiró, 6=pagó y se retiró, 7=pagó y se retiró, 8=pagó y se retiró, 9=pagó y se retiró, 10=pagó y se retiró, 11=pagó y se retiró, 12=pagó y se retiró, 13=en cola de caja, 14=en cola de caja, 15=comiendo en mesa 2, 16=comiendo en mesa 2, 17=comiendo en mesa 3, 18=comiendo en mesa 3, 19=esperando afuera, 20=esperando afuera, 21=esperando afuera, 22=esperando afuera, 23=esperando afuera, 24=esperando afuera, 25=esperando afuera, 26=esperando afuera, 27=esperando afuera, 28=esperando afuera, 29=esperando afuera, 30=esperando afuera, 31=esperando afuera, 32=esperando afuera, 33=esperando afuera, 34=esperando afuera, 35=esperando afuera}
MOZOS {1=esperando tareas, 2=esperando tareas}
COCINEROS {1=plato Ensalada pronto para mesa 3, 2=plato Milanesa pronto para mesa 3}
CAJEROS {1=esperando clientes}
MESAS {1=SERVIDA - clientes comiendo, 2=SERVIDA - clientes comiendo, 3=SERVIDA - clientes comiendo}

[017921 ms] Cliente 14: pagó y se retiró
CLIENTES {1=pagó y se retiró, 2=pagó y se retiró, 3=pagó y se retiró, 4=pagó y se retiró, 5=pagó y se retiró, 6=pagó y se retiró, 7=pagó y se retiró, 8=pagó y se retiró, 9=pagó y se retiró, 10=pagó y se retiró, 11=pagó y se retiró, 12=pagó y se retiró, 13=en cola de caja, 14=pagó y se retiró, 15=comiendo en mesa 2, 16=comiendo en mesa 2, 17=comiendo en mesa 3, 18=comiendo en mesa 3, 19=esperando afuera, 20=esperando afuera, 21=esperando afuera, 22=esperando afuera, 23=esperando afuera, 24=esperando afuera, 25=esperando afuera, 26=esperando afuera, 27=esperando afuera, 28=esperando afuera, 29=esperando afuera, 30=esperando afuera, 31=esperando afuera, 32=esperando afuera, 33=esperando afuera, 34=esperando afuera, 35=esperando afuera}
MOZOS {1=esperando tareas, 2=esperando tareas}
COCINEROS {1=plato Ensalada pronto para mesa 3, 2=plato Milanesa pronto para mesa 3}
CAJEROS {1=esperando clientes}
MESAS {1=SERVIDA - clientes comiendo, 2=SERVIDA - clientes comiendo, 3=SERVIDA - clientes comiendo}

[017921 ms] Cajero 1: cobrando cliente 13 de mesa 1
CLIENTES {1=pagó y se retiró, 2=pagó y se retiró, 3=pagó y se retiró, 4=pagó y se retiró, 5=pagó y se retiró, 6=pagó y se retiró, 7=pagó y se retiró, 8=pagó y se retiró, 9=pagó y se retiró, 10=pagó y se retiró, 11=pagó y se retiró, 12=pagó y se retiró, 13=en cola de caja, 14=pagó y se retiró, 15=comiendo en mesa 2, 16=comiendo en mesa 2, 17=comiendo en mesa 3, 18=comiendo en mesa 3, 19=esperando afuera, 20=esperando afuera, 21=esperando afuera, 22=esperando afuera, 23=esperando afuera, 24=esperando afuera, 25=esperando afuera, 26=esperando afuera, 27=esperando afuera, 28=esperando afuera, 29=esperando afuera, 30=esperando afuera, 31=esperando afuera, 32=esperando afuera, 33=esperando afuera, 34=esperando afuera, 35=esperando afuera}
MOZOS {1=esperando tareas, 2=esperando tareas}
COCINEROS {1=plato Ensalada pronto para mesa 3, 2=plato Milanesa pronto para mesa 3}
CAJEROS {1=cobrando cliente 13 de mesa 1}
MESAS {1=SERVIDA - clientes comiendo, 2=SERVIDA - clientes comiendo, 3=SERVIDA - clientes comiendo}

[018193 ms] Cliente 36: llegó al restaurante
CLIENTES {1=pagó y se retiró, 2=pagó y se retiró, 3=pagó y se retiró, 4=pagó y se retiró, 5=pagó y se retiró, 6=pagó y se retiró, 7=pagó y se retiró, 8=pagó y se retiró, 9=pagó y se retiró, 10=pagó y se retiró, 11=pagó y se retiró, 12=pagó y se retiró, 13=en cola de caja, 14=pagó y se retiró, 15=comiendo en mesa 2, 16=comiendo en mesa 2, 17=comiendo en mesa 3, 18=comiendo en mesa 3, 19=esperando afuera, 20=esperando afuera, 21=esperando afuera, 22=esperando afuera, 23=esperando afuera, 24=esperando afuera, 25=esperando afuera, 26=esperando afuera, 27=esperando afuera, 28=esperando afuera, 29=esperando afuera, 30=esperando afuera, 31=esperando afuera, 32=esperando afuera, 33=esperando afuera, 34=esperando afuera, 35=esperando afuera, 36=llegó al restaurante}
MOZOS {1=esperando tareas, 2=esperando tareas}
COCINEROS {1=plato Ensalada pronto para mesa 3, 2=plato Milanesa pronto para mesa 3}
CAJEROS {1=cobrando cliente 13 de mesa 1}
MESAS {1=SERVIDA - clientes comiendo, 2=SERVIDA - clientes comiendo, 3=SERVIDA - clientes comiendo}

[018193 ms] Cliente 36: esperando afuera
CLIENTES {1=pagó y se retiró, 2=pagó y se retiró, 3=pagó y se retiró, 4=pagó y se retiró, 5=pagó y se retiró, 6=pagó y se retiró, 7=pagó y se retiró, 8=pagó y se retiró, 9=pagó y se retiró, 10=pagó y se retiró, 11=pagó y se retiró, 12=pagó y se retiró, 13=en cola de caja, 14=pagó y se retiró, 15=comiendo en mesa 2, 16=comiendo en mesa 2, 17=comiendo en mesa 3, 18=comiendo en mesa 3, 19=esperando afuera, 20=esperando afuera, 21=esperando afuera, 22=esperando afuera, 23=esperando afuera, 24=esperando afuera, 25=esperando afuera, 26=esperando afuera, 27=esperando afuera, 28=esperando afuera, 29=esperando afuera, 30=esperando afuera, 31=esperando afuera, 32=esperando afuera, 33=esperando afuera, 34=esperando afuera, 35=esperando afuera, 36=esperando afuera}
MOZOS {1=esperando tareas, 2=esperando tareas}
COCINEROS {1=plato Ensalada pronto para mesa 3, 2=plato Milanesa pronto para mesa 3}
CAJEROS {1=cobrando cliente 13 de mesa 1}
MESAS {1=SERVIDA - clientes comiendo, 2=SERVIDA - clientes comiendo, 3=SERVIDA - clientes comiendo}

[018359 ms] Cajero 1: esperando clientes
CLIENTES {1=pagó y se retiró, 2=pagó y se retiró, 3=pagó y se retiró, 4=pagó y se retiró, 5=pagó y se retiró, 6=pagó y se retiró, 7=pagó y se retiró, 8=pagó y se retiró, 9=pagó y se retiró, 10=pagó y se retiró, 11=pagó y se retiró, 12=pagó y se retiró, 13=en cola de caja, 14=pagó y se retiró, 15=comiendo en mesa 2, 16=comiendo en mesa 2, 17=comiendo en mesa 3, 18=comiendo en mesa 3, 19=esperando afuera, 20=esperando afuera, 21=esperando afuera, 22=esperando afuera, 23=esperando afuera, 24=esperando afuera, 25=esperando afuera, 26=esperando afuera, 27=esperando afuera, 28=esperando afuera, 29=esperando afuera, 30=esperando afuera, 31=esperando afuera, 32=esperando afuera, 33=esperando afuera, 34=esperando afuera, 35=esperando afuera, 36=esperando afuera}
MOZOS {1=esperando tareas, 2=esperando tareas}
COCINEROS {1=plato Ensalada pronto para mesa 3, 2=plato Milanesa pronto para mesa 3}
CAJEROS {1=esperando clientes}
MESAS {1=SERVIDA - clientes comiendo, 2=SERVIDA - clientes comiendo, 3=SERVIDA - clientes comiendo}

[018359 ms] Cliente 13: pagó y se retiró
CLIENTES {1=pagó y se retiró, 2=pagó y se retiró, 3=pagó y se retiró, 4=pagó y se retiró, 5=pagó y se retiró, 6=pagó y se retiró, 7=pagó y se retiró, 8=pagó y se retiró, 9=pagó y se retiró, 10=pagó y se retiró, 11=pagó y se retiró, 12=pagó y se retiró, 13=pagó y se retiró, 14=pagó y se retiró, 15=comiendo en mesa 2, 16=comiendo en mesa 2, 17=comiendo en mesa 3, 18=comiendo en mesa 3, 19=esperando afuera, 20=esperando afuera, 21=esperando afuera, 22=esperando afuera, 23=esperando afuera, 24=esperando afuera, 25=esperando afuera, 26=esperando afuera, 27=esperando afuera, 28=esperando afuera, 29=esperando afuera, 30=esperando afuera, 31=esperando afuera, 32=esperando afuera, 33=esperando afuera, 34=esperando afuera, 35=esperando afuera, 36=esperando afuera}
MOZOS {1=esperando tareas, 2=esperando tareas}
COCINEROS {1=plato Ensalada pronto para mesa 3, 2=plato Milanesa pronto para mesa 3}
CAJEROS {1=esperando clientes}
MESAS {1=SERVIDA - clientes comiendo, 2=SERVIDA - clientes comiendo, 3=SERVIDA - clientes comiendo}

[018359 ms] Mesa 1: VACIA - esperando limpieza
CLIENTES {1=pagó y se retiró, 2=pagó y se retiró, 3=pagó y se retiró, 4=pagó y se retiró, 5=pagó y se retiró, 6=pagó y se retiró, 7=pagó y se retiró, 8=pagó y se retiró, 9=pagó y se retiró, 10=pagó y se retiró, 11=pagó y se retiró, 12=pagó y se retiró, 13=pagó y se retiró, 14=pagó y se retiró, 15=comiendo en mesa 2, 16=comiendo en mesa 2, 17=comiendo en mesa 3, 18=comiendo en mesa 3, 19=esperando afuera, 20=esperando afuera, 21=esperando afuera, 22=esperando afuera, 23=esperando afuera, 24=esperando afuera, 25=esperando afuera, 26=esperando afuera, 27=esperando afuera, 28=esperando afuera, 29=esperando afuera, 30=esperando afuera, 31=esperando afuera, 32=esperando afuera, 33=esperando afuera, 34=esperando afuera, 35=esperando afuera, 36=esperando afuera}
MOZOS {1=esperando tareas, 2=esperando tareas}
COCINEROS {1=plato Ensalada pronto para mesa 3, 2=plato Milanesa pronto para mesa 3}
CAJEROS {1=esperando clientes}
MESAS {1=VACIA - esperando limpieza, 2=SERVIDA - clientes comiendo, 3=SERVIDA - clientes comiendo}

[018359 ms] Mozo 1: limpiando mesa 1
CLIENTES {1=pagó y se retiró, 2=pagó y se retiró, 3=pagó y se retiró, 4=pagó y se retiró, 5=pagó y se retiró, 6=pagó y se retiró, 7=pagó y se retiró, 8=pagó y se retiró, 9=pagó y se retiró, 10=pagó y se retiró, 11=pagó y se retiró, 12=pagó y se retiró, 13=pagó y se retiró, 14=pagó y se retiró, 15=comiendo en mesa 2, 16=comiendo en mesa 2, 17=comiendo en mesa 3, 18=comiendo en mesa 3, 19=esperando afuera, 20=esperando afuera, 21=esperando afuera, 22=esperando afuera, 23=esperando afuera, 24=esperando afuera, 25=esperando afuera, 26=esperando afuera, 27=esperando afuera, 28=esperando afuera, 29=esperando afuera, 30=esperando afuera, 31=esperando afuera, 32=esperando afuera, 33=esperando afuera, 34=esperando afuera, 35=esperando afuera, 36=esperando afuera}
MOZOS {1=limpiando mesa 1, 2=esperando tareas}
COCINEROS {1=plato Ensalada pronto para mesa 3, 2=plato Milanesa pronto para mesa 3}
CAJEROS {1=esperando clientes}
MESAS {1=VACIA - esperando limpieza, 2=SERVIDA - clientes comiendo, 3=SERVIDA - clientes comiendo}

[018547 ms] Cliente 16: en cola de caja
CLIENTES {1=pagó y se retiró, 2=pagó y se retiró, 3=pagó y se retiró, 4=pagó y se retiró, 5=pagó y se retiró, 6=pagó y se retiró, 7=pagó y se retiró, 8=pagó y se retiró, 9=pagó y se retiró, 10=pagó y se retiró, 11=pagó y se retiró, 12=pagó y se retiró, 13=pagó y se retiró, 14=pagó y se retiró, 15=comiendo en mesa 2, 16=en cola de caja, 17=comiendo en mesa 3, 18=comiendo en mesa 3, 19=esperando afuera, 20=esperando afuera, 21=esperando afuera, 22=esperando afuera, 23=esperando afuera, 24=esperando afuera, 25=esperando afuera, 26=esperando afuera, 27=esperando afuera, 28=esperando afuera, 29=esperando afuera, 30=esperando afuera, 31=esperando afuera, 32=esperando afuera, 33=esperando afuera, 34=esperando afuera, 35=esperando afuera, 36=esperando afuera}
MOZOS {1=limpiando mesa 1, 2=esperando tareas}
COCINEROS {1=plato Ensalada pronto para mesa 3, 2=plato Milanesa pronto para mesa 3}
CAJEROS {1=esperando clientes}
MESAS {1=VACIA - esperando limpieza, 2=SERVIDA - clientes comiendo, 3=SERVIDA - clientes comiendo}

[018547 ms] Cajero 1: cobrando cliente 16 de mesa 2
CLIENTES {1=pagó y se retiró, 2=pagó y se retiró, 3=pagó y se retiró, 4=pagó y se retiró, 5=pagó y se retiró, 6=pagó y se retiró, 7=pagó y se retiró, 8=pagó y se retiró, 9=pagó y se retiró, 10=pagó y se retiró, 11=pagó y se retiró, 12=pagó y se retiró, 13=pagó y se retiró, 14=pagó y se retiró, 15=comiendo en mesa 2, 16=en cola de caja, 17=comiendo en mesa 3, 18=comiendo en mesa 3, 19=esperando afuera, 20=esperando afuera, 21=esperando afuera, 22=esperando afuera, 23=esperando afuera, 24=esperando afuera, 25=esperando afuera, 26=esperando afuera, 27=esperando afuera, 28=esperando afuera, 29=esperando afuera, 30=esperando afuera, 31=esperando afuera, 32=esperando afuera, 33=esperando afuera, 34=esperando afuera, 35=esperando afuera, 36=esperando afuera}
MOZOS {1=limpiando mesa 1, 2=esperando tareas}
COCINEROS {1=plato Ensalada pronto para mesa 3, 2=plato Milanesa pronto para mesa 3}
CAJEROS {1=cobrando cliente 16 de mesa 2}
MESAS {1=VACIA - esperando limpieza, 2=SERVIDA - clientes comiendo, 3=SERVIDA - clientes comiendo}

[018622 ms] Mesa 1: LIBRE
CLIENTES {1=pagó y se retiró, 2=pagó y se retiró, 3=pagó y se retiró, 4=pagó y se retiró, 5=pagó y se retiró, 6=pagó y se retiró, 7=pagó y se retiró, 8=pagó y se retiró, 9=pagó y se retiró, 10=pagó y se retiró, 11=pagó y se retiró, 12=pagó y se retiró, 13=pagó y se retiró, 14=pagó y se retiró, 15=comiendo en mesa 2, 16=en cola de caja, 17=comiendo en mesa 3, 18=comiendo en mesa 3, 19=esperando afuera, 20=esperando afuera, 21=esperando afuera, 22=esperando afuera, 23=esperando afuera, 24=esperando afuera, 25=esperando afuera, 26=esperando afuera, 27=esperando afuera, 28=esperando afuera, 29=esperando afuera, 30=esperando afuera, 31=esperando afuera, 32=esperando afuera, 33=esperando afuera, 34=esperando afuera, 35=esperando afuera, 36=esperando afuera}
MOZOS {1=limpiando mesa 1, 2=esperando tareas}
COCINEROS {1=plato Ensalada pronto para mesa 3, 2=plato Milanesa pronto para mesa 3}
CAJEROS {1=cobrando cliente 16 de mesa 2}
MESAS {1=LIBRE, 2=SERVIDA - clientes comiendo, 3=SERVIDA - clientes comiendo}

[018622 ms] Mesa 1: OCUPADA - clientes eligiendo
CLIENTES {1=pagó y se retiró, 2=pagó y se retiró, 3=pagó y se retiró, 4=pagó y se retiró, 5=pagó y se retiró, 6=pagó y se retiró, 7=pagó y se retiró, 8=pagó y se retiró, 9=pagó y se retiró, 10=pagó y se retiró, 11=pagó y se retiró, 12=pagó y se retiró, 13=pagó y se retiró, 14=pagó y se retiró, 15=comiendo en mesa 2, 16=en cola de caja, 17=comiendo en mesa 3, 18=comiendo en mesa 3, 19=esperando afuera, 20=esperando afuera, 21=esperando afuera, 22=esperando afuera, 23=esperando afuera, 24=esperando afuera, 25=esperando afuera, 26=esperando afuera, 27=esperando afuera, 28=esperando afuera, 29=esperando afuera, 30=esperando afuera, 31=esperando afuera, 32=esperando afuera, 33=esperando afuera, 34=esperando afuera, 35=esperando afuera, 36=esperando afuera}
MOZOS {1=limpiando mesa 1, 2=esperando tareas}
COCINEROS {1=plato Ensalada pronto para mesa 3, 2=plato Milanesa pronto para mesa 3}
CAJEROS {1=cobrando cliente 16 de mesa 2}
MESAS {1=OCUPADA - clientes eligiendo, 2=SERVIDA - clientes comiendo, 3=SERVIDA - clientes comiendo}

[018622 ms] Mozo 1: esperando tareas
CLIENTES {1=pagó y se retiró, 2=pagó y se retiró, 3=pagó y se retiró, 4=pagó y se retiró, 5=pagó y se retiró, 6=pagó y se retiró, 7=pagó y se retiró, 8=pagó y se retiró, 9=pagó y se retiró, 10=pagó y se retiró, 11=pagó y se retiró, 12=pagó y se retiró, 13=pagó y se retiró, 14=pagó y se retiró, 15=comiendo en mesa 2, 16=en cola de caja, 17=comiendo en mesa 3, 18=comiendo en mesa 3, 19=esperando afuera, 20=esperando afuera, 21=esperando afuera, 22=esperando afuera, 23=esperando afuera, 24=esperando afuera, 25=esperando afuera, 26=esperando afuera, 27=esperando afuera, 28=esperando afuera, 29=esperando afuera, 30=esperando afuera, 31=esperando afuera, 32=esperando afuera, 33=esperando afuera, 34=esperando afuera, 35=esperando afuera, 36=esperando afuera}
MOZOS {1=esperando tareas, 2=esperando tareas}
COCINEROS {1=plato Ensalada pronto para mesa 3, 2=plato Milanesa pronto para mesa 3}
CAJEROS {1=cobrando cliente 16 de mesa 2}
MESAS {1=OCUPADA - clientes eligiendo, 2=SERVIDA - clientes comiendo, 3=SERVIDA - clientes comiendo}

[018622 ms] Cliente 19: sentado en mesa 1 - eligiendo menú
CLIENTES {1=pagó y se retiró, 2=pagó y se retiró, 3=pagó y se retiró, 4=pagó y se retiró, 5=pagó y se retiró, 6=pagó y se retiró, 7=pagó y se retiró, 8=pagó y se retiró, 9=pagó y se retiró, 10=pagó y se retiró, 11=pagó y se retiró, 12=pagó y se retiró, 13=pagó y se retiró, 14=pagó y se retiró, 15=comiendo en mesa 2, 16=en cola de caja, 17=comiendo en mesa 3, 18=comiendo en mesa 3, 19=sentado en mesa 1 - eligiendo menú, 20=esperando afuera, 21=esperando afuera, 22=esperando afuera, 23=esperando afuera, 24=esperando afuera, 25=esperando afuera, 26=esperando afuera, 27=esperando afuera, 28=esperando afuera, 29=esperando afuera, 30=esperando afuera, 31=esperando afuera, 32=esperando afuera, 33=esperando afuera, 34=esperando afuera, 35=esperando afuera, 36=esperando afuera}
MOZOS {1=esperando tareas, 2=esperando tareas}
COCINEROS {1=plato Ensalada pronto para mesa 3, 2=plato Milanesa pronto para mesa 3}
CAJEROS {1=cobrando cliente 16 de mesa 2}
MESAS {1=OCUPADA - clientes eligiendo, 2=SERVIDA - clientes comiendo, 3=SERVIDA - clientes comiendo}

[018622 ms] Cliente 20: sentado en mesa 1 - eligiendo menú
CLIENTES {1=pagó y se retiró, 2=pagó y se retiró, 3=pagó y se retiró, 4=pagó y se retiró, 5=pagó y se retiró, 6=pagó y se retiró, 7=pagó y se retiró, 8=pagó y se retiró, 9=pagó y se retiró, 10=pagó y se retiró, 11=pagó y se retiró, 12=pagó y se retiró, 13=pagó y se retiró, 14=pagó y se retiró, 15=comiendo en mesa 2, 16=en cola de caja, 17=comiendo en mesa 3, 18=comiendo en mesa 3, 19=sentado en mesa 1 - eligiendo menú, 20=sentado en mesa 1 - eligiendo menú, 21=esperando afuera, 22=esperando afuera, 23=esperando afuera, 24=esperando afuera, 25=esperando afuera, 26=esperando afuera, 27=esperando afuera, 28=esperando afuera, 29=esperando afuera, 30=esperando afuera, 31=esperando afuera, 32=esperando afuera, 33=esperando afuera, 34=esperando afuera, 35=esperando afuera, 36=esperando afuera}
MOZOS {1=esperando tareas, 2=esperando tareas}
COCINEROS {1=plato Ensalada pronto para mesa 3, 2=plato Milanesa pronto para mesa 3}
CAJEROS {1=cobrando cliente 16 de mesa 2}
MESAS {1=OCUPADA - clientes eligiendo, 2=SERVIDA - clientes comiendo, 3=SERVIDA - clientes comiendo}

[018978 ms] Cliente 37: llegó al restaurante
CLIENTES {1=pagó y se retiró, 2=pagó y se retiró, 3=pagó y se retiró, 4=pagó y se retiró, 5=pagó y se retiró, 6=pagó y se retiró, 7=pagó y se retiró, 8=pagó y se retiró, 9=pagó y se retiró, 10=pagó y se retiró, 11=pagó y se retiró, 12=pagó y se retiró, 13=pagó y se retiró, 14=pagó y se retiró, 15=comiendo en mesa 2, 16=en cola de caja, 17=comiendo en mesa 3, 18=comiendo en mesa 3, 19=sentado en mesa 1 - eligiendo menú, 20=sentado en mesa 1 - eligiendo menú, 21=esperando afuera, 22=esperando afuera, 23=esperando afuera, 24=esperando afuera, 25=esperando afuera, 26=esperando afuera, 27=esperando afuera, 28=esperando afuera, 29=esperando afuera, 30=esperando afuera, 31=esperando afuera, 32=esperando afuera, 33=esperando afuera, 34=esperando afuera, 35=esperando afuera, 36=esperando afuera, 37=llegó al restaurante}
MOZOS {1=esperando tareas, 2=esperando tareas}
COCINEROS {1=plato Ensalada pronto para mesa 3, 2=plato Milanesa pronto para mesa 3}
CAJEROS {1=cobrando cliente 16 de mesa 2}
MESAS {1=OCUPADA - clientes eligiendo, 2=SERVIDA - clientes comiendo, 3=SERVIDA - clientes comiendo}

[018978 ms] Cliente 37: esperando afuera
CLIENTES {1=pagó y se retiró, 2=pagó y se retiró, 3=pagó y se retiró, 4=pagó y se retiró, 5=pagó y se retiró, 6=pagó y se retiró, 7=pagó y se retiró, 8=pagó y se retiró, 9=pagó y se retiró, 10=pagó y se retiró, 11=pagó y se retiró, 12=pagó y se retiró, 13=pagó y se retiró, 14=pagó y se retiró, 15=comiendo en mesa 2, 16=en cola de caja, 17=comiendo en mesa 3, 18=comiendo en mesa 3, 19=sentado en mesa 1 - eligiendo menú, 20=sentado en mesa 1 - eligiendo menú, 21=esperando afuera, 22=esperando afuera, 23=esperando afuera, 24=esperando afuera, 25=esperando afuera, 26=esperando afuera, 27=esperando afuera, 28=esperando afuera, 29=esperando afuera, 30=esperando afuera, 31=esperando afuera, 32=esperando afuera, 33=esperando afuera, 34=esperando afuera, 35=esperando afuera, 36=esperando afuera, 37=esperando afuera}
MOZOS {1=esperando tareas, 2=esperando tareas}
COCINEROS {1=plato Ensalada pronto para mesa 3, 2=plato Milanesa pronto para mesa 3}
CAJEROS {1=cobrando cliente 16 de mesa 2}
MESAS {1=OCUPADA - clientes eligiendo, 2=SERVIDA - clientes comiendo, 3=SERVIDA - clientes comiendo}

[019008 ms] Cliente 15: en cola de caja
CLIENTES {1=pagó y se retiró, 2=pagó y se retiró, 3=pagó y se retiró, 4=pagó y se retiró, 5=pagó y se retiró, 6=pagó y se retiró, 7=pagó y se retiró, 8=pagó y se retiró, 9=pagó y se retiró, 10=pagó y se retiró, 11=pagó y se retiró, 12=pagó y se retiró, 13=pagó y se retiró, 14=pagó y se retiró, 15=en cola de caja, 16=en cola de caja, 17=comiendo en mesa 3, 18=comiendo en mesa 3, 19=sentado en mesa 1 - eligiendo menú, 20=sentado en mesa 1 - eligiendo menú, 21=esperando afuera, 22=esperando afuera, 23=esperando afuera, 24=esperando afuera, 25=esperando afuera, 26=esperando afuera, 27=esperando afuera, 28=esperando afuera, 29=esperando afuera, 30=esperando afuera, 31=esperando afuera, 32=esperando afuera, 33=esperando afuera, 34=esperando afuera, 35=esperando afuera, 36=esperando afuera, 37=esperando afuera}
MOZOS {1=esperando tareas, 2=esperando tareas}
COCINEROS {1=plato Ensalada pronto para mesa 3, 2=plato Milanesa pronto para mesa 3}
CAJEROS {1=cobrando cliente 16 de mesa 2}
MESAS {1=OCUPADA - clientes eligiendo, 2=SERVIDA - clientes comiendo, 3=SERVIDA - clientes comiendo}

[019040 ms] Cajero 1: esperando clientes
CLIENTES {1=pagó y se retiró, 2=pagó y se retiró, 3=pagó y se retiró, 4=pagó y se retiró, 5=pagó y se retiró, 6=pagó y se retiró, 7=pagó y se retiró, 8=pagó y se retiró, 9=pagó y se retiró, 10=pagó y se retiró, 11=pagó y se retiró, 12=pagó y se retiró, 13=pagó y se retiró, 14=pagó y se retiró, 15=en cola de caja, 16=en cola de caja, 17=comiendo en mesa 3, 18=comiendo en mesa 3, 19=sentado en mesa 1 - eligiendo menú, 20=sentado en mesa 1 - eligiendo menú, 21=esperando afuera, 22=esperando afuera, 23=esperando afuera, 24=esperando afuera, 25=esperando afuera, 26=esperando afuera, 27=esperando afuera, 28=esperando afuera, 29=esperando afuera, 30=esperando afuera, 31=esperando afuera, 32=esperando afuera, 33=esperando afuera, 34=esperando afuera, 35=esperando afuera, 36=esperando afuera, 37=esperando afuera}
MOZOS {1=esperando tareas, 2=esperando tareas}
COCINEROS {1=plato Ensalada pronto para mesa 3, 2=plato Milanesa pronto para mesa 3}
CAJEROS {1=esperando clientes}
MESAS {1=OCUPADA - clientes eligiendo, 2=SERVIDA - clientes comiendo, 3=SERVIDA - clientes comiendo}

[019040 ms] Cajero 1: cobrando cliente 15 de mesa 2
CLIENTES {1=pagó y se retiró, 2=pagó y se retiró, 3=pagó y se retiró, 4=pagó y se retiró, 5=pagó y se retiró, 6=pagó y se retiró, 7=pagó y se retiró, 8=pagó y se retiró, 9=pagó y se retiró, 10=pagó y se retiró, 11=pagó y se retiró, 12=pagó y se retiró, 13=pagó y se retiró, 14=pagó y se retiró, 15=en cola de caja, 16=en cola de caja, 17=comiendo en mesa 3, 18=comiendo en mesa 3, 19=sentado en mesa 1 - eligiendo menú, 20=sentado en mesa 1 - eligiendo menú, 21=esperando afuera, 22=esperando afuera, 23=esperando afuera, 24=esperando afuera, 25=esperando afuera, 26=esperando afuera, 27=esperando afuera, 28=esperando afuera, 29=esperando afuera, 30=esperando afuera, 31=esperando afuera, 32=esperando afuera, 33=esperando afuera, 34=esperando afuera, 35=esperando afuera, 36=esperando afuera, 37=esperando afuera}
MOZOS {1=esperando tareas, 2=esperando tareas}
COCINEROS {1=plato Ensalada pronto para mesa 3, 2=plato Milanesa pronto para mesa 3}
CAJEROS {1=cobrando cliente 15 de mesa 2}
MESAS {1=OCUPADA - clientes eligiendo, 2=SERVIDA - clientes comiendo, 3=SERVIDA - clientes comiendo}

[019040 ms] Cliente 16: pagó y se retiró
CLIENTES {1=pagó y se retiró, 2=pagó y se retiró, 3=pagó y se retiró, 4=pagó y se retiró, 5=pagó y se retiró, 6=pagó y se retiró, 7=pagó y se retiró, 8=pagó y se retiró, 9=pagó y se retiró, 10=pagó y se retiró, 11=pagó y se retiró, 12=pagó y se retiró, 13=pagó y se retiró, 14=pagó y se retiró, 15=en cola de caja, 16=pagó y se retiró, 17=comiendo en mesa 3, 18=comiendo en mesa 3, 19=sentado en mesa 1 - eligiendo menú, 20=sentado en mesa 1 - eligiendo menú, 21=esperando afuera, 22=esperando afuera, 23=esperando afuera, 24=esperando afuera, 25=esperando afuera, 26=esperando afuera, 27=esperando afuera, 28=esperando afuera, 29=esperando afuera, 30=esperando afuera, 31=esperando afuera, 32=esperando afuera, 33=esperando afuera, 34=esperando afuera, 35=esperando afuera, 36=esperando afuera, 37=esperando afuera}
MOZOS {1=esperando tareas, 2=esperando tareas}
COCINEROS {1=plato Ensalada pronto para mesa 3, 2=plato Milanesa pronto para mesa 3}
CAJEROS {1=cobrando cliente 15 de mesa 2}
MESAS {1=OCUPADA - clientes eligiendo, 2=SERVIDA - clientes comiendo, 3=SERVIDA - clientes comiendo}

[019176 ms] Cliente 17: en cola de caja
CLIENTES {1=pagó y se retiró, 2=pagó y se retiró, 3=pagó y se retiró, 4=pagó y se retiró, 5=pagó y se retiró, 6=pagó y se retiró, 7=pagó y se retiró, 8=pagó y se retiró, 9=pagó y se retiró, 10=pagó y se retiró, 11=pagó y se retiró, 12=pagó y se retiró, 13=pagó y se retiró, 14=pagó y se retiró, 15=en cola de caja, 16=pagó y se retiró, 17=en cola de caja, 18=comiendo en mesa 3, 19=sentado en mesa 1 - eligiendo menú, 20=sentado en mesa 1 - eligiendo menú, 21=esperando afuera, 22=esperando afuera, 23=esperando afuera, 24=esperando afuera, 25=esperando afuera, 26=esperando afuera, 27=esperando afuera, 28=esperando afuera, 29=esperando afuera, 30=esperando afuera, 31=esperando afuera, 32=esperando afuera, 33=esperando afuera, 34=esperando afuera, 35=esperando afuera, 36=esperando afuera, 37=esperando afuera}
MOZOS {1=esperando tareas, 2=esperando tareas}
COCINEROS {1=plato Ensalada pronto para mesa 3, 2=plato Milanesa pronto para mesa 3}
CAJEROS {1=cobrando cliente 15 de mesa 2}
MESAS {1=OCUPADA - clientes eligiendo, 2=SERVIDA - clientes comiendo, 3=SERVIDA - clientes comiendo}

[019255 ms] Cliente 18: en cola de caja
CLIENTES {1=pagó y se retiró, 2=pagó y se retiró, 3=pagó y se retiró, 4=pagó y se retiró, 5=pagó y se retiró, 6=pagó y se retiró, 7=pagó y se retiró, 8=pagó y se retiró, 9=pagó y se retiró, 10=pagó y se retiró, 11=pagó y se retiró, 12=pagó y se retiró, 13=pagó y se retiró, 14=pagó y se retiró, 15=en cola de caja, 16=pagó y se retiró, 17=en cola de caja, 18=en cola de caja, 19=sentado en mesa 1 - eligiendo menú, 20=sentado en mesa 1 - eligiendo menú, 21=esperando afuera, 22=esperando afuera, 23=esperando afuera, 24=esperando afuera, 25=esperando afuera, 26=esperando afuera, 27=esperando afuera, 28=esperando afuera, 29=esperando afuera, 30=esperando afuera, 31=esperando afuera, 32=esperando afuera, 33=esperando afuera, 34=esperando afuera, 35=esperando afuera, 36=esperando afuera, 37=esperando afuera}
MOZOS {1=esperando tareas, 2=esperando tareas}
COCINEROS {1=plato Ensalada pronto para mesa 3, 2=plato Milanesa pronto para mesa 3}
CAJEROS {1=cobrando cliente 15 de mesa 2}
MESAS {1=OCUPADA - clientes eligiendo, 2=SERVIDA - clientes comiendo, 3=SERVIDA - clientes comiendo}

[019393 ms] Cajero 1: esperando clientes
CLIENTES {1=pagó y se retiró, 2=pagó y se retiró, 3=pagó y se retiró, 4=pagó y se retiró, 5=pagó y se retiró, 6=pagó y se retiró, 7=pagó y se retiró, 8=pagó y se retiró, 9=pagó y se retiró, 10=pagó y se retiró, 11=pagó y se retiró, 12=pagó y se retiró, 13=pagó y se retiró, 14=pagó y se retiró, 15=en cola de caja, 16=pagó y se retiró, 17=en cola de caja, 18=en cola de caja, 19=sentado en mesa 1 - eligiendo menú, 20=sentado en mesa 1 - eligiendo menú, 21=esperando afuera, 22=esperando afuera, 23=esperando afuera, 24=esperando afuera, 25=esperando afuera, 26=esperando afuera, 27=esperando afuera, 28=esperando afuera, 29=esperando afuera, 30=esperando afuera, 31=esperando afuera, 32=esperando afuera, 33=esperando afuera, 34=esperando afuera, 35=esperando afuera, 36=esperando afuera, 37=esperando afuera}
MOZOS {1=esperando tareas, 2=esperando tareas}
COCINEROS {1=plato Ensalada pronto para mesa 3, 2=plato Milanesa pronto para mesa 3}
CAJEROS {1=esperando clientes}
MESAS {1=OCUPADA - clientes eligiendo, 2=SERVIDA - clientes comiendo, 3=SERVIDA - clientes comiendo}

[019393 ms] Cliente 15: pagó y se retiró
CLIENTES {1=pagó y se retiró, 2=pagó y se retiró, 3=pagó y se retiró, 4=pagó y se retiró, 5=pagó y se retiró, 6=pagó y se retiró, 7=pagó y se retiró, 8=pagó y se retiró, 9=pagó y se retiró, 10=pagó y se retiró, 11=pagó y se retiró, 12=pagó y se retiró, 13=pagó y se retiró, 14=pagó y se retiró, 15=pagó y se retiró, 16=pagó y se retiró, 17=en cola de caja, 18=en cola de caja, 19=sentado en mesa 1 - eligiendo menú, 20=sentado en mesa 1 - eligiendo menú, 21=esperando afuera, 22=esperando afuera, 23=esperando afuera, 24=esperando afuera, 25=esperando afuera, 26=esperando afuera, 27=esperando afuera, 28=esperando afuera, 29=esperando afuera, 30=esperando afuera, 31=esperando afuera, 32=esperando afuera, 33=esperando afuera, 34=esperando afuera, 35=esperando afuera, 36=esperando afuera, 37=esperando afuera}
MOZOS {1=esperando tareas, 2=esperando tareas}
COCINEROS {1=plato Ensalada pronto para mesa 3, 2=plato Milanesa pronto para mesa 3}
CAJEROS {1=esperando clientes}
MESAS {1=OCUPADA - clientes eligiendo, 2=SERVIDA - clientes comiendo, 3=SERVIDA - clientes comiendo}

[019393 ms] Mesa 2: VACIA - esperando limpieza
CLIENTES {1=pagó y se retiró, 2=pagó y se retiró, 3=pagó y se retiró, 4=pagó y se retiró, 5=pagó y se retiró, 6=pagó y se retiró, 7=pagó y se retiró, 8=pagó y se retiró, 9=pagó y se retiró, 10=pagó y se retiró, 11=pagó y se retiró, 12=pagó y se retiró, 13=pagó y se retiró, 14=pagó y se retiró, 15=pagó y se retiró, 16=pagó y se retiró, 17=en cola de caja, 18=en cola de caja, 19=sentado en mesa 1 - eligiendo menú, 20=sentado en mesa 1 - eligiendo menú, 21=esperando afuera, 22=esperando afuera, 23=esperando afuera, 24=esperando afuera, 25=esperando afuera, 26=esperando afuera, 27=esperando afuera, 28=esperando afuera, 29=esperando afuera, 30=esperando afuera, 31=esperando afuera, 32=esperando afuera, 33=esperando afuera, 34=esperando afuera, 35=esperando afuera, 36=esperando afuera, 37=esperando afuera}
MOZOS {1=esperando tareas, 2=esperando tareas}
COCINEROS {1=plato Ensalada pronto para mesa 3, 2=plato Milanesa pronto para mesa 3}
CAJEROS {1=esperando clientes}
MESAS {1=OCUPADA - clientes eligiendo, 2=VACIA - esperando limpieza, 3=SERVIDA - clientes comiendo}

[019393 ms] Cajero 1: cobrando cliente 17 de mesa 3
CLIENTES {1=pagó y se retiró, 2=pagó y se retiró, 3=pagó y se retiró, 4=pagó y se retiró, 5=pagó y se retiró, 6=pagó y se retiró, 7=pagó y se retiró, 8=pagó y se retiró, 9=pagó y se retiró, 10=pagó y se retiró, 11=pagó y se retiró, 12=pagó y se retiró, 13=pagó y se retiró, 14=pagó y se retiró, 15=pagó y se retiró, 16=pagó y se retiró, 17=en cola de caja, 18=en cola de caja, 19=sentado en mesa 1 - eligiendo menú, 20=sentado en mesa 1 - eligiendo menú, 21=esperando afuera, 22=esperando afuera, 23=esperando afuera, 24=esperando afuera, 25=esperando afuera, 26=esperando afuera, 27=esperando afuera, 28=esperando afuera, 29=esperando afuera, 30=esperando afuera, 31=esperando afuera, 32=esperando afuera, 33=esperando afuera, 34=esperando afuera, 35=esperando afuera, 36=esperando afuera, 37=esperando afuera}
MOZOS {1=esperando tareas, 2=esperando tareas}
COCINEROS {1=plato Ensalada pronto para mesa 3, 2=plato Milanesa pronto para mesa 3}
CAJEROS {1=cobrando cliente 17 de mesa 3}
MESAS {1=OCUPADA - clientes eligiendo, 2=VACIA - esperando limpieza, 3=SERVIDA - clientes comiendo}

[019393 ms] Mozo 2: limpiando mesa 2
CLIENTES {1=pagó y se retiró, 2=pagó y se retiró, 3=pagó y se retiró, 4=pagó y se retiró, 5=pagó y se retiró, 6=pagó y se retiró, 7=pagó y se retiró, 8=pagó y se retiró, 9=pagó y se retiró, 10=pagó y se retiró, 11=pagó y se retiró, 12=pagó y se retiró, 13=pagó y se retiró, 14=pagó y se retiró, 15=pagó y se retiró, 16=pagó y se retiró, 17=en cola de caja, 18=en cola de caja, 19=sentado en mesa 1 - eligiendo menú, 20=sentado en mesa 1 - eligiendo menú, 21=esperando afuera, 22=esperando afuera, 23=esperando afuera, 24=esperando afuera, 25=esperando afuera, 26=esperando afuera, 27=esperando afuera, 28=esperando afuera, 29=esperando afuera, 30=esperando afuera, 31=esperando afuera, 32=esperando afuera, 33=esperando afuera, 34=esperando afuera, 35=esperando afuera, 36=esperando afuera, 37=esperando afuera}
MOZOS {1=esperando tareas, 2=limpiando mesa 2}
COCINEROS {1=plato Ensalada pronto para mesa 3, 2=plato Milanesa pronto para mesa 3}
CAJEROS {1=cobrando cliente 17 de mesa 3}
MESAS {1=OCUPADA - clientes eligiendo, 2=VACIA - esperando limpieza, 3=SERVIDA - clientes comiendo}

[019469 ms] Cliente 20: eligió Pasta - esperando mozo
CLIENTES {1=pagó y se retiró, 2=pagó y se retiró, 3=pagó y se retiró, 4=pagó y se retiró, 5=pagó y se retiró, 6=pagó y se retiró, 7=pagó y se retiró, 8=pagó y se retiró, 9=pagó y se retiró, 10=pagó y se retiró, 11=pagó y se retiró, 12=pagó y se retiró, 13=pagó y se retiró, 14=pagó y se retiró, 15=pagó y se retiró, 16=pagó y se retiró, 17=en cola de caja, 18=en cola de caja, 19=sentado en mesa 1 - eligiendo menú, 20=eligió Pasta - esperando mozo, 21=esperando afuera, 22=esperando afuera, 23=esperando afuera, 24=esperando afuera, 25=esperando afuera, 26=esperando afuera, 27=esperando afuera, 28=esperando afuera, 29=esperando afuera, 30=esperando afuera, 31=esperando afuera, 32=esperando afuera, 33=esperando afuera, 34=esperando afuera, 35=esperando afuera, 36=esperando afuera, 37=esperando afuera}
MOZOS {1=esperando tareas, 2=limpiando mesa 2}
COCINEROS {1=plato Ensalada pronto para mesa 3, 2=plato Milanesa pronto para mesa 3}
CAJEROS {1=cobrando cliente 17 de mesa 3}
MESAS {1=OCUPADA - clientes eligiendo, 2=VACIA - esperando limpieza, 3=SERVIDA - clientes comiendo}

[019571 ms] Cliente 38: llegó al restaurante
CLIENTES {1=pagó y se retiró, 2=pagó y se retiró, 3=pagó y se retiró, 4=pagó y se retiró, 5=pagó y se retiró, 6=pagó y se retiró, 7=pagó y se retiró, 8=pagó y se retiró, 9=pagó y se retiró, 10=pagó y se retiró, 11=pagó y se retiró, 12=pagó y se retiró, 13=pagó y se retiró, 14=pagó y se retiró, 15=pagó y se retiró, 16=pagó y se retiró, 17=en cola de caja, 18=en cola de caja, 19=sentado en mesa 1 - eligiendo menú, 20=eligió Pasta - esperando mozo, 21=esperando afuera, 22=esperando afuera, 23=esperando afuera, 24=esperando afuera, 25=esperando afuera, 26=esperando afuera, 27=esperando afuera, 28=esperando afuera, 29=esperando afuera, 30=esperando afuera, 31=esperando afuera, 32=esperando afuera, 33=esperando afuera, 34=esperando afuera, 35=esperando afuera, 36=esperando afuera, 37=esperando afuera, 38=llegó al restaurante}
MOZOS {1=esperando tareas, 2=limpiando mesa 2}
COCINEROS {1=plato Ensalada pronto para mesa 3, 2=plato Milanesa pronto para mesa 3}
CAJEROS {1=cobrando cliente 17 de mesa 3}
MESAS {1=OCUPADA - clientes eligiendo, 2=VACIA - esperando limpieza, 3=SERVIDA - clientes comiendo}

[019571 ms] Cliente 38: esperando afuera
CLIENTES {1=pagó y se retiró, 2=pagó y se retiró, 3=pagó y se retiró, 4=pagó y se retiró, 5=pagó y se retiró, 6=pagó y se retiró, 7=pagó y se retiró, 8=pagó y se retiró, 9=pagó y se retiró, 10=pagó y se retiró, 11=pagó y se retiró, 12=pagó y se retiró, 13=pagó y se retiró, 14=pagó y se retiró, 15=pagó y se retiró, 16=pagó y se retiró, 17=en cola de caja, 18=en cola de caja, 19=sentado en mesa 1 - eligiendo menú, 20=eligió Pasta - esperando mozo, 21=esperando afuera, 22=esperando afuera, 23=esperando afuera, 24=esperando afuera, 25=esperando afuera, 26=esperando afuera, 27=esperando afuera, 28=esperando afuera, 29=esperando afuera, 30=esperando afuera, 31=esperando afuera, 32=esperando afuera, 33=esperando afuera, 34=esperando afuera, 35=esperando afuera, 36=esperando afuera, 37=esperando afuera, 38=esperando afuera}
MOZOS {1=esperando tareas, 2=limpiando mesa 2}
COCINEROS {1=plato Ensalada pronto para mesa 3, 2=plato Milanesa pronto para mesa 3}
CAJEROS {1=cobrando cliente 17 de mesa 3}
MESAS {1=OCUPADA - clientes eligiendo, 2=VACIA - esperando limpieza, 3=SERVIDA - clientes comiendo}

[019790 ms] Mesa 2: LIBRE
CLIENTES {1=pagó y se retiró, 2=pagó y se retiró, 3=pagó y se retiró, 4=pagó y se retiró, 5=pagó y se retiró, 6=pagó y se retiró, 7=pagó y se retiró, 8=pagó y se retiró, 9=pagó y se retiró, 10=pagó y se retiró, 11=pagó y se retiró, 12=pagó y se retiró, 13=pagó y se retiró, 14=pagó y se retiró, 15=pagó y se retiró, 16=pagó y se retiró, 17=en cola de caja, 18=en cola de caja, 19=sentado en mesa 1 - eligiendo menú, 20=eligió Pasta - esperando mozo, 21=esperando afuera, 22=esperando afuera, 23=esperando afuera, 24=esperando afuera, 25=esperando afuera, 26=esperando afuera, 27=esperando afuera, 28=esperando afuera, 29=esperando afuera, 30=esperando afuera, 31=esperando afuera, 32=esperando afuera, 33=esperando afuera, 34=esperando afuera, 35=esperando afuera, 36=esperando afuera, 37=esperando afuera, 38=esperando afuera}
MOZOS {1=esperando tareas, 2=limpiando mesa 2}
COCINEROS {1=plato Ensalada pronto para mesa 3, 2=plato Milanesa pronto para mesa 3}
CAJEROS {1=cobrando cliente 17 de mesa 3}
MESAS {1=OCUPADA - clientes eligiendo, 2=LIBRE, 3=SERVIDA - clientes comiendo}

[019790 ms] Mesa 2: OCUPADA - clientes eligiendo
CLIENTES {1=pagó y se retiró, 2=pagó y se retiró, 3=pagó y se retiró, 4=pagó y se retiró, 5=pagó y se retiró, 6=pagó y se retiró, 7=pagó y se retiró, 8=pagó y se retiró, 9=pagó y se retiró, 10=pagó y se retiró, 11=pagó y se retiró, 12=pagó y se retiró, 13=pagó y se retiró, 14=pagó y se retiró, 15=pagó y se retiró, 16=pagó y se retiró, 17=en cola de caja, 18=en cola de caja, 19=sentado en mesa 1 - eligiendo menú, 20=eligió Pasta - esperando mozo, 21=esperando afuera, 22=esperando afuera, 23=esperando afuera, 24=esperando afuera, 25=esperando afuera, 26=esperando afuera, 27=esperando afuera, 28=esperando afuera, 29=esperando afuera, 30=esperando afuera, 31=esperando afuera, 32=esperando afuera, 33=esperando afuera, 34=esperando afuera, 35=esperando afuera, 36=esperando afuera, 37=esperando afuera, 38=esperando afuera}
MOZOS {1=esperando tareas, 2=limpiando mesa 2}
COCINEROS {1=plato Ensalada pronto para mesa 3, 2=plato Milanesa pronto para mesa 3}
CAJEROS {1=cobrando cliente 17 de mesa 3}
MESAS {1=OCUPADA - clientes eligiendo, 2=OCUPADA - clientes eligiendo, 3=SERVIDA - clientes comiendo}

[019790 ms] Mozo 2: esperando tareas
CLIENTES {1=pagó y se retiró, 2=pagó y se retiró, 3=pagó y se retiró, 4=pagó y se retiró, 5=pagó y se retiró, 6=pagó y se retiró, 7=pagó y se retiró, 8=pagó y se retiró, 9=pagó y se retiró, 10=pagó y se retiró, 11=pagó y se retiró, 12=pagó y se retiró, 13=pagó y se retiró, 14=pagó y se retiró, 15=pagó y se retiró, 16=pagó y se retiró, 17=en cola de caja, 18=en cola de caja, 19=sentado en mesa 1 - eligiendo menú, 20=eligió Pasta - esperando mozo, 21=esperando afuera, 22=esperando afuera, 23=esperando afuera, 24=esperando afuera, 25=esperando afuera, 26=esperando afuera, 27=esperando afuera, 28=esperando afuera, 29=esperando afuera, 30=esperando afuera, 31=esperando afuera, 32=esperando afuera, 33=esperando afuera, 34=esperando afuera, 35=esperando afuera, 36=esperando afuera, 37=esperando afuera, 38=esperando afuera}
MOZOS {1=esperando tareas, 2=esperando tareas}
COCINEROS {1=plato Ensalada pronto para mesa 3, 2=plato Milanesa pronto para mesa 3}
CAJEROS {1=cobrando cliente 17 de mesa 3}
MESAS {1=OCUPADA - clientes eligiendo, 2=OCUPADA - clientes eligiendo, 3=SERVIDA - clientes comiendo}

[019790 ms] Cliente 21: sentado en mesa 2 - eligiendo menú
CLIENTES {1=pagó y se retiró, 2=pagó y se retiró, 3=pagó y se retiró, 4=pagó y se retiró, 5=pagó y se retiró, 6=pagó y se retiró, 7=pagó y se retiró, 8=pagó y se retiró, 9=pagó y se retiró, 10=pagó y se retiró, 11=pagó y se retiró, 12=pagó y se retiró, 13=pagó y se retiró, 14=pagó y se retiró, 15=pagó y se retiró, 16=pagó y se retiró, 17=en cola de caja, 18=en cola de caja, 19=sentado en mesa 1 - eligiendo menú, 20=eligió Pasta - esperando mozo, 21=sentado en mesa 2 - eligiendo menú, 22=esperando afuera, 23=esperando afuera, 24=esperando afuera, 25=esperando afuera, 26=esperando afuera, 27=esperando afuera, 28=esperando afuera, 29=esperando afuera, 30=esperando afuera, 31=esperando afuera, 32=esperando afuera, 33=esperando afuera, 34=esperando afuera, 35=esperando afuera, 36=esperando afuera, 37=esperando afuera, 38=esperando afuera}
MOZOS {1=esperando tareas, 2=esperando tareas}
COCINEROS {1=plato Ensalada pronto para mesa 3, 2=plato Milanesa pronto para mesa 3}
CAJEROS {1=cobrando cliente 17 de mesa 3}
MESAS {1=OCUPADA - clientes eligiendo, 2=OCUPADA - clientes eligiendo, 3=SERVIDA - clientes comiendo}

[019790 ms] Cliente 22: sentado en mesa 2 - eligiendo menú
CLIENTES {1=pagó y se retiró, 2=pagó y se retiró, 3=pagó y se retiró, 4=pagó y se retiró, 5=pagó y se retiró, 6=pagó y se retiró, 7=pagó y se retiró, 8=pagó y se retiró, 9=pagó y se retiró, 10=pagó y se retiró, 11=pagó y se retiró, 12=pagó y se retiró, 13=pagó y se retiró, 14=pagó y se retiró, 15=pagó y se retiró, 16=pagó y se retiró, 17=en cola de caja, 18=en cola de caja, 19=sentado en mesa 1 - eligiendo menú, 20=eligió Pasta - esperando mozo, 21=sentado en mesa 2 - eligiendo menú, 22=sentado en mesa 2 - eligiendo menú, 23=esperando afuera, 24=esperando afuera, 25=esperando afuera, 26=esperando afuera, 27=esperando afuera, 28=esperando afuera, 29=esperando afuera, 30=esperando afuera, 31=esperando afuera, 32=esperando afuera, 33=esperando afuera, 34=esperando afuera, 35=esperando afuera, 36=esperando afuera, 37=esperando afuera, 38=esperando afuera}
MOZOS {1=esperando tareas, 2=esperando tareas}
COCINEROS {1=plato Ensalada pronto para mesa 3, 2=plato Milanesa pronto para mesa 3}
CAJEROS {1=cobrando cliente 17 de mesa 3}
MESAS {1=OCUPADA - clientes eligiendo, 2=OCUPADA - clientes eligiendo, 3=SERVIDA - clientes comiendo}

[019995 ms] Cliente 19: eligió Pasta - esperando mozo
CLIENTES {1=pagó y se retiró, 2=pagó y se retiró, 3=pagó y se retiró, 4=pagó y se retiró, 5=pagó y se retiró, 6=pagó y se retiró, 7=pagó y se retiró, 8=pagó y se retiró, 9=pagó y se retiró, 10=pagó y se retiró, 11=pagó y se retiró, 12=pagó y se retiró, 13=pagó y se retiró, 14=pagó y se retiró, 15=pagó y se retiró, 16=pagó y se retiró, 17=en cola de caja, 18=en cola de caja, 19=eligió Pasta - esperando mozo, 20=eligió Pasta - esperando mozo, 21=sentado en mesa 2 - eligiendo menú, 22=sentado en mesa 2 - eligiendo menú, 23=esperando afuera, 24=esperando afuera, 25=esperando afuera, 26=esperando afuera, 27=esperando afuera, 28=esperando afuera, 29=esperando afuera, 30=esperando afuera, 31=esperando afuera, 32=esperando afuera, 33=esperando afuera, 34=esperando afuera, 35=esperando afuera, 36=esperando afuera, 37=esperando afuera, 38=esperando afuera}
MOZOS {1=esperando tareas, 2=esperando tareas}
COCINEROS {1=plato Ensalada pronto para mesa 3, 2=plato Milanesa pronto para mesa 3}
CAJEROS {1=cobrando cliente 17 de mesa 3}
MESAS {1=OCUPADA - clientes eligiendo, 2=OCUPADA - clientes eligiendo, 3=SERVIDA - clientes comiendo}

[019995 ms] Mozo 2: tomando pedido mesa 1
CLIENTES {1=pagó y se retiró, 2=pagó y se retiró, 3=pagó y se retiró, 4=pagó y se retiró, 5=pagó y se retiró, 6=pagó y se retiró, 7=pagó y se retiró, 8=pagó y se retiró, 9=pagó y se retiró, 10=pagó y se retiró, 11=pagó y se retiró, 12=pagó y se retiró, 13=pagó y se retiró, 14=pagó y se retiró, 15=pagó y se retiró, 16=pagó y se retiró, 17=en cola de caja, 18=en cola de caja, 19=eligió Pasta - esperando mozo, 20=eligió Pasta - esperando mozo, 21=sentado en mesa 2 - eligiendo menú, 22=sentado en mesa 2 - eligiendo menú, 23=esperando afuera, 24=esperando afuera, 25=esperando afuera, 26=esperando afuera, 27=esperando afuera, 28=esperando afuera, 29=esperando afuera, 30=esperando afuera, 31=esperando afuera, 32=esperando afuera, 33=esperando afuera, 34=esperando afuera, 35=esperando afuera, 36=esperando afuera, 37=esperando afuera, 38=esperando afuera}
MOZOS {1=esperando tareas, 2=tomando pedido mesa 1}
COCINEROS {1=plato Ensalada pronto para mesa 3, 2=plato Milanesa pronto para mesa 3}
CAJEROS {1=cobrando cliente 17 de mesa 3}
MESAS {1=OCUPADA - clientes eligiendo, 2=OCUPADA - clientes eligiendo, 3=SERVIDA - clientes comiendo}

[020011 ms] Cliente 24: se retira por cierre antes de ingresar
CLIENTES {1=pagó y se retiró, 2=pagó y se retiró, 3=pagó y se retiró, 4=pagó y se retiró, 5=pagó y se retiró, 6=pagó y se retiró, 7=pagó y se retiró, 8=pagó y se retiró, 9=pagó y se retiró, 10=pagó y se retiró, 11=pagó y se retiró, 12=pagó y se retiró, 13=pagó y se retiró, 14=pagó y se retiró, 15=pagó y se retiró, 16=pagó y se retiró, 17=en cola de caja, 18=en cola de caja, 19=eligió Pasta - esperando mozo, 20=eligió Pasta - esperando mozo, 21=sentado en mesa 2 - eligiendo menú, 22=sentado en mesa 2 - eligiendo menú, 23=esperando afuera, 24=se retira por cierre antes de ingresar, 25=esperando afuera, 26=esperando afuera, 27=esperando afuera, 28=esperando afuera, 29=esperando afuera, 30=esperando afuera, 31=esperando afuera, 32=esperando afuera, 33=esperando afuera, 34=esperando afuera, 35=esperando afuera, 36=esperando afuera, 37=esperando afuera, 38=esperando afuera}
MOZOS {1=esperando tareas, 2=tomando pedido mesa 1}
COCINEROS {1=plato Ensalada pronto para mesa 3, 2=plato Milanesa pronto para mesa 3}
CAJEROS {1=cobrando cliente 17 de mesa 3}
MESAS {1=OCUPADA - clientes eligiendo, 2=OCUPADA - clientes eligiendo, 3=SERVIDA - clientes comiendo}

[020011 ms] Cliente 26: se retira por cierre antes de ingresar
CLIENTES {1=pagó y se retiró, 2=pagó y se retiró, 3=pagó y se retiró, 4=pagó y se retiró, 5=pagó y se retiró, 6=pagó y se retiró, 7=pagó y se retiró, 8=pagó y se retiró, 9=pagó y se retiró, 10=pagó y se retiró, 11=pagó y se retiró, 12=pagó y se retiró, 13=pagó y se retiró, 14=pagó y se retiró, 15=pagó y se retiró, 16=pagó y se retiró, 17=en cola de caja, 18=en cola de caja, 19=eligió Pasta - esperando mozo, 20=eligió Pasta - esperando mozo, 21=sentado en mesa 2 - eligiendo menú, 22=sentado en mesa 2 - eligiendo menú, 23=esperando afuera, 24=se retira por cierre antes de ingresar, 25=esperando afuera, 26=se retira por cierre antes de ingresar, 27=esperando afuera, 28=esperando afuera, 29=esperando afuera, 30=esperando afuera, 31=esperando afuera, 32=esperando afuera, 33=esperando afuera, 34=esperando afuera, 35=esperando afuera, 36=esperando afuera, 37=esperando afuera, 38=esperando afuera}
MOZOS {1=esperando tareas, 2=tomando pedido mesa 1}
COCINEROS {1=plato Ensalada pronto para mesa 3, 2=plato Milanesa pronto para mesa 3}
CAJEROS {1=cobrando cliente 17 de mesa 3}
MESAS {1=OCUPADA - clientes eligiendo, 2=OCUPADA - clientes eligiendo, 3=SERVIDA - clientes comiendo}

[020012 ms] Cliente 23: se retira por cierre antes de ingresar
CLIENTES {1=pagó y se retiró, 2=pagó y se retiró, 3=pagó y se retiró, 4=pagó y se retiró, 5=pagó y se retiró, 6=pagó y se retiró, 7=pagó y se retiró, 8=pagó y se retiró, 9=pagó y se retiró, 10=pagó y se retiró, 11=pagó y se retiró, 12=pagó y se retiró, 13=pagó y se retiró, 14=pagó y se retiró, 15=pagó y se retiró, 16=pagó y se retiró, 17=en cola de caja, 18=en cola de caja, 19=eligió Pasta - esperando mozo, 20=eligió Pasta - esperando mozo, 21=sentado en mesa 2 - eligiendo menú, 22=sentado en mesa 2 - eligiendo menú, 23=se retira por cierre antes de ingresar, 24=se retira por cierre antes de ingresar, 25=esperando afuera, 26=se retira por cierre antes de ingresar, 27=esperando afuera, 28=esperando afuera, 29=esperando afuera, 30=esperando afuera, 31=esperando afuera, 32=esperando afuera, 33=esperando afuera, 34=esperando afuera, 35=esperando afuera, 36=esperando afuera, 37=esperando afuera, 38=esperando afuera}
MOZOS {1=esperando tareas, 2=tomando pedido mesa 1}
COCINEROS {1=plato Ensalada pronto para mesa 3, 2=plato Milanesa pronto para mesa 3}
CAJEROS {1=cobrando cliente 17 de mesa 3}
MESAS {1=OCUPADA - clientes eligiendo, 2=OCUPADA - clientes eligiendo, 3=SERVIDA - clientes comiendo}

[020012 ms] Cliente 27: se retira por cierre antes de ingresar
CLIENTES {1=pagó y se retiró, 2=pagó y se retiró, 3=pagó y se retiró, 4=pagó y se retiró, 5=pagó y se retiró, 6=pagó y se retiró, 7=pagó y se retiró, 8=pagó y se retiró, 9=pagó y se retiró, 10=pagó y se retiró, 11=pagó y se retiró, 12=pagó y se retiró, 13=pagó y se retiró, 14=pagó y se retiró, 15=pagó y se retiró, 16=pagó y se retiró, 17=en cola de caja, 18=en cola de caja, 19=eligió Pasta - esperando mozo, 20=eligió Pasta - esperando mozo, 21=sentado en mesa 2 - eligiendo menú, 22=sentado en mesa 2 - eligiendo menú, 23=se retira por cierre antes de ingresar, 24=se retira por cierre antes de ingresar, 25=esperando afuera, 26=se retira por cierre antes de ingresar, 27=se retira por cierre antes de ingresar, 28=esperando afuera, 29=esperando afuera, 30=esperando afuera, 31=esperando afuera, 32=esperando afuera, 33=esperando afuera, 34=esperando afuera, 35=esperando afuera, 36=esperando afuera, 37=esperando afuera, 38=esperando afuera}
MOZOS {1=esperando tareas, 2=tomando pedido mesa 1}
COCINEROS {1=plato Ensalada pronto para mesa 3, 2=plato Milanesa pronto para mesa 3}
CAJEROS {1=cobrando cliente 17 de mesa 3}
MESAS {1=OCUPADA - clientes eligiendo, 2=OCUPADA - clientes eligiendo, 3=SERVIDA - clientes comiendo}

[020012 ms] Cliente 25: se retira por cierre antes de ingresar
CLIENTES {1=pagó y se retiró, 2=pagó y se retiró, 3=pagó y se retiró, 4=pagó y se retiró, 5=pagó y se retiró, 6=pagó y se retiró, 7=pagó y se retiró, 8=pagó y se retiró, 9=pagó y se retiró, 10=pagó y se retiró, 11=pagó y se retiró, 12=pagó y se retiró, 13=pagó y se retiró, 14=pagó y se retiró, 15=pagó y se retiró, 16=pagó y se retiró, 17=en cola de caja, 18=en cola de caja, 19=eligió Pasta - esperando mozo, 20=eligió Pasta - esperando mozo, 21=sentado en mesa 2 - eligiendo menú, 22=sentado en mesa 2 - eligiendo menú, 23=se retira por cierre antes de ingresar, 24=se retira por cierre antes de ingresar, 25=se retira por cierre antes de ingresar, 26=se retira por cierre antes de ingresar, 27=se retira por cierre antes de ingresar, 28=esperando afuera, 29=esperando afuera, 30=esperando afuera, 31=esperando afuera, 32=esperando afuera, 33=esperando afuera, 34=esperando afuera, 35=esperando afuera, 36=esperando afuera, 37=esperando afuera, 38=esperando afuera}
MOZOS {1=esperando tareas, 2=tomando pedido mesa 1}
COCINEROS {1=plato Ensalada pronto para mesa 3, 2=plato Milanesa pronto para mesa 3}
CAJEROS {1=cobrando cliente 17 de mesa 3}
MESAS {1=OCUPADA - clientes eligiendo, 2=OCUPADA - clientes eligiendo, 3=SERVIDA - clientes comiendo}

[020012 ms] Cliente 29: se retira por cierre antes de ingresar
CLIENTES {1=pagó y se retiró, 2=pagó y se retiró, 3=pagó y se retiró, 4=pagó y se retiró, 5=pagó y se retiró, 6=pagó y se retiró, 7=pagó y se retiró, 8=pagó y se retiró, 9=pagó y se retiró, 10=pagó y se retiró, 11=pagó y se retiró, 12=pagó y se retiró, 13=pagó y se retiró, 14=pagó y se retiró, 15=pagó y se retiró, 16=pagó y se retiró, 17=en cola de caja, 18=en cola de caja, 19=eligió Pasta - esperando mozo, 20=eligió Pasta - esperando mozo, 21=sentado en mesa 2 - eligiendo menú, 22=sentado en mesa 2 - eligiendo menú, 23=se retira por cierre antes de ingresar, 24=se retira por cierre antes de ingresar, 25=se retira por cierre antes de ingresar, 26=se retira por cierre antes de ingresar, 27=se retira por cierre antes de ingresar, 28=esperando afuera, 29=se retira por cierre antes de ingresar, 30=esperando afuera, 31=esperando afuera, 32=esperando afuera, 33=esperando afuera, 34=esperando afuera, 35=esperando afuera, 36=esperando afuera, 37=esperando afuera, 38=esperando afuera}
MOZOS {1=esperando tareas, 2=tomando pedido mesa 1}
COCINEROS {1=plato Ensalada pronto para mesa 3, 2=plato Milanesa pronto para mesa 3}
CAJEROS {1=cobrando cliente 17 de mesa 3}
MESAS {1=OCUPADA - clientes eligiendo, 2=OCUPADA - clientes eligiendo, 3=SERVIDA - clientes comiendo}

[020012 ms] Cliente 28: se retira por cierre antes de ingresar
CLIENTES {1=pagó y se retiró, 2=pagó y se retiró, 3=pagó y se retiró, 4=pagó y se retiró, 5=pagó y se retiró, 6=pagó y se retiró, 7=pagó y se retiró, 8=pagó y se retiró, 9=pagó y se retiró, 10=pagó y se retiró, 11=pagó y se retiró, 12=pagó y se retiró, 13=pagó y se retiró, 14=pagó y se retiró, 15=pagó y se retiró, 16=pagó y se retiró, 17=en cola de caja, 18=en cola de caja, 19=eligió Pasta - esperando mozo, 20=eligió Pasta - esperando mozo, 21=sentado en mesa 2 - eligiendo menú, 22=sentado en mesa 2 - eligiendo menú, 23=se retira por cierre antes de ingresar, 24=se retira por cierre antes de ingresar, 25=se retira por cierre antes de ingresar, 26=se retira por cierre antes de ingresar, 27=se retira por cierre antes de ingresar, 28=se retira por cierre antes de ingresar, 29=se retira por cierre antes de ingresar, 30=esperando afuera, 31=esperando afuera, 32=esperando afuera, 33=esperando afuera, 34=esperando afuera, 35=esperando afuera, 36=esperando afuera, 37=esperando afuera, 38=esperando afuera}
MOZOS {1=esperando tareas, 2=tomando pedido mesa 1}
COCINEROS {1=plato Ensalada pronto para mesa 3, 2=plato Milanesa pronto para mesa 3}
CAJEROS {1=cobrando cliente 17 de mesa 3}
MESAS {1=OCUPADA - clientes eligiendo, 2=OCUPADA - clientes eligiendo, 3=SERVIDA - clientes comiendo}

[020012 ms] Cliente 30: se retira por cierre antes de ingresar
CLIENTES {1=pagó y se retiró, 2=pagó y se retiró, 3=pagó y se retiró, 4=pagó y se retiró, 5=pagó y se retiró, 6=pagó y se retiró, 7=pagó y se retiró, 8=pagó y se retiró, 9=pagó y se retiró, 10=pagó y se retiró, 11=pagó y se retiró, 12=pagó y se retiró, 13=pagó y se retiró, 14=pagó y se retiró, 15=pagó y se retiró, 16=pagó y se retiró, 17=en cola de caja, 18=en cola de caja, 19=eligió Pasta - esperando mozo, 20=eligió Pasta - esperando mozo, 21=sentado en mesa 2 - eligiendo menú, 22=sentado en mesa 2 - eligiendo menú, 23=se retira por cierre antes de ingresar, 24=se retira por cierre antes de ingresar, 25=se retira por cierre antes de ingresar, 26=se retira por cierre antes de ingresar, 27=se retira por cierre antes de ingresar, 28=se retira por cierre antes de ingresar, 29=se retira por cierre antes de ingresar, 30=se retira por cierre antes de ingresar, 31=esperando afuera, 32=esperando afuera, 33=esperando afuera, 34=esperando afuera, 35=esperando afuera, 36=esperando afuera, 37=esperando afuera, 38=esperando afuera}
MOZOS {1=esperando tareas, 2=tomando pedido mesa 1}
COCINEROS {1=plato Ensalada pronto para mesa 3, 2=plato Milanesa pronto para mesa 3}
CAJEROS {1=cobrando cliente 17 de mesa 3}
MESAS {1=OCUPADA - clientes eligiendo, 2=OCUPADA - clientes eligiendo, 3=SERVIDA - clientes comiendo}

[020012 ms] Cliente 32: se retira por cierre antes de ingresar
CLIENTES {1=pagó y se retiró, 2=pagó y se retiró, 3=pagó y se retiró, 4=pagó y se retiró, 5=pagó y se retiró, 6=pagó y se retiró, 7=pagó y se retiró, 8=pagó y se retiró, 9=pagó y se retiró, 10=pagó y se retiró, 11=pagó y se retiró, 12=pagó y se retiró, 13=pagó y se retiró, 14=pagó y se retiró, 15=pagó y se retiró, 16=pagó y se retiró, 17=en cola de caja, 18=en cola de caja, 19=eligió Pasta - esperando mozo, 20=eligió Pasta - esperando mozo, 21=sentado en mesa 2 - eligiendo menú, 22=sentado en mesa 2 - eligiendo menú, 23=se retira por cierre antes de ingresar, 24=se retira por cierre antes de ingresar, 25=se retira por cierre antes de ingresar, 26=se retira por cierre antes de ingresar, 27=se retira por cierre antes de ingresar, 28=se retira por cierre antes de ingresar, 29=se retira por cierre antes de ingresar, 30=se retira por cierre antes de ingresar, 31=esperando afuera, 32=se retira por cierre antes de ingresar, 33=esperando afuera, 34=esperando afuera, 35=esperando afuera, 36=esperando afuera, 37=esperando afuera, 38=esperando afuera}
MOZOS {1=esperando tareas, 2=tomando pedido mesa 1}
COCINEROS {1=plato Ensalada pronto para mesa 3, 2=plato Milanesa pronto para mesa 3}
CAJEROS {1=cobrando cliente 17 de mesa 3}
MESAS {1=OCUPADA - clientes eligiendo, 2=OCUPADA - clientes eligiendo, 3=SERVIDA - clientes comiendo}

[020012 ms] Cliente 31: se retira por cierre antes de ingresar
CLIENTES {1=pagó y se retiró, 2=pagó y se retiró, 3=pagó y se retiró, 4=pagó y se retiró, 5=pagó y se retiró, 6=pagó y se retiró, 7=pagó y se retiró, 8=pagó y se retiró, 9=pagó y se retiró, 10=pagó y se retiró, 11=pagó y se retiró, 12=pagó y se retiró, 13=pagó y se retiró, 14=pagó y se retiró, 15=pagó y se retiró, 16=pagó y se retiró, 17=en cola de caja, 18=en cola de caja, 19=eligió Pasta - esperando mozo, 20=eligió Pasta - esperando mozo, 21=sentado en mesa 2 - eligiendo menú, 22=sentado en mesa 2 - eligiendo menú, 23=se retira por cierre antes de ingresar, 24=se retira por cierre antes de ingresar, 25=se retira por cierre antes de ingresar, 26=se retira por cierre antes de ingresar, 27=se retira por cierre antes de ingresar, 28=se retira por cierre antes de ingresar, 29=se retira por cierre antes de ingresar, 30=se retira por cierre antes de ingresar, 31=se retira por cierre antes de ingresar, 32=se retira por cierre antes de ingresar, 33=esperando afuera, 34=esperando afuera, 35=esperando afuera, 36=esperando afuera, 37=esperando afuera, 38=esperando afuera}
MOZOS {1=esperando tareas, 2=tomando pedido mesa 1}
COCINEROS {1=plato Ensalada pronto para mesa 3, 2=plato Milanesa pronto para mesa 3}
CAJEROS {1=cobrando cliente 17 de mesa 3}
MESAS {1=OCUPADA - clientes eligiendo, 2=OCUPADA - clientes eligiendo, 3=SERVIDA - clientes comiendo}

[020012 ms] Cliente 34: se retira por cierre antes de ingresar
CLIENTES {1=pagó y se retiró, 2=pagó y se retiró, 3=pagó y se retiró, 4=pagó y se retiró, 5=pagó y se retiró, 6=pagó y se retiró, 7=pagó y se retiró, 8=pagó y se retiró, 9=pagó y se retiró, 10=pagó y se retiró, 11=pagó y se retiró, 12=pagó y se retiró, 13=pagó y se retiró, 14=pagó y se retiró, 15=pagó y se retiró, 16=pagó y se retiró, 17=en cola de caja, 18=en cola de caja, 19=eligió Pasta - esperando mozo, 20=eligió Pasta - esperando mozo, 21=sentado en mesa 2 - eligiendo menú, 22=sentado en mesa 2 - eligiendo menú, 23=se retira por cierre antes de ingresar, 24=se retira por cierre antes de ingresar, 25=se retira por cierre antes de ingresar, 26=se retira por cierre antes de ingresar, 27=se retira por cierre antes de ingresar, 28=se retira por cierre antes de ingresar, 29=se retira por cierre antes de ingresar, 30=se retira por cierre antes de ingresar, 31=se retira por cierre antes de ingresar, 32=se retira por cierre antes de ingresar, 33=esperando afuera, 34=se retira por cierre antes de ingresar, 35=esperando afuera, 36=esperando afuera, 37=esperando afuera, 38=esperando afuera}
MOZOS {1=esperando tareas, 2=tomando pedido mesa 1}
COCINEROS {1=plato Ensalada pronto para mesa 3, 2=plato Milanesa pronto para mesa 3}
CAJEROS {1=cobrando cliente 17 de mesa 3}
MESAS {1=OCUPADA - clientes eligiendo, 2=OCUPADA - clientes eligiendo, 3=SERVIDA - clientes comiendo}

[020012 ms] Cliente 35: se retira por cierre antes de ingresar
CLIENTES {1=pagó y se retiró, 2=pagó y se retiró, 3=pagó y se retiró, 4=pagó y se retiró, 5=pagó y se retiró, 6=pagó y se retiró, 7=pagó y se retiró, 8=pagó y se retiró, 9=pagó y se retiró, 10=pagó y se retiró, 11=pagó y se retiró, 12=pagó y se retiró, 13=pagó y se retiró, 14=pagó y se retiró, 15=pagó y se retiró, 16=pagó y se retiró, 17=en cola de caja, 18=en cola de caja, 19=eligió Pasta - esperando mozo, 20=eligió Pasta - esperando mozo, 21=sentado en mesa 2 - eligiendo menú, 22=sentado en mesa 2 - eligiendo menú, 23=se retira por cierre antes de ingresar, 24=se retira por cierre antes de ingresar, 25=se retira por cierre antes de ingresar, 26=se retira por cierre antes de ingresar, 27=se retira por cierre antes de ingresar, 28=se retira por cierre antes de ingresar, 29=se retira por cierre antes de ingresar, 30=se retira por cierre antes de ingresar, 31=se retira por cierre antes de ingresar, 32=se retira por cierre antes de ingresar, 33=esperando afuera, 34=se retira por cierre antes de ingresar, 35=se retira por cierre antes de ingresar, 36=esperando afuera, 37=esperando afuera, 38=esperando afuera}
MOZOS {1=esperando tareas, 2=tomando pedido mesa 1}
COCINEROS {1=plato Ensalada pronto para mesa 3, 2=plato Milanesa pronto para mesa 3}
CAJEROS {1=cobrando cliente 17 de mesa 3}
MESAS {1=OCUPADA - clientes eligiendo, 2=OCUPADA - clientes eligiendo, 3=SERVIDA - clientes comiendo}

[020012 ms] Cliente 36: se retira por cierre antes de ingresar
CLIENTES {1=pagó y se retiró, 2=pagó y se retiró, 3=pagó y se retiró, 4=pagó y se retiró, 5=pagó y se retiró, 6=pagó y se retiró, 7=pagó y se retiró, 8=pagó y se retiró, 9=pagó y se retiró, 10=pagó y se retiró, 11=pagó y se retiró, 12=pagó y se retiró, 13=pagó y se retiró, 14=pagó y se retiró, 15=pagó y se retiró, 16=pagó y se retiró, 17=en cola de caja, 18=en cola de caja, 19=eligió Pasta - esperando mozo, 20=eligió Pasta - esperando mozo, 21=sentado en mesa 2 - eligiendo menú, 22=sentado en mesa 2 - eligiendo menú, 23=se retira por cierre antes de ingresar, 24=se retira por cierre antes de ingresar, 25=se retira por cierre antes de ingresar, 26=se retira por cierre antes de ingresar, 27=se retira por cierre antes de ingresar, 28=se retira por cierre antes de ingresar, 29=se retira por cierre antes de ingresar, 30=se retira por cierre antes de ingresar, 31=se retira por cierre antes de ingresar, 32=se retira por cierre antes de ingresar, 33=esperando afuera, 34=se retira por cierre antes de ingresar, 35=se retira por cierre antes de ingresar, 36=se retira por cierre antes de ingresar, 37=esperando afuera, 38=esperando afuera}
MOZOS {1=esperando tareas, 2=tomando pedido mesa 1}
COCINEROS {1=plato Ensalada pronto para mesa 3, 2=plato Milanesa pronto para mesa 3}
CAJEROS {1=cobrando cliente 17 de mesa 3}
MESAS {1=OCUPADA - clientes eligiendo, 2=OCUPADA - clientes eligiendo, 3=SERVIDA - clientes comiendo}

[020012 ms] Cliente 38: se retira por cierre antes de ingresar
CLIENTES {1=pagó y se retiró, 2=pagó y se retiró, 3=pagó y se retiró, 4=pagó y se retiró, 5=pagó y se retiró, 6=pagó y se retiró, 7=pagó y se retiró, 8=pagó y se retiró, 9=pagó y se retiró, 10=pagó y se retiró, 11=pagó y se retiró, 12=pagó y se retiró, 13=pagó y se retiró, 14=pagó y se retiró, 15=pagó y se retiró, 16=pagó y se retiró, 17=en cola de caja, 18=en cola de caja, 19=eligió Pasta - esperando mozo, 20=eligió Pasta - esperando mozo, 21=sentado en mesa 2 - eligiendo menú, 22=sentado en mesa 2 - eligiendo menú, 23=se retira por cierre antes de ingresar, 24=se retira por cierre antes de ingresar, 25=se retira por cierre antes de ingresar, 26=se retira por cierre antes de ingresar, 27=se retira por cierre antes de ingresar, 28=se retira por cierre antes de ingresar, 29=se retira por cierre antes de ingresar, 30=se retira por cierre antes de ingresar, 31=se retira por cierre antes de ingresar, 32=se retira por cierre antes de ingresar, 33=esperando afuera, 34=se retira por cierre antes de ingresar, 35=se retira por cierre antes de ingresar, 36=se retira por cierre antes de ingresar, 37=esperando afuera, 38=se retira por cierre antes de ingresar}
MOZOS {1=esperando tareas, 2=tomando pedido mesa 1}
COCINEROS {1=plato Ensalada pronto para mesa 3, 2=plato Milanesa pronto para mesa 3}
CAJEROS {1=cobrando cliente 17 de mesa 3}
MESAS {1=OCUPADA - clientes eligiendo, 2=OCUPADA - clientes eligiendo, 3=SERVIDA - clientes comiendo}

[020012 ms] Cliente 33: se retira por cierre antes de ingresar
CLIENTES {1=pagó y se retiró, 2=pagó y se retiró, 3=pagó y se retiró, 4=pagó y se retiró, 5=pagó y se retiró, 6=pagó y se retiró, 7=pagó y se retiró, 8=pagó y se retiró, 9=pagó y se retiró, 10=pagó y se retiró, 11=pagó y se retiró, 12=pagó y se retiró, 13=pagó y se retiró, 14=pagó y se retiró, 15=pagó y se retiró, 16=pagó y se retiró, 17=en cola de caja, 18=en cola de caja, 19=eligió Pasta - esperando mozo, 20=eligió Pasta - esperando mozo, 21=sentado en mesa 2 - eligiendo menú, 22=sentado en mesa 2 - eligiendo menú, 23=se retira por cierre antes de ingresar, 24=se retira por cierre antes de ingresar, 25=se retira por cierre antes de ingresar, 26=se retira por cierre antes de ingresar, 27=se retira por cierre antes de ingresar, 28=se retira por cierre antes de ingresar, 29=se retira por cierre antes de ingresar, 30=se retira por cierre antes de ingresar, 31=se retira por cierre antes de ingresar, 32=se retira por cierre antes de ingresar, 33=se retira por cierre antes de ingresar, 34=se retira por cierre antes de ingresar, 35=se retira por cierre antes de ingresar, 36=se retira por cierre antes de ingresar, 37=esperando afuera, 38=se retira por cierre antes de ingresar}
MOZOS {1=esperando tareas, 2=tomando pedido mesa 1}
COCINEROS {1=plato Ensalada pronto para mesa 3, 2=plato Milanesa pronto para mesa 3}
CAJEROS {1=cobrando cliente 17 de mesa 3}
MESAS {1=OCUPADA - clientes eligiendo, 2=OCUPADA - clientes eligiendo, 3=SERVIDA - clientes comiendo}

[020012 ms] Cliente 37: se retira por cierre antes de ingresar
CLIENTES {1=pagó y se retiró, 2=pagó y se retiró, 3=pagó y se retiró, 4=pagó y se retiró, 5=pagó y se retiró, 6=pagó y se retiró, 7=pagó y se retiró, 8=pagó y se retiró, 9=pagó y se retiró, 10=pagó y se retiró, 11=pagó y se retiró, 12=pagó y se retiró, 13=pagó y se retiró, 14=pagó y se retiró, 15=pagó y se retiró, 16=pagó y se retiró, 17=en cola de caja, 18=en cola de caja, 19=eligió Pasta - esperando mozo, 20=eligió Pasta - esperando mozo, 21=sentado en mesa 2 - eligiendo menú, 22=sentado en mesa 2 - eligiendo menú, 23=se retira por cierre antes de ingresar, 24=se retira por cierre antes de ingresar, 25=se retira por cierre antes de ingresar, 26=se retira por cierre antes de ingresar, 27=se retira por cierre antes de ingresar, 28=se retira por cierre antes de ingresar, 29=se retira por cierre antes de ingresar, 30=se retira por cierre antes de ingresar, 31=se retira por cierre antes de ingresar, 32=se retira por cierre antes de ingresar, 33=se retira por cierre antes de ingresar, 34=se retira por cierre antes de ingresar, 35=se retira por cierre antes de ingresar, 36=se retira por cierre antes de ingresar, 37=se retira por cierre antes de ingresar, 38=se retira por cierre antes de ingresar}
MOZOS {1=esperando tareas, 2=tomando pedido mesa 1}
COCINEROS {1=plato Ensalada pronto para mesa 3, 2=plato Milanesa pronto para mesa 3}
CAJEROS {1=cobrando cliente 17 de mesa 3}
MESAS {1=OCUPADA - clientes eligiendo, 2=OCUPADA - clientes eligiendo, 3=SERVIDA - clientes comiendo}

[020014 ms] Puertas cerradas: no ingresan más clientes
CLIENTES {1=pagó y se retiró, 2=pagó y se retiró, 3=pagó y se retiró, 4=pagó y se retiró, 5=pagó y se retiró, 6=pagó y se retiró, 7=pagó y se retiró, 8=pagó y se retiró, 9=pagó y se retiró, 10=pagó y se retiró, 11=pagó y se retiró, 12=pagó y se retiró, 13=pagó y se retiró, 14=pagó y se retiró, 15=pagó y se retiró, 16=pagó y se retiró, 17=en cola de caja, 18=en cola de caja, 19=eligió Pasta - esperando mozo, 20=eligió Pasta - esperando mozo, 21=sentado en mesa 2 - eligiendo menú, 22=sentado en mesa 2 - eligiendo menú, 23=se retira por cierre antes de ingresar, 24=se retira por cierre antes de ingresar, 25=se retira por cierre antes de ingresar, 26=se retira por cierre antes de ingresar, 27=se retira por cierre antes de ingresar, 28=se retira por cierre antes de ingresar, 29=se retira por cierre antes de ingresar, 30=se retira por cierre antes de ingresar, 31=se retira por cierre antes de ingresar, 32=se retira por cierre antes de ingresar, 33=se retira por cierre antes de ingresar, 34=se retira por cierre antes de ingresar, 35=se retira por cierre antes de ingresar, 36=se retira por cierre antes de ingresar, 37=se retira por cierre antes de ingresar, 38=se retira por cierre antes de ingresar}
MOZOS {1=esperando tareas, 2=tomando pedido mesa 1}
COCINEROS {1=plato Ensalada pronto para mesa 3, 2=plato Milanesa pronto para mesa 3}
CAJEROS {1=cobrando cliente 17 de mesa 3}
MESAS {1=OCUPADA - clientes eligiendo, 2=OCUPADA - clientes eligiendo, 3=SERVIDA - clientes comiendo}

[020014 ms] Cliente 19: se retira: el restaurante cerró antes del pedido
CLIENTES {1=pagó y se retiró, 2=pagó y se retiró, 3=pagó y se retiró, 4=pagó y se retiró, 5=pagó y se retiró, 6=pagó y se retiró, 7=pagó y se retiró, 8=pagó y se retiró, 9=pagó y se retiró, 10=pagó y se retiró, 11=pagó y se retiró, 12=pagó y se retiró, 13=pagó y se retiró, 14=pagó y se retiró, 15=pagó y se retiró, 16=pagó y se retiró, 17=en cola de caja, 18=en cola de caja, 19=se retira: el restaurante cerró antes del pedido, 20=eligió Pasta - esperando mozo, 21=sentado en mesa 2 - eligiendo menú, 22=sentado en mesa 2 - eligiendo menú, 23=se retira por cierre antes de ingresar, 24=se retira por cierre antes de ingresar, 25=se retira por cierre antes de ingresar, 26=se retira por cierre antes de ingresar, 27=se retira por cierre antes de ingresar, 28=se retira por cierre antes de ingresar, 29=se retira por cierre antes de ingresar, 30=se retira por cierre antes de ingresar, 31=se retira por cierre antes de ingresar, 32=se retira por cierre antes de ingresar, 33=se retira por cierre antes de ingresar, 34=se retira por cierre antes de ingresar, 35=se retira por cierre antes de ingresar, 36=se retira por cierre antes de ingresar, 37=se retira por cierre antes de ingresar, 38=se retira por cierre antes de ingresar}
MOZOS {1=esperando tareas, 2=tomando pedido mesa 1}
COCINEROS {1=plato Ensalada pronto para mesa 3, 2=plato Milanesa pronto para mesa 3}
CAJEROS {1=cobrando cliente 17 de mesa 3}
MESAS {1=OCUPADA - clientes eligiendo, 2=OCUPADA - clientes eligiendo, 3=SERVIDA - clientes comiendo}

[020014 ms] Cliente 20: se retira: el restaurante cerró antes del pedido
CLIENTES {1=pagó y se retiró, 2=pagó y se retiró, 3=pagó y se retiró, 4=pagó y se retiró, 5=pagó y se retiró, 6=pagó y se retiró, 7=pagó y se retiró, 8=pagó y se retiró, 9=pagó y se retiró, 10=pagó y se retiró, 11=pagó y se retiró, 12=pagó y se retiró, 13=pagó y se retiró, 14=pagó y se retiró, 15=pagó y se retiró, 16=pagó y se retiró, 17=en cola de caja, 18=en cola de caja, 19=se retira: el restaurante cerró antes del pedido, 20=se retira: el restaurante cerró antes del pedido, 21=sentado en mesa 2 - eligiendo menú, 22=sentado en mesa 2 - eligiendo menú, 23=se retira por cierre antes de ingresar, 24=se retira por cierre antes de ingresar, 25=se retira por cierre antes de ingresar, 26=se retira por cierre antes de ingresar, 27=se retira por cierre antes de ingresar, 28=se retira por cierre antes de ingresar, 29=se retira por cierre antes de ingresar, 30=se retira por cierre antes de ingresar, 31=se retira por cierre antes de ingresar, 32=se retira por cierre antes de ingresar, 33=se retira por cierre antes de ingresar, 34=se retira por cierre antes de ingresar, 35=se retira por cierre antes de ingresar, 36=se retira por cierre antes de ingresar, 37=se retira por cierre antes de ingresar, 38=se retira por cierre antes de ingresar}
MOZOS {1=esperando tareas, 2=tomando pedido mesa 1}
COCINEROS {1=plato Ensalada pronto para mesa 3, 2=plato Milanesa pronto para mesa 3}
CAJEROS {1=cobrando cliente 17 de mesa 3}
MESAS {1=OCUPADA - clientes eligiendo, 2=OCUPADA - clientes eligiendo, 3=SERVIDA - clientes comiendo}

[020014 ms] Mesa 1: VACIA - esperando limpieza
CLIENTES {1=pagó y se retiró, 2=pagó y se retiró, 3=pagó y se retiró, 4=pagó y se retiró, 5=pagó y se retiró, 6=pagó y se retiró, 7=pagó y se retiró, 8=pagó y se retiró, 9=pagó y se retiró, 10=pagó y se retiró, 11=pagó y se retiró, 12=pagó y se retiró, 13=pagó y se retiró, 14=pagó y se retiró, 15=pagó y se retiró, 16=pagó y se retiró, 17=en cola de caja, 18=en cola de caja, 19=se retira: el restaurante cerró antes del pedido, 20=se retira: el restaurante cerró antes del pedido, 21=sentado en mesa 2 - eligiendo menú, 22=sentado en mesa 2 - eligiendo menú, 23=se retira por cierre antes de ingresar, 24=se retira por cierre antes de ingresar, 25=se retira por cierre antes de ingresar, 26=se retira por cierre antes de ingresar, 27=se retira por cierre antes de ingresar, 28=se retira por cierre antes de ingresar, 29=se retira por cierre antes de ingresar, 30=se retira por cierre antes de ingresar, 31=se retira por cierre antes de ingresar, 32=se retira por cierre antes de ingresar, 33=se retira por cierre antes de ingresar, 34=se retira por cierre antes de ingresar, 35=se retira por cierre antes de ingresar, 36=se retira por cierre antes de ingresar, 37=se retira por cierre antes de ingresar, 38=se retira por cierre antes de ingresar}
MOZOS {1=esperando tareas, 2=tomando pedido mesa 1}
COCINEROS {1=plato Ensalada pronto para mesa 3, 2=plato Milanesa pronto para mesa 3}
CAJEROS {1=cobrando cliente 17 de mesa 3}
MESAS {1=VACIA - esperando limpieza, 2=OCUPADA - clientes eligiendo, 3=SERVIDA - clientes comiendo}

[020014 ms] Mozo 1: limpiando mesa 1
CLIENTES {1=pagó y se retiró, 2=pagó y se retiró, 3=pagó y se retiró, 4=pagó y se retiró, 5=pagó y se retiró, 6=pagó y se retiró, 7=pagó y se retiró, 8=pagó y se retiró, 9=pagó y se retiró, 10=pagó y se retiró, 11=pagó y se retiró, 12=pagó y se retiró, 13=pagó y se retiró, 14=pagó y se retiró, 15=pagó y se retiró, 16=pagó y se retiró, 17=en cola de caja, 18=en cola de caja, 19=se retira: el restaurante cerró antes del pedido, 20=se retira: el restaurante cerró antes del pedido, 21=sentado en mesa 2 - eligiendo menú, 22=sentado en mesa 2 - eligiendo menú, 23=se retira por cierre antes de ingresar, 24=se retira por cierre antes de ingresar, 25=se retira por cierre antes de ingresar, 26=se retira por cierre antes de ingresar, 27=se retira por cierre antes de ingresar, 28=se retira por cierre antes de ingresar, 29=se retira por cierre antes de ingresar, 30=se retira por cierre antes de ingresar, 31=se retira por cierre antes de ingresar, 32=se retira por cierre antes de ingresar, 33=se retira por cierre antes de ingresar, 34=se retira por cierre antes de ingresar, 35=se retira por cierre antes de ingresar, 36=se retira por cierre antes de ingresar, 37=se retira por cierre antes de ingresar, 38=se retira por cierre antes de ingresar}
MOZOS {1=limpiando mesa 1, 2=tomando pedido mesa 1}
COCINEROS {1=plato Ensalada pronto para mesa 3, 2=plato Milanesa pronto para mesa 3}
CAJEROS {1=cobrando cliente 17 de mesa 3}
MESAS {1=VACIA - esperando limpieza, 2=OCUPADA - clientes eligiendo, 3=SERVIDA - clientes comiendo}

[020032 ms] Cajero 1: esperando clientes
CLIENTES {1=pagó y se retiró, 2=pagó y se retiró, 3=pagó y se retiró, 4=pagó y se retiró, 5=pagó y se retiró, 6=pagó y se retiró, 7=pagó y se retiró, 8=pagó y se retiró, 9=pagó y se retiró, 10=pagó y se retiró, 11=pagó y se retiró, 12=pagó y se retiró, 13=pagó y se retiró, 14=pagó y se retiró, 15=pagó y se retiró, 16=pagó y se retiró, 17=en cola de caja, 18=en cola de caja, 19=se retira: el restaurante cerró antes del pedido, 20=se retira: el restaurante cerró antes del pedido, 21=sentado en mesa 2 - eligiendo menú, 22=sentado en mesa 2 - eligiendo menú, 23=se retira por cierre antes de ingresar, 24=se retira por cierre antes de ingresar, 25=se retira por cierre antes de ingresar, 26=se retira por cierre antes de ingresar, 27=se retira por cierre antes de ingresar, 28=se retira por cierre antes de ingresar, 29=se retira por cierre antes de ingresar, 30=se retira por cierre antes de ingresar, 31=se retira por cierre antes de ingresar, 32=se retira por cierre antes de ingresar, 33=se retira por cierre antes de ingresar, 34=se retira por cierre antes de ingresar, 35=se retira por cierre antes de ingresar, 36=se retira por cierre antes de ingresar, 37=se retira por cierre antes de ingresar, 38=se retira por cierre antes de ingresar}
MOZOS {1=limpiando mesa 1, 2=tomando pedido mesa 1}
COCINEROS {1=plato Ensalada pronto para mesa 3, 2=plato Milanesa pronto para mesa 3}
CAJEROS {1=esperando clientes}
MESAS {1=VACIA - esperando limpieza, 2=OCUPADA - clientes eligiendo, 3=SERVIDA - clientes comiendo}

[020032 ms] Cajero 1: cobrando cliente 18 de mesa 3
CLIENTES {1=pagó y se retiró, 2=pagó y se retiró, 3=pagó y se retiró, 4=pagó y se retiró, 5=pagó y se retiró, 6=pagó y se retiró, 7=pagó y se retiró, 8=pagó y se retiró, 9=pagó y se retiró, 10=pagó y se retiró, 11=pagó y se retiró, 12=pagó y se retiró, 13=pagó y se retiró, 14=pagó y se retiró, 15=pagó y se retiró, 16=pagó y se retiró, 17=en cola de caja, 18=en cola de caja, 19=se retira: el restaurante cerró antes del pedido, 20=se retira: el restaurante cerró antes del pedido, 21=sentado en mesa 2 - eligiendo menú, 22=sentado en mesa 2 - eligiendo menú, 23=se retira por cierre antes de ingresar, 24=se retira por cierre antes de ingresar, 25=se retira por cierre antes de ingresar, 26=se retira por cierre antes de ingresar, 27=se retira por cierre antes de ingresar, 28=se retira por cierre antes de ingresar, 29=se retira por cierre antes de ingresar, 30=se retira por cierre antes de ingresar, 31=se retira por cierre antes de ingresar, 32=se retira por cierre antes de ingresar, 33=se retira por cierre antes de ingresar, 34=se retira por cierre antes de ingresar, 35=se retira por cierre antes de ingresar, 36=se retira por cierre antes de ingresar, 37=se retira por cierre antes de ingresar, 38=se retira por cierre antes de ingresar}
MOZOS {1=limpiando mesa 1, 2=tomando pedido mesa 1}
COCINEROS {1=plato Ensalada pronto para mesa 3, 2=plato Milanesa pronto para mesa 3}
CAJEROS {1=cobrando cliente 18 de mesa 3}
MESAS {1=VACIA - esperando limpieza, 2=OCUPADA - clientes eligiendo, 3=SERVIDA - clientes comiendo}

[020032 ms] Cliente 17: pagó y se retiró
CLIENTES {1=pagó y se retiró, 2=pagó y se retiró, 3=pagó y se retiró, 4=pagó y se retiró, 5=pagó y se retiró, 6=pagó y se retiró, 7=pagó y se retiró, 8=pagó y se retiró, 9=pagó y se retiró, 10=pagó y se retiró, 11=pagó y se retiró, 12=pagó y se retiró, 13=pagó y se retiró, 14=pagó y se retiró, 15=pagó y se retiró, 16=pagó y se retiró, 17=pagó y se retiró, 18=en cola de caja, 19=se retira: el restaurante cerró antes del pedido, 20=se retira: el restaurante cerró antes del pedido, 21=sentado en mesa 2 - eligiendo menú, 22=sentado en mesa 2 - eligiendo menú, 23=se retira por cierre antes de ingresar, 24=se retira por cierre antes de ingresar, 25=se retira por cierre antes de ingresar, 26=se retira por cierre antes de ingresar, 27=se retira por cierre antes de ingresar, 28=se retira por cierre antes de ingresar, 29=se retira por cierre antes de ingresar, 30=se retira por cierre antes de ingresar, 31=se retira por cierre antes de ingresar, 32=se retira por cierre antes de ingresar, 33=se retira por cierre antes de ingresar, 34=se retira por cierre antes de ingresar, 35=se retira por cierre antes de ingresar, 36=se retira por cierre antes de ingresar, 37=se retira por cierre antes de ingresar, 38=se retira por cierre antes de ingresar}
MOZOS {1=limpiando mesa 1, 2=tomando pedido mesa 1}
COCINEROS {1=plato Ensalada pronto para mesa 3, 2=plato Milanesa pronto para mesa 3}
CAJEROS {1=cobrando cliente 18 de mesa 3}
MESAS {1=VACIA - esperando limpieza, 2=OCUPADA - clientes eligiendo, 3=SERVIDA - clientes comiendo}

[020404 ms] Mesa 1: LIBRE
CLIENTES {1=pagó y se retiró, 2=pagó y se retiró, 3=pagó y se retiró, 4=pagó y se retiró, 5=pagó y se retiró, 6=pagó y se retiró, 7=pagó y se retiró, 8=pagó y se retiró, 9=pagó y se retiró, 10=pagó y se retiró, 11=pagó y se retiró, 12=pagó y se retiró, 13=pagó y se retiró, 14=pagó y se retiró, 15=pagó y se retiró, 16=pagó y se retiró, 17=pagó y se retiró, 18=en cola de caja, 19=se retira: el restaurante cerró antes del pedido, 20=se retira: el restaurante cerró antes del pedido, 21=sentado en mesa 2 - eligiendo menú, 22=sentado en mesa 2 - eligiendo menú, 23=se retira por cierre antes de ingresar, 24=se retira por cierre antes de ingresar, 25=se retira por cierre antes de ingresar, 26=se retira por cierre antes de ingresar, 27=se retira por cierre antes de ingresar, 28=se retira por cierre antes de ingresar, 29=se retira por cierre antes de ingresar, 30=se retira por cierre antes de ingresar, 31=se retira por cierre antes de ingresar, 32=se retira por cierre antes de ingresar, 33=se retira por cierre antes de ingresar, 34=se retira por cierre antes de ingresar, 35=se retira por cierre antes de ingresar, 36=se retira por cierre antes de ingresar, 37=se retira por cierre antes de ingresar, 38=se retira por cierre antes de ingresar}
MOZOS {1=limpiando mesa 1, 2=tomando pedido mesa 1}
COCINEROS {1=plato Ensalada pronto para mesa 3, 2=plato Milanesa pronto para mesa 3}
CAJEROS {1=cobrando cliente 18 de mesa 3}
MESAS {1=LIBRE, 2=OCUPADA - clientes eligiendo, 3=SERVIDA - clientes comiendo}

[020404 ms] Mozo 1: esperando tareas
CLIENTES {1=pagó y se retiró, 2=pagó y se retiró, 3=pagó y se retiró, 4=pagó y se retiró, 5=pagó y se retiró, 6=pagó y se retiró, 7=pagó y se retiró, 8=pagó y se retiró, 9=pagó y se retiró, 10=pagó y se retiró, 11=pagó y se retiró, 12=pagó y se retiró, 13=pagó y se retiró, 14=pagó y se retiró, 15=pagó y se retiró, 16=pagó y se retiró, 17=pagó y se retiró, 18=en cola de caja, 19=se retira: el restaurante cerró antes del pedido, 20=se retira: el restaurante cerró antes del pedido, 21=sentado en mesa 2 - eligiendo menú, 22=sentado en mesa 2 - eligiendo menú, 23=se retira por cierre antes de ingresar, 24=se retira por cierre antes de ingresar, 25=se retira por cierre antes de ingresar, 26=se retira por cierre antes de ingresar, 27=se retira por cierre antes de ingresar, 28=se retira por cierre antes de ingresar, 29=se retira por cierre antes de ingresar, 30=se retira por cierre antes de ingresar, 31=se retira por cierre antes de ingresar, 32=se retira por cierre antes de ingresar, 33=se retira por cierre antes de ingresar, 34=se retira por cierre antes de ingresar, 35=se retira por cierre antes de ingresar, 36=se retira por cierre antes de ingresar, 37=se retira por cierre antes de ingresar, 38=se retira por cierre antes de ingresar}
MOZOS {1=esperando tareas, 2=tomando pedido mesa 1}
COCINEROS {1=plato Ensalada pronto para mesa 3, 2=plato Milanesa pronto para mesa 3}
CAJEROS {1=cobrando cliente 18 de mesa 3}
MESAS {1=LIBRE, 2=OCUPADA - clientes eligiendo, 3=SERVIDA - clientes comiendo}

[020429 ms] Mozo 2: pedido mesa 1 cancelado por cierre
CLIENTES {1=pagó y se retiró, 2=pagó y se retiró, 3=pagó y se retiró, 4=pagó y se retiró, 5=pagó y se retiró, 6=pagó y se retiró, 7=pagó y se retiró, 8=pagó y se retiró, 9=pagó y se retiró, 10=pagó y se retiró, 11=pagó y se retiró, 12=pagó y se retiró, 13=pagó y se retiró, 14=pagó y se retiró, 15=pagó y se retiró, 16=pagó y se retiró, 17=pagó y se retiró, 18=en cola de caja, 19=se retira: el restaurante cerró antes del pedido, 20=se retira: el restaurante cerró antes del pedido, 21=sentado en mesa 2 - eligiendo menú, 22=sentado en mesa 2 - eligiendo menú, 23=se retira por cierre antes de ingresar, 24=se retira por cierre antes de ingresar, 25=se retira por cierre antes de ingresar, 26=se retira por cierre antes de ingresar, 27=se retira por cierre antes de ingresar, 28=se retira por cierre antes de ingresar, 29=se retira por cierre antes de ingresar, 30=se retira por cierre antes de ingresar, 31=se retira por cierre antes de ingresar, 32=se retira por cierre antes de ingresar, 33=se retira por cierre antes de ingresar, 34=se retira por cierre antes de ingresar, 35=se retira por cierre antes de ingresar, 36=se retira por cierre antes de ingresar, 37=se retira por cierre antes de ingresar, 38=se retira por cierre antes de ingresar}
MOZOS {1=esperando tareas, 2=pedido mesa 1 cancelado por cierre}
COCINEROS {1=plato Ensalada pronto para mesa 3, 2=plato Milanesa pronto para mesa 3}
CAJEROS {1=cobrando cliente 18 de mesa 3}
MESAS {1=LIBRE, 2=OCUPADA - clientes eligiendo, 3=SERVIDA - clientes comiendo}

[020534 ms] Cliente 22: eligió Pasta - esperando mozo
CLIENTES {1=pagó y se retiró, 2=pagó y se retiró, 3=pagó y se retiró, 4=pagó y se retiró, 5=pagó y se retiró, 6=pagó y se retiró, 7=pagó y se retiró, 8=pagó y se retiró, 9=pagó y se retiró, 10=pagó y se retiró, 11=pagó y se retiró, 12=pagó y se retiró, 13=pagó y se retiró, 14=pagó y se retiró, 15=pagó y se retiró, 16=pagó y se retiró, 17=pagó y se retiró, 18=en cola de caja, 19=se retira: el restaurante cerró antes del pedido, 20=se retira: el restaurante cerró antes del pedido, 21=sentado en mesa 2 - eligiendo menú, 22=eligió Pasta - esperando mozo, 23=se retira por cierre antes de ingresar, 24=se retira por cierre antes de ingresar, 25=se retira por cierre antes de ingresar, 26=se retira por cierre antes de ingresar, 27=se retira por cierre antes de ingresar, 28=se retira por cierre antes de ingresar, 29=se retira por cierre antes de ingresar, 30=se retira por cierre antes de ingresar, 31=se retira por cierre antes de ingresar, 32=se retira por cierre antes de ingresar, 33=se retira por cierre antes de ingresar, 34=se retira por cierre antes de ingresar, 35=se retira por cierre antes de ingresar, 36=se retira por cierre antes de ingresar, 37=se retira por cierre antes de ingresar, 38=se retira por cierre antes de ingresar}
MOZOS {1=esperando tareas, 2=pedido mesa 1 cancelado por cierre}
COCINEROS {1=plato Ensalada pronto para mesa 3, 2=plato Milanesa pronto para mesa 3}
CAJEROS {1=cobrando cliente 18 de mesa 3}
MESAS {1=LIBRE, 2=OCUPADA - clientes eligiendo, 3=SERVIDA - clientes comiendo}

[020534 ms] Cliente 22: se retira: el restaurante cerró antes del pedido
CLIENTES {1=pagó y se retiró, 2=pagó y se retiró, 3=pagó y se retiró, 4=pagó y se retiró, 5=pagó y se retiró, 6=pagó y se retiró, 7=pagó y se retiró, 8=pagó y se retiró, 9=pagó y se retiró, 10=pagó y se retiró, 11=pagó y se retiró, 12=pagó y se retiró, 13=pagó y se retiró, 14=pagó y se retiró, 15=pagó y se retiró, 16=pagó y se retiró, 17=pagó y se retiró, 18=en cola de caja, 19=se retira: el restaurante cerró antes del pedido, 20=se retira: el restaurante cerró antes del pedido, 21=sentado en mesa 2 - eligiendo menú, 22=se retira: el restaurante cerró antes del pedido, 23=se retira por cierre antes de ingresar, 24=se retira por cierre antes de ingresar, 25=se retira por cierre antes de ingresar, 26=se retira por cierre antes de ingresar, 27=se retira por cierre antes de ingresar, 28=se retira por cierre antes de ingresar, 29=se retira por cierre antes de ingresar, 30=se retira por cierre antes de ingresar, 31=se retira por cierre antes de ingresar, 32=se retira por cierre antes de ingresar, 33=se retira por cierre antes de ingresar, 34=se retira por cierre antes de ingresar, 35=se retira por cierre antes de ingresar, 36=se retira por cierre antes de ingresar, 37=se retira por cierre antes de ingresar, 38=se retira por cierre antes de ingresar}
MOZOS {1=esperando tareas, 2=pedido mesa 1 cancelado por cierre}
COCINEROS {1=plato Ensalada pronto para mesa 3, 2=plato Milanesa pronto para mesa 3}
CAJEROS {1=cobrando cliente 18 de mesa 3}
MESAS {1=LIBRE, 2=OCUPADA - clientes eligiendo, 3=SERVIDA - clientes comiendo}

[020706 ms] Cajero 1: esperando clientes
CLIENTES {1=pagó y se retiró, 2=pagó y se retiró, 3=pagó y se retiró, 4=pagó y se retiró, 5=pagó y se retiró, 6=pagó y se retiró, 7=pagó y se retiró, 8=pagó y se retiró, 9=pagó y se retiró, 10=pagó y se retiró, 11=pagó y se retiró, 12=pagó y se retiró, 13=pagó y se retiró, 14=pagó y se retiró, 15=pagó y se retiró, 16=pagó y se retiró, 17=pagó y se retiró, 18=en cola de caja, 19=se retira: el restaurante cerró antes del pedido, 20=se retira: el restaurante cerró antes del pedido, 21=sentado en mesa 2 - eligiendo menú, 22=se retira: el restaurante cerró antes del pedido, 23=se retira por cierre antes de ingresar, 24=se retira por cierre antes de ingresar, 25=se retira por cierre antes de ingresar, 26=se retira por cierre antes de ingresar, 27=se retira por cierre antes de ingresar, 28=se retira por cierre antes de ingresar, 29=se retira por cierre antes de ingresar, 30=se retira por cierre antes de ingresar, 31=se retira por cierre antes de ingresar, 32=se retira por cierre antes de ingresar, 33=se retira por cierre antes de ingresar, 34=se retira por cierre antes de ingresar, 35=se retira por cierre antes de ingresar, 36=se retira por cierre antes de ingresar, 37=se retira por cierre antes de ingresar, 38=se retira por cierre antes de ingresar}
MOZOS {1=esperando tareas, 2=pedido mesa 1 cancelado por cierre}
COCINEROS {1=plato Ensalada pronto para mesa 3, 2=plato Milanesa pronto para mesa 3}
CAJEROS {1=esperando clientes}
MESAS {1=LIBRE, 2=OCUPADA - clientes eligiendo, 3=SERVIDA - clientes comiendo}

[020706 ms] Cliente 18: pagó y se retiró
CLIENTES {1=pagó y se retiró, 2=pagó y se retiró, 3=pagó y se retiró, 4=pagó y se retiró, 5=pagó y se retiró, 6=pagó y se retiró, 7=pagó y se retiró, 8=pagó y se retiró, 9=pagó y se retiró, 10=pagó y se retiró, 11=pagó y se retiró, 12=pagó y se retiró, 13=pagó y se retiró, 14=pagó y se retiró, 15=pagó y se retiró, 16=pagó y se retiró, 17=pagó y se retiró, 18=pagó y se retiró, 19=se retira: el restaurante cerró antes del pedido, 20=se retira: el restaurante cerró antes del pedido, 21=sentado en mesa 2 - eligiendo menú, 22=se retira: el restaurante cerró antes del pedido, 23=se retira por cierre antes de ingresar, 24=se retira por cierre antes de ingresar, 25=se retira por cierre antes de ingresar, 26=se retira por cierre antes de ingresar, 27=se retira por cierre antes de ingresar, 28=se retira por cierre antes de ingresar, 29=se retira por cierre antes de ingresar, 30=se retira por cierre antes de ingresar, 31=se retira por cierre antes de ingresar, 32=se retira por cierre antes de ingresar, 33=se retira por cierre antes de ingresar, 34=se retira por cierre antes de ingresar, 35=se retira por cierre antes de ingresar, 36=se retira por cierre antes de ingresar, 37=se retira por cierre antes de ingresar, 38=se retira por cierre antes de ingresar}
MOZOS {1=esperando tareas, 2=pedido mesa 1 cancelado por cierre}
COCINEROS {1=plato Ensalada pronto para mesa 3, 2=plato Milanesa pronto para mesa 3}
CAJEROS {1=esperando clientes}
MESAS {1=LIBRE, 2=OCUPADA - clientes eligiendo, 3=SERVIDA - clientes comiendo}

[020706 ms] Mesa 3: VACIA - esperando limpieza
CLIENTES {1=pagó y se retiró, 2=pagó y se retiró, 3=pagó y se retiró, 4=pagó y se retiró, 5=pagó y se retiró, 6=pagó y se retiró, 7=pagó y se retiró, 8=pagó y se retiró, 9=pagó y se retiró, 10=pagó y se retiró, 11=pagó y se retiró, 12=pagó y se retiró, 13=pagó y se retiró, 14=pagó y se retiró, 15=pagó y se retiró, 16=pagó y se retiró, 17=pagó y se retiró, 18=pagó y se retiró, 19=se retira: el restaurante cerró antes del pedido, 20=se retira: el restaurante cerró antes del pedido, 21=sentado en mesa 2 - eligiendo menú, 22=se retira: el restaurante cerró antes del pedido, 23=se retira por cierre antes de ingresar, 24=se retira por cierre antes de ingresar, 25=se retira por cierre antes de ingresar, 26=se retira por cierre antes de ingresar, 27=se retira por cierre antes de ingresar, 28=se retira por cierre antes de ingresar, 29=se retira por cierre antes de ingresar, 30=se retira por cierre antes de ingresar, 31=se retira por cierre antes de ingresar, 32=se retira por cierre antes de ingresar, 33=se retira por cierre antes de ingresar, 34=se retira por cierre antes de ingresar, 35=se retira por cierre antes de ingresar, 36=se retira por cierre antes de ingresar, 37=se retira por cierre antes de ingresar, 38=se retira por cierre antes de ingresar}
MOZOS {1=esperando tareas, 2=pedido mesa 1 cancelado por cierre}
COCINEROS {1=plato Ensalada pronto para mesa 3, 2=plato Milanesa pronto para mesa 3}
CAJEROS {1=esperando clientes}
MESAS {1=LIBRE, 2=OCUPADA - clientes eligiendo, 3=VACIA - esperando limpieza}

[020706 ms] Mozo 2: limpiando mesa 3
CLIENTES {1=pagó y se retiró, 2=pagó y se retiró, 3=pagó y se retiró, 4=pagó y se retiró, 5=pagó y se retiró, 6=pagó y se retiró, 7=pagó y se retiró, 8=pagó y se retiró, 9=pagó y se retiró, 10=pagó y se retiró, 11=pagó y se retiró, 12=pagó y se retiró, 13=pagó y se retiró, 14=pagó y se retiró, 15=pagó y se retiró, 16=pagó y se retiró, 17=pagó y se retiró, 18=pagó y se retiró, 19=se retira: el restaurante cerró antes del pedido, 20=se retira: el restaurante cerró antes del pedido, 21=sentado en mesa 2 - eligiendo menú, 22=se retira: el restaurante cerró antes del pedido, 23=se retira por cierre antes de ingresar, 24=se retira por cierre antes de ingresar, 25=se retira por cierre antes de ingresar, 26=se retira por cierre antes de ingresar, 27=se retira por cierre antes de ingresar, 28=se retira por cierre antes de ingresar, 29=se retira por cierre antes de ingresar, 30=se retira por cierre antes de ingresar, 31=se retira por cierre antes de ingresar, 32=se retira por cierre antes de ingresar, 33=se retira por cierre antes de ingresar, 34=se retira por cierre antes de ingresar, 35=se retira por cierre antes de ingresar, 36=se retira por cierre antes de ingresar, 37=se retira por cierre antes de ingresar, 38=se retira por cierre antes de ingresar}
MOZOS {1=esperando tareas, 2=limpiando mesa 3}
COCINEROS {1=plato Ensalada pronto para mesa 3, 2=plato Milanesa pronto para mesa 3}
CAJEROS {1=esperando clientes}
MESAS {1=LIBRE, 2=OCUPADA - clientes eligiendo, 3=VACIA - esperando limpieza}

[020858 ms] Cliente 21: eligió Ensalada - esperando mozo
CLIENTES {1=pagó y se retiró, 2=pagó y se retiró, 3=pagó y se retiró, 4=pagó y se retiró, 5=pagó y se retiró, 6=pagó y se retiró, 7=pagó y se retiró, 8=pagó y se retiró, 9=pagó y se retiró, 10=pagó y se retiró, 11=pagó y se retiró, 12=pagó y se retiró, 13=pagó y se retiró, 14=pagó y se retiró, 15=pagó y se retiró, 16=pagó y se retiró, 17=pagó y se retiró, 18=pagó y se retiró, 19=se retira: el restaurante cerró antes del pedido, 20=se retira: el restaurante cerró antes del pedido, 21=eligió Ensalada - esperando mozo, 22=se retira: el restaurante cerró antes del pedido, 23=se retira por cierre antes de ingresar, 24=se retira por cierre antes de ingresar, 25=se retira por cierre antes de ingresar, 26=se retira por cierre antes de ingresar, 27=se retira por cierre antes de ingresar, 28=se retira por cierre antes de ingresar, 29=se retira por cierre antes de ingresar, 30=se retira por cierre antes de ingresar, 31=se retira por cierre antes de ingresar, 32=se retira por cierre antes de ingresar, 33=se retira por cierre antes de ingresar, 34=se retira por cierre antes de ingresar, 35=se retira por cierre antes de ingresar, 36=se retira por cierre antes de ingresar, 37=se retira por cierre antes de ingresar, 38=se retira por cierre antes de ingresar}
MOZOS {1=esperando tareas, 2=limpiando mesa 3}
COCINEROS {1=plato Ensalada pronto para mesa 3, 2=plato Milanesa pronto para mesa 3}
CAJEROS {1=esperando clientes}
MESAS {1=LIBRE, 2=OCUPADA - clientes eligiendo, 3=VACIA - esperando limpieza}

[020858 ms] Cliente 21: se retira: el restaurante cerró antes del pedido
CLIENTES {1=pagó y se retiró, 2=pagó y se retiró, 3=pagó y se retiró, 4=pagó y se retiró, 5=pagó y se retiró, 6=pagó y se retiró, 7=pagó y se retiró, 8=pagó y se retiró, 9=pagó y se retiró, 10=pagó y se retiró, 11=pagó y se retiró, 12=pagó y se retiró, 13=pagó y se retiró, 14=pagó y se retiró, 15=pagó y se retiró, 16=pagó y se retiró, 17=pagó y se retiró, 18=pagó y se retiró, 19=se retira: el restaurante cerró antes del pedido, 20=se retira: el restaurante cerró antes del pedido, 21=se retira: el restaurante cerró antes del pedido, 22=se retira: el restaurante cerró antes del pedido, 23=se retira por cierre antes de ingresar, 24=se retira por cierre antes de ingresar, 25=se retira por cierre antes de ingresar, 26=se retira por cierre antes de ingresar, 27=se retira por cierre antes de ingresar, 28=se retira por cierre antes de ingresar, 29=se retira por cierre antes de ingresar, 30=se retira por cierre antes de ingresar, 31=se retira por cierre antes de ingresar, 32=se retira por cierre antes de ingresar, 33=se retira por cierre antes de ingresar, 34=se retira por cierre antes de ingresar, 35=se retira por cierre antes de ingresar, 36=se retira por cierre antes de ingresar, 37=se retira por cierre antes de ingresar, 38=se retira por cierre antes de ingresar}
MOZOS {1=esperando tareas, 2=limpiando mesa 3}
COCINEROS {1=plato Ensalada pronto para mesa 3, 2=plato Milanesa pronto para mesa 3}
CAJEROS {1=esperando clientes}
MESAS {1=LIBRE, 2=OCUPADA - clientes eligiendo, 3=VACIA - esperando limpieza}

[020858 ms] Mesa 2: VACIA - esperando limpieza
CLIENTES {1=pagó y se retiró, 2=pagó y se retiró, 3=pagó y se retiró, 4=pagó y se retiró, 5=pagó y se retiró, 6=pagó y se retiró, 7=pagó y se retiró, 8=pagó y se retiró, 9=pagó y se retiró, 10=pagó y se retiró, 11=pagó y se retiró, 12=pagó y se retiró, 13=pagó y se retiró, 14=pagó y se retiró, 15=pagó y se retiró, 16=pagó y se retiró, 17=pagó y se retiró, 18=pagó y se retiró, 19=se retira: el restaurante cerró antes del pedido, 20=se retira: el restaurante cerró antes del pedido, 21=se retira: el restaurante cerró antes del pedido, 22=se retira: el restaurante cerró antes del pedido, 23=se retira por cierre antes de ingresar, 24=se retira por cierre antes de ingresar, 25=se retira por cierre antes de ingresar, 26=se retira por cierre antes de ingresar, 27=se retira por cierre antes de ingresar, 28=se retira por cierre antes de ingresar, 29=se retira por cierre antes de ingresar, 30=se retira por cierre antes de ingresar, 31=se retira por cierre antes de ingresar, 32=se retira por cierre antes de ingresar, 33=se retira por cierre antes de ingresar, 34=se retira por cierre antes de ingresar, 35=se retira por cierre antes de ingresar, 36=se retira por cierre antes de ingresar, 37=se retira por cierre antes de ingresar, 38=se retira por cierre antes de ingresar}
MOZOS {1=esperando tareas, 2=limpiando mesa 3}
COCINEROS {1=plato Ensalada pronto para mesa 3, 2=plato Milanesa pronto para mesa 3}
CAJEROS {1=esperando clientes}
MESAS {1=LIBRE, 2=VACIA - esperando limpieza, 3=VACIA - esperando limpieza}

[020858 ms] Mozo 1: limpiando mesa 2
CLIENTES {1=pagó y se retiró, 2=pagó y se retiró, 3=pagó y se retiró, 4=pagó y se retiró, 5=pagó y se retiró, 6=pagó y se retiró, 7=pagó y se retiró, 8=pagó y se retiró, 9=pagó y se retiró, 10=pagó y se retiró, 11=pagó y se retiró, 12=pagó y se retiró, 13=pagó y se retiró, 14=pagó y se retiró, 15=pagó y se retiró, 16=pagó y se retiró, 17=pagó y se retiró, 18=pagó y se retiró, 19=se retira: el restaurante cerró antes del pedido, 20=se retira: el restaurante cerró antes del pedido, 21=se retira: el restaurante cerró antes del pedido, 22=se retira: el restaurante cerró antes del pedido, 23=se retira por cierre antes de ingresar, 24=se retira por cierre antes de ingresar, 25=se retira por cierre antes de ingresar, 26=se retira por cierre antes de ingresar, 27=se retira por cierre antes de ingresar, 28=se retira por cierre antes de ingresar, 29=se retira por cierre antes de ingresar, 30=se retira por cierre antes de ingresar, 31=se retira por cierre antes de ingresar, 32=se retira por cierre antes de ingresar, 33=se retira por cierre antes de ingresar, 34=se retira por cierre antes de ingresar, 35=se retira por cierre antes de ingresar, 36=se retira por cierre antes de ingresar, 37=se retira por cierre antes de ingresar, 38=se retira por cierre antes de ingresar}
MOZOS {1=limpiando mesa 2, 2=limpiando mesa 3}
COCINEROS {1=plato Ensalada pronto para mesa 3, 2=plato Milanesa pronto para mesa 3}
CAJEROS {1=esperando clientes}
MESAS {1=LIBRE, 2=VACIA - esperando limpieza, 3=VACIA - esperando limpieza}

[021098 ms] Mesa 3: LIBRE
CLIENTES {1=pagó y se retiró, 2=pagó y se retiró, 3=pagó y se retiró, 4=pagó y se retiró, 5=pagó y se retiró, 6=pagó y se retiró, 7=pagó y se retiró, 8=pagó y se retiró, 9=pagó y se retiró, 10=pagó y se retiró, 11=pagó y se retiró, 12=pagó y se retiró, 13=pagó y se retiró, 14=pagó y se retiró, 15=pagó y se retiró, 16=pagó y se retiró, 17=pagó y se retiró, 18=pagó y se retiró, 19=se retira: el restaurante cerró antes del pedido, 20=se retira: el restaurante cerró antes del pedido, 21=se retira: el restaurante cerró antes del pedido, 22=se retira: el restaurante cerró antes del pedido, 23=se retira por cierre antes de ingresar, 24=se retira por cierre antes de ingresar, 25=se retira por cierre antes de ingresar, 26=se retira por cierre antes de ingresar, 27=se retira por cierre antes de ingresar, 28=se retira por cierre antes de ingresar, 29=se retira por cierre antes de ingresar, 30=se retira por cierre antes de ingresar, 31=se retira por cierre antes de ingresar, 32=se retira por cierre antes de ingresar, 33=se retira por cierre antes de ingresar, 34=se retira por cierre antes de ingresar, 35=se retira por cierre antes de ingresar, 36=se retira por cierre antes de ingresar, 37=se retira por cierre antes de ingresar, 38=se retira por cierre antes de ingresar}
MOZOS {1=limpiando mesa 2, 2=limpiando mesa 3}
COCINEROS {1=plato Ensalada pronto para mesa 3, 2=plato Milanesa pronto para mesa 3}
CAJEROS {1=esperando clientes}
MESAS {1=LIBRE, 2=VACIA - esperando limpieza, 3=LIBRE}

[021098 ms] Mozo 2: esperando tareas
CLIENTES {1=pagó y se retiró, 2=pagó y se retiró, 3=pagó y se retiró, 4=pagó y se retiró, 5=pagó y se retiró, 6=pagó y se retiró, 7=pagó y se retiró, 8=pagó y se retiró, 9=pagó y se retiró, 10=pagó y se retiró, 11=pagó y se retiró, 12=pagó y se retiró, 13=pagó y se retiró, 14=pagó y se retiró, 15=pagó y se retiró, 16=pagó y se retiró, 17=pagó y se retiró, 18=pagó y se retiró, 19=se retira: el restaurante cerró antes del pedido, 20=se retira: el restaurante cerró antes del pedido, 21=se retira: el restaurante cerró antes del pedido, 22=se retira: el restaurante cerró antes del pedido, 23=se retira por cierre antes de ingresar, 24=se retira por cierre antes de ingresar, 25=se retira por cierre antes de ingresar, 26=se retira por cierre antes de ingresar, 27=se retira por cierre antes de ingresar, 28=se retira por cierre antes de ingresar, 29=se retira por cierre antes de ingresar, 30=se retira por cierre antes de ingresar, 31=se retira por cierre antes de ingresar, 32=se retira por cierre antes de ingresar, 33=se retira por cierre antes de ingresar, 34=se retira por cierre antes de ingresar, 35=se retira por cierre antes de ingresar, 36=se retira por cierre antes de ingresar, 37=se retira por cierre antes de ingresar, 38=se retira por cierre antes de ingresar}
MOZOS {1=limpiando mesa 2, 2=esperando tareas}
COCINEROS {1=plato Ensalada pronto para mesa 3, 2=plato Milanesa pronto para mesa 3}
CAJEROS {1=esperando clientes}
MESAS {1=LIBRE, 2=VACIA - esperando limpieza, 3=LIBRE}

[021121 ms] Mesa 2: LIBRE
CLIENTES {1=pagó y se retiró, 2=pagó y se retiró, 3=pagó y se retiró, 4=pagó y se retiró, 5=pagó y se retiró, 6=pagó y se retiró, 7=pagó y se retiró, 8=pagó y se retiró, 9=pagó y se retiró, 10=pagó y se retiró, 11=pagó y se retiró, 12=pagó y se retiró, 13=pagó y se retiró, 14=pagó y se retiró, 15=pagó y se retiró, 16=pagó y se retiró, 17=pagó y se retiró, 18=pagó y se retiró, 19=se retira: el restaurante cerró antes del pedido, 20=se retira: el restaurante cerró antes del pedido, 21=se retira: el restaurante cerró antes del pedido, 22=se retira: el restaurante cerró antes del pedido, 23=se retira por cierre antes de ingresar, 24=se retira por cierre antes de ingresar, 25=se retira por cierre antes de ingresar, 26=se retira por cierre antes de ingresar, 27=se retira por cierre antes de ingresar, 28=se retira por cierre antes de ingresar, 29=se retira por cierre antes de ingresar, 30=se retira por cierre antes de ingresar, 31=se retira por cierre antes de ingresar, 32=se retira por cierre antes de ingresar, 33=se retira por cierre antes de ingresar, 34=se retira por cierre antes de ingresar, 35=se retira por cierre antes de ingresar, 36=se retira por cierre antes de ingresar, 37=se retira por cierre antes de ingresar, 38=se retira por cierre antes de ingresar}
MOZOS {1=limpiando mesa 2, 2=esperando tareas}
COCINEROS {1=plato Ensalada pronto para mesa 3, 2=plato Milanesa pronto para mesa 3}
CAJEROS {1=esperando clientes}
MESAS {1=LIBRE, 2=LIBRE, 3=LIBRE}

[021121 ms] Mozo 1: esperando tareas
CLIENTES {1=pagó y se retiró, 2=pagó y se retiró, 3=pagó y se retiró, 4=pagó y se retiró, 5=pagó y se retiró, 6=pagó y se retiró, 7=pagó y se retiró, 8=pagó y se retiró, 9=pagó y se retiró, 10=pagó y se retiró, 11=pagó y se retiró, 12=pagó y se retiró, 13=pagó y se retiró, 14=pagó y se retiró, 15=pagó y se retiró, 16=pagó y se retiró, 17=pagó y se retiró, 18=pagó y se retiró, 19=se retira: el restaurante cerró antes del pedido, 20=se retira: el restaurante cerró antes del pedido, 21=se retira: el restaurante cerró antes del pedido, 22=se retira: el restaurante cerró antes del pedido, 23=se retira por cierre antes de ingresar, 24=se retira por cierre antes de ingresar, 25=se retira por cierre antes de ingresar, 26=se retira por cierre antes de ingresar, 27=se retira por cierre antes de ingresar, 28=se retira por cierre antes de ingresar, 29=se retira por cierre antes de ingresar, 30=se retira por cierre antes de ingresar, 31=se retira por cierre antes de ingresar, 32=se retira por cierre antes de ingresar, 33=se retira por cierre antes de ingresar, 34=se retira por cierre antes de ingresar, 35=se retira por cierre antes de ingresar, 36=se retira por cierre antes de ingresar, 37=se retira por cierre antes de ingresar, 38=se retira por cierre antes de ingresar}
MOZOS {1=esperando tareas, 2=esperando tareas}
COCINEROS {1=plato Ensalada pronto para mesa 3, 2=plato Milanesa pronto para mesa 3}
CAJEROS {1=esperando clientes}
MESAS {1=LIBRE, 2=LIBRE, 3=LIBRE}

[021145 ms] Cocinero 2: finalizado
CLIENTES {1=pagó y se retiró, 2=pagó y se retiró, 3=pagó y se retiró, 4=pagó y se retiró, 5=pagó y se retiró, 6=pagó y se retiró, 7=pagó y se retiró, 8=pagó y se retiró, 9=pagó y se retiró, 10=pagó y se retiró, 11=pagó y se retiró, 12=pagó y se retiró, 13=pagó y se retiró, 14=pagó y se retiró, 15=pagó y se retiró, 16=pagó y se retiró, 17=pagó y se retiró, 18=pagó y se retiró, 19=se retira: el restaurante cerró antes del pedido, 20=se retira: el restaurante cerró antes del pedido, 21=se retira: el restaurante cerró antes del pedido, 22=se retira: el restaurante cerró antes del pedido, 23=se retira por cierre antes de ingresar, 24=se retira por cierre antes de ingresar, 25=se retira por cierre antes de ingresar, 26=se retira por cierre antes de ingresar, 27=se retira por cierre antes de ingresar, 28=se retira por cierre antes de ingresar, 29=se retira por cierre antes de ingresar, 30=se retira por cierre antes de ingresar, 31=se retira por cierre antes de ingresar, 32=se retira por cierre antes de ingresar, 33=se retira por cierre antes de ingresar, 34=se retira por cierre antes de ingresar, 35=se retira por cierre antes de ingresar, 36=se retira por cierre antes de ingresar, 37=se retira por cierre antes de ingresar, 38=se retira por cierre antes de ingresar}
MOZOS {1=esperando tareas, 2=esperando tareas}
COCINEROS {1=plato Ensalada pronto para mesa 3, 2=finalizado}
CAJEROS {1=esperando clientes}
MESAS {1=LIBRE, 2=LIBRE, 3=LIBRE}

[021307 ms] Cajero 1: finalizado
CLIENTES {1=pagó y se retiró, 2=pagó y se retiró, 3=pagó y se retiró, 4=pagó y se retiró, 5=pagó y se retiró, 6=pagó y se retiró, 7=pagó y se retiró, 8=pagó y se retiró, 9=pagó y se retiró, 10=pagó y se retiró, 11=pagó y se retiró, 12=pagó y se retiró, 13=pagó y se retiró, 14=pagó y se retiró, 15=pagó y se retiró, 16=pagó y se retiró, 17=pagó y se retiró, 18=pagó y se retiró, 19=se retira: el restaurante cerró antes del pedido, 20=se retira: el restaurante cerró antes del pedido, 21=se retira: el restaurante cerró antes del pedido, 22=se retira: el restaurante cerró antes del pedido, 23=se retira por cierre antes de ingresar, 24=se retira por cierre antes de ingresar, 25=se retira por cierre antes de ingresar, 26=se retira por cierre antes de ingresar, 27=se retira por cierre antes de ingresar, 28=se retira por cierre antes de ingresar, 29=se retira por cierre antes de ingresar, 30=se retira por cierre antes de ingresar, 31=se retira por cierre antes de ingresar, 32=se retira por cierre antes de ingresar, 33=se retira por cierre antes de ingresar, 34=se retira por cierre antes de ingresar, 35=se retira por cierre antes de ingresar, 36=se retira por cierre antes de ingresar, 37=se retira por cierre antes de ingresar, 38=se retira por cierre antes de ingresar}
MOZOS {1=esperando tareas, 2=esperando tareas}
COCINEROS {1=plato Ensalada pronto para mesa 3, 2=finalizado}
CAJEROS {1=finalizado}
MESAS {1=LIBRE, 2=LIBRE, 3=LIBRE}

[021364 ms] Cocinero 1: finalizado
CLIENTES {1=pagó y se retiró, 2=pagó y se retiró, 3=pagó y se retiró, 4=pagó y se retiró, 5=pagó y se retiró, 6=pagó y se retiró, 7=pagó y se retiró, 8=pagó y se retiró, 9=pagó y se retiró, 10=pagó y se retiró, 11=pagó y se retiró, 12=pagó y se retiró, 13=pagó y se retiró, 14=pagó y se retiró, 15=pagó y se retiró, 16=pagó y se retiró, 17=pagó y se retiró, 18=pagó y se retiró, 19=se retira: el restaurante cerró antes del pedido, 20=se retira: el restaurante cerró antes del pedido, 21=se retira: el restaurante cerró antes del pedido, 22=se retira: el restaurante cerró antes del pedido, 23=se retira por cierre antes de ingresar, 24=se retira por cierre antes de ingresar, 25=se retira por cierre antes de ingresar, 26=se retira por cierre antes de ingresar, 27=se retira por cierre antes de ingresar, 28=se retira por cierre antes de ingresar, 29=se retira por cierre antes de ingresar, 30=se retira por cierre antes de ingresar, 31=se retira por cierre antes de ingresar, 32=se retira por cierre antes de ingresar, 33=se retira por cierre antes de ingresar, 34=se retira por cierre antes de ingresar, 35=se retira por cierre antes de ingresar, 36=se retira por cierre antes de ingresar, 37=se retira por cierre antes de ingresar, 38=se retira por cierre antes de ingresar}
MOZOS {1=esperando tareas, 2=esperando tareas}
COCINEROS {1=finalizado, 2=finalizado}
CAJEROS {1=finalizado}
MESAS {1=LIBRE, 2=LIBRE, 3=LIBRE}

[021399 ms] Mozo 2: finalizado
CLIENTES {1=pagó y se retiró, 2=pagó y se retiró, 3=pagó y se retiró, 4=pagó y se retiró, 5=pagó y se retiró, 6=pagó y se retiró, 7=pagó y se retiró, 8=pagó y se retiró, 9=pagó y se retiró, 10=pagó y se retiró, 11=pagó y se retiró, 12=pagó y se retiró, 13=pagó y se retiró, 14=pagó y se retiró, 15=pagó y se retiró, 16=pagó y se retiró, 17=pagó y se retiró, 18=pagó y se retiró, 19=se retira: el restaurante cerró antes del pedido, 20=se retira: el restaurante cerró antes del pedido, 21=se retira: el restaurante cerró antes del pedido, 22=se retira: el restaurante cerró antes del pedido, 23=se retira por cierre antes de ingresar, 24=se retira por cierre antes de ingresar, 25=se retira por cierre antes de ingresar, 26=se retira por cierre antes de ingresar, 27=se retira por cierre antes de ingresar, 28=se retira por cierre antes de ingresar, 29=se retira por cierre antes de ingresar, 30=se retira por cierre antes de ingresar, 31=se retira por cierre antes de ingresar, 32=se retira por cierre antes de ingresar, 33=se retira por cierre antes de ingresar, 34=se retira por cierre antes de ingresar, 35=se retira por cierre antes de ingresar, 36=se retira por cierre antes de ingresar, 37=se retira por cierre antes de ingresar, 38=se retira por cierre antes de ingresar}
MOZOS {1=esperando tareas, 2=finalizado}
COCINEROS {1=finalizado, 2=finalizado}
CAJEROS {1=finalizado}
MESAS {1=LIBRE, 2=LIBRE, 3=LIBRE}

[021423 ms] Mozo 1: finalizado
CLIENTES {1=pagó y se retiró, 2=pagó y se retiró, 3=pagó y se retiró, 4=pagó y se retiró, 5=pagó y se retiró, 6=pagó y se retiró, 7=pagó y se retiró, 8=pagó y se retiró, 9=pagó y se retiró, 10=pagó y se retiró, 11=pagó y se retiró, 12=pagó y se retiró, 13=pagó y se retiró, 14=pagó y se retiró, 15=pagó y se retiró, 16=pagó y se retiró, 17=pagó y se retiró, 18=pagó y se retiró, 19=se retira: el restaurante cerró antes del pedido, 20=se retira: el restaurante cerró antes del pedido, 21=se retira: el restaurante cerró antes del pedido, 22=se retira: el restaurante cerró antes del pedido, 23=se retira por cierre antes de ingresar, 24=se retira por cierre antes de ingresar, 25=se retira por cierre antes de ingresar, 26=se retira por cierre antes de ingresar, 27=se retira por cierre antes de ingresar, 28=se retira por cierre antes de ingresar, 29=se retira por cierre antes de ingresar, 30=se retira por cierre antes de ingresar, 31=se retira por cierre antes de ingresar, 32=se retira por cierre antes de ingresar, 33=se retira por cierre antes de ingresar, 34=se retira por cierre antes de ingresar, 35=se retira por cierre antes de ingresar, 36=se retira por cierre antes de ingresar, 37=se retira por cierre antes de ingresar, 38=se retira por cierre antes de ingresar}
MOZOS {1=finalizado, 2=finalizado}
COCINEROS {1=finalizado, 2=finalizado}
CAJEROS {1=finalizado}
MESAS {1=LIBRE, 2=LIBRE, 3=LIBRE}

[021423 ms] SIMULACION FINALIZADA
CLIENTES {1=pagó y se retiró, 2=pagó y se retiró, 3=pagó y se retiró, 4=pagó y se retiró, 5=pagó y se retiró, 6=pagó y se retiró, 7=pagó y se retiró, 8=pagó y se retiró, 9=pagó y se retiró, 10=pagó y se retiró, 11=pagó y se retiró, 12=pagó y se retiró, 13=pagó y se retiró, 14=pagó y se retiró, 15=pagó y se retiró, 16=pagó y se retiró, 17=pagó y se retiró, 18=pagó y se retiró, 19=se retira: el restaurante cerró antes del pedido, 20=se retira: el restaurante cerró antes del pedido, 21=se retira: el restaurante cerró antes del pedido, 22=se retira: el restaurante cerró antes del pedido, 23=se retira por cierre antes de ingresar, 24=se retira por cierre antes de ingresar, 25=se retira por cierre antes de ingresar, 26=se retira por cierre antes de ingresar, 27=se retira por cierre antes de ingresar, 28=se retira por cierre antes de ingresar, 29=se retira por cierre antes de ingresar, 30=se retira por cierre antes de ingresar, 31=se retira por cierre antes de ingresar, 32=se retira por cierre antes de ingresar, 33=se retira por cierre antes de ingresar, 34=se retira por cierre antes de ingresar, 35=se retira por cierre antes de ingresar, 36=se retira por cierre antes de ingresar, 37=se retira por cierre antes de ingresar, 38=se retira por cierre antes de ingresar}
MOZOS {1=finalizado, 2=finalizado}
COCINEROS {1=finalizado, 2=finalizado}
CAJEROS {1=finalizado}
MESAS {1=LIBRE, 2=LIBRE, 3=LIBRE}
